Div,Date,HomeTeam,AwayTeam,FTHG,FTAG,FTR,HTHG,HTAG,HTR,B365H,B365D,B365A,BWH,BWD,BWA,IWH,IWD,IWA,LBH,LBD,LBA,PSH,PSD,PSA,WHH,WHD,WHA,VCH,VCD,VCA,Bb1X2,BbMxH,BbAvH,BbMxD,BbAvD,BbMxA,BbAvA,BbOU,BbMx>2.5,BbAv>2.5,BbMx<2.5,BbAv<2.5,BbAH,BbAHh,BbMxAHH,BbAvAHH,BbMxAHA,BbAvAHA
F2,31/07/15,Ajaccio,Dijon,0,0,D,0,0,D,2.7,2.88,2.88,2.7,2.85,2.75,2.6,2.9,2.7,2.62,2.8,2.75,2.84,2.98,2.96,2.7,2.9,2.7,2.8,2.88,2.9,44,2.84,2.68,3.1,2.9,2.97,2.76,36,2.7,2.51,1.53,1.48,26,0,1.93,1.86,2,1.93
F2,31/07/15,Auxerre,Brest,0,0,D,0,0,D,2.35,2.9,3.4,2.45,2.9,3.1,2.4,2.9,2.9,2.3,2.8,3.3,2.43,3.01,3.56,2.45,2.88,3,2.4,2.88,3.5,44,2.46,2.37,3.01,2.88,3.56,3.22,36,2.89,2.66,1.5,1.43,25,-0.25,2.06,1.99,1.9,1.82
F2,31/07/15,Bourg Peronnas,Le Havre,1,3,A,1,1,D,2.5,2.9,3.1,2.6,2.85,2.9,2.6,2.9,2.7,2.5,2.88,2.9,2.67,3.05,3.1,2.45,2.9,3,2.6,3,3,43,2.65,2.51,3.1,2.95,3.15,2.92,37,2.5,2.32,1.63,1.56,25,0,1.82,1.77,2.12,2.03
F2,31/07/15,Clermont,Sochaux,0,0,D,0,0,D,2.5,2.9,3.1,2.5,2.9,3,2.5,2.9,2.8,2.4,2.8,2.9,2.66,2.98,3.19,2.5,2.9,2.9,2.63,2.9,3.1,44,2.64,2.5,3.1,2.91,3.22,2.96,36,2.63,2.49,1.56,1.49,26,0,1.8,1.75,2.15,2.06
F2,31/07/15,Nimes,Evian Thonon Gaillard,0,0,D,0,0,D,2.7,2.88,2.88,2.6,3,2.8,2.5,2.9,2.8,2.5,2.9,2.7,2.75,3.15,2.91,2.5,3,2.8,2.7,3,2.88,44,2.75,2.57,3.18,3,2.91,2.78,42,2.3,2.2,1.72,1.63,26,0,1.93,1.84,2.02,1.95
F2,31/07/15,Niort,Valenciennes,0,1,A,0,1,A,1.83,3.25,4.75,1.85,3.2,4.5,1.85,3,4.2,1.8,3.1,4.5,1.9,3.34,5.02,1.8,3.25,4.4,1.83,3.3,5,44,1.91,1.83,3.4,3.25,5.02,4.48,40,2.38,2.24,1.68,1.61,26,-0.5,1.89,1.83,2.05,1.98
F2,31/07/15,Paris FC,Laval,1,1,D,0,0,D,2.1,2.88,4.2,2.05,2.9,4,2.1,2.9,3.4,2.05,2.8,3.8,2.15,3.06,4.29,2.2,2.88,3.5,2.1,2.9,4.4,44,2.2,2.1,3.06,2.92,4.4,3.84,39,2.89,2.71,1.48,1.42,25,-0.25,1.82,1.76,2.14,2.06
F2,31/07/15,Red Star,Creteil,0,1,A,0,0,D,2.1,3.1,3.75,2.1,3.1,3.6,2.2,2.9,3.2,2.05,3,3.5,2.22,3.27,3.73,2.15,3.1,3.3,2.15,3.13,3.75,43,2.25,2.14,3.3,3.09,3.76,3.46,41,2.31,2.18,1.72,1.64,25,-0.25,1.91,1.83,2.07,1.98
F2,01/08/15,Metz,Lens,0,0,D,0,0,D,2.05,3.1,4,2,3.1,3.9,2,3,3.5,2,2.9,3.8,2.02,3.23,4.45,2,3.1,3.75,2.05,3.1,4.2,43,2.07,2.01,3.25,3.1,4.45,3.86,35,2.57,2.44,1.56,1.51,26,-0.5,2.08,2.01,1.88,1.8
F2,03/08/15,Nancy,Tours,0,0,D,0,0,D,1.8,3.25,5,1.83,3.2,4.6,1.85,3,4.2,1.73,3.1,5,1.8,3.38,5.6,1.83,3.25,4.2,1.87,3.25,4.8,40,1.85,1.78,3.5,3.27,5.6,4.72,34,2.3,2.19,1.71,1.62,23,-0.5,1.84,1.78,2.14,2.02
F2,07/08/15,Brest,Nimes,2,0,H,1,0,H,1.7,3.25,6,1.7,3.3,5.25,1.8,3,4.4,1.65,3.2,5.75,1.69,3.5,6.71,1.67,3.25,5.5,1.67,3.4,6.5,44,1.8,1.68,3.53,3.32,6.71,5.57,36,2.5,2.4,1.6,1.54,25,-0.75,1.96,1.91,1.98,1.91
F2,07/08/15,Creteil,Bourg Peronnas,2,1,H,1,0,H,2.2,3.1,3.5,2.1,2.95,3.75,2.2,2.9,3.2,2.05,3,3.6,2.11,3.33,3.99,2.05,3.1,3.4,2.1,3.2,3.9,43,2.2,2.08,3.33,3.14,3.99,3.59,41,2.28,2.18,1.71,1.64,24,-0.25,1.85,1.78,2.12,2.04
F2,07/08/15,Dijon,Niort,3,0,H,1,0,H,2,3.1,4.2,2.05,2.95,3.9,2,2.9,3.7,1.95,2.9,4.2,2.04,3.18,4.54,2,2.9,4,2,3.1,4.4,44,2.06,1.99,3.2,3.04,4.54,4.03,36,2.61,2.48,1.57,1.5,26,-0.5,2.07,2,1.88,1.82
F2,07/08/15,Evian Thonon Gaillard,Clermont,2,2,D,1,1,D,2.3,2.88,3.5,2.15,3,3.5,2,2.9,3.7,2.25,2.9,3.25,2.37,3.1,3.55,2.2,3,3.3,2.3,3,3.5,44,2.37,2.24,3.1,2.98,3.83,3.4,36,2.56,2.39,1.6,1.53,25,-0.25,2.01,1.94,1.94,1.88
F2,07/08/15,Laval,Nancy,0,1,A,0,0,D,2.9,3.1,2.5,2.8,2.9,2.65,2.8,2.8,2.6,2.9,2.8,2.5,3.1,2.98,2.72,3,2.8,2.5,3.1,2.88,2.63,44,3.1,2.93,3.1,2.9,2.72,2.55,36,2.72,2.57,1.5,1.47,26,0,2.12,2.03,1.84,1.78
F2,07/08/15,Le Havre,Ajaccio,1,0,H,0,0,D,1.83,3.2,4.8,1.85,3.2,4.4,1.85,3,4.2,1.8,3,4.5,1.87,3.34,5.25,1.8,3.2,4.4,1.83,3.13,5.4,42,1.88,1.82,3.34,3.17,5.4,4.68,34,2.75,2.53,1.56,1.49,24,-0.5,1.88,1.83,2.06,1.99
F2,07/08/15,Sochaux,Metz,0,1,A,0,1,A,2.45,2.88,3.25,2.5,2.9,3,2.5,2.9,2.8,2.38,2.8,3.1,2.55,3.02,3.31,2.45,2.88,3,2.45,2.88,3.4,44,2.55,2.45,3.03,2.9,3.4,3.08,36,2.75,2.6,1.53,1.46,25,-0.25,2.13,2.03,1.86,1.79
F2,07/08/15,Tours,Paris FC,0,0,D,0,0,D,2.5,3,3,2.4,3.1,2.9,2.4,2.8,3,2.4,2.88,2.9,2.6,3.08,3.13,2.5,3,2.8,2.55,3,3.13,44,2.66,2.5,3.15,2.96,3.13,2.94,36,2.52,2.38,1.6,1.54,26,0,1.81,1.74,2.17,2.08
F2,07/08/15,Valenciennes,Auxerre,0,0,D,0,0,D,2.4,3,3.2,2.35,3.1,3,2.3,2.8,3.1,2.4,2.8,3.1,2.54,3,3.35,2.3,3,3.1,2.5,2.9,3.25,44,2.54,2.4,3.1,2.95,3.35,3.09,36,2.64,2.42,1.55,1.52,25,-0.25,2.15,2.06,1.84,1.77
F2,08/08/15,Lens,Red Star,1,1,D,0,1,A,2.25,3.1,3.4,2.3,3,3.2,2.2,2.8,3.3,2.15,2.9,3.4,2.3,3.15,3.62,,,,2.25,3.1,3.5,39,2.32,2.2,3.2,3.07,3.62,3.37,33,2.35,2.26,1.65,1.6,26,-0.25,1.96,1.89,1.98,1.92
F2,14/08/15,Ajaccio,Evian Thonon Gaillard,1,1,D,1,1,D,2.45,2.9,3.2,2.4,2.95,3.1,2.2,2.9,3.2,2.4,2.7,3.1,2.6,2.9,3.38,2.38,2.8,3.2,2.5,2.88,3.3,44,2.6,2.42,3,2.87,3.5,3.16,35,2.8,2.67,1.5,1.45,26,-0.25,2.16,2.08,1.8,1.76
F2,14/08/15,Auxerre,Laval,2,3,A,0,0,D,1.91,3.2,4.33,1.95,3,4.2,1.9,3,4,1.95,2.8,4.33,2.02,3.02,5.01,1.91,3,4.2,2,3,4.6,44,2.02,1.95,3.2,3.01,5.01,4.28,35,2.83,2.66,1.5,1.45,27,-0.5,2.03,1.96,1.91,1.85
F2,14/08/15,Bourg Peronnas,Dijon,2,1,H,1,0,H,3.2,3,2.4,2.8,3,2.6,2.6,3,2.6,2.88,2.9,2.4,3.15,3.07,2.62,2.9,2.9,2.5,3.1,3,2.6,43,3.2,2.95,3.1,2.96,2.62,2.49,36,2.5,2.33,1.63,1.56,24,0,2.16,2.06,1.8,1.76
F2,14/08/15,Clermont,Nimes,1,0,H,0,0,D,1.7,3.3,5.75,1.75,3.4,4.6,1.8,3.1,4.2,1.7,3.2,5.25,1.75,3.45,6.13,1.73,3.3,4.8,1.73,3.4,6,44,1.8,1.72,3.5,3.3,6.13,5.19,37,2.42,2.31,1.61,1.57,26,-0.75,2.03,1.95,1.92,1.86
F2,14/08/15,Lens,Creteil,1,1,D,1,0,H,2.2,3.1,3.5,2.2,3.1,3.3,2.2,2.9,3.2,2.1,2.9,3.6,2.19,3.16,3.98,2.15,3,3.4,2.2,3.1,3.8,44,2.25,2.16,3.2,3.03,3.98,3.5,35,2.46,2.35,1.62,1.56,26,-0.25,1.89,1.83,2.06,1.98
F2,14/08/15,Niort,Sochaux,1,1,D,0,1,A,2.45,3,3.1,2.3,2.9,3.3,2.4,2.9,2.9,2.4,2.8,3,2.59,3.07,3.19,2.45,2.9,3,2.6,2.9,3.2,44,2.6,2.46,3.1,2.9,3.35,3.04,35,2.67,2.51,1.53,1.49,26,-0.25,2.2,2.11,1.8,1.74
F2,14/08/15,Paris FC,Le Havre,3,0,H,1,0,H,2.3,3,3.4,2.35,2.9,3.2,2.4,2.9,2.9,2.3,2.8,3.25,2.45,3.04,3.46,2.25,2.9,3.3,2.4,2.9,3.6,44,2.45,2.31,3.04,2.91,3.65,3.31,35,2.75,2.6,1.5,1.46,26,-0.25,2.07,1.98,1.89,1.84
F2,14/08/15,Red Star,Tours,1,1,D,1,0,H,1.95,3.3,4,1.95,3.2,3.9,2,2.9,3.7,2,3,3.8,2.1,3.23,4.18,1.85,3.2,4.2,2.1,3.13,4.2,38,2.1,2,3.3,3.13,4.35,3.88,35,2.5,2.35,1.6,1.55,27,-0.5,2.12,2.03,1.83,1.79
F2,15/08/15,Nancy,Brest,3,0,H,3,0,H,2.05,2.9,4.33,2.15,3,3.5,2,2.9,3.7,2,2.9,3.8,2.1,3.1,4.32,2.1,2.88,3.8,2.05,3,4.5,39,2.15,2.06,3.15,2.97,4.5,3.87,36,3,2.72,1.46,1.42,28,-0.5,2.15,2.06,1.83,1.77
F2,17/08/15,Metz,Valenciennes,2,0,H,0,0,D,1.75,3.2,5.5,1.85,3.25,4.33,1.9,3,4,1.73,3,5.25,1.8,3.23,6.07,1.83,3,4.75,1.8,3.2,5.75,41,1.9,1.78,3.33,3.15,6.07,5.03,34,2.8,2.63,1.5,1.45,23,-0.5,1.83,1.78,2.15,2.06
F2,21/08/15,Brest,Ajaccio,1,0,H,0,0,D,1.83,3.1,5,1.78,3.1,5,1.85,3,4.2,1.8,2.9,5,1.9,3.18,5.6,1.8,3,5,1.87,3.13,5.4,38,1.91,1.83,3.2,3.06,5.6,4.96,31,2.74,2.6,1.52,1.46,26,-0.5,1.9,1.84,2.03,1.97
F2,21/08/15,Creteil,Metz,1,2,A,1,0,H,2.7,2.9,2.88,2.75,2.9,2.7,2.5,2.9,2.8,2.62,2.75,2.8,2.92,2.93,2.92,2.62,2.9,2.75,2.9,3,2.75,38,2.92,2.69,3,2.89,2.96,2.77,31,2.6,2.42,1.56,1.53,25,0,1.94,1.87,2.01,1.94
F2,21/08/15,Dijon,Lens,2,0,H,1,0,H,1.85,3.25,4.6,1.9,3.2,4.1,1.9,3,4,1.8,3,4.5,1.85,3.33,5.4,1.85,3.2,4.2,1.87,3.3,5,37,1.9,1.82,3.33,3.21,5.4,4.62,33,2.38,2.3,1.64,1.58,25,-0.5,1.89,1.82,2.08,2
F2,21/08/15,Evian Thonon Gaillard,Niort,0,0,D,0,0,D,2.1,3.1,3.75,2.2,3,3.4,2,2.9,3.7,2.05,2.9,3.6,2.17,3.18,3.99,2.15,3,3.4,2.15,3.1,4,38,2.19,2.11,3.23,3.06,3.99,3.62,34,2.44,2.32,1.63,1.57,25,-0.25,1.85,1.81,2.08,2.01
F2,21/08/15,Laval,Red Star,2,1,H,0,1,A,2.45,2.9,3.2,2.4,2.95,3.1,2.3,2.8,3.1,2.3,2.8,3.2,2.49,2.98,3.46,2.38,2.8,3.2,2.45,2.9,3.5,38,2.53,2.38,3,2.89,3.6,3.21,31,2.85,2.67,1.5,1.44,25,-0.25,2.09,2.03,1.85,1.79
F2,21/08/15,Le Havre,Clermont,0,1,A,0,1,A,2.15,3,3.75,2.1,3,3.7,2.1,2.9,3.4,2.1,2.8,3.6,2.22,3.08,3.99,2.15,3,3.4,2.2,3.1,3.8,39,2.25,2.17,3.1,2.98,3.99,3.55,32,2.54,2.43,1.58,1.52,25,-0.25,1.9,1.85,2.04,1.97
F2,21/08/15,Sochaux,Paris FC,1,1,D,0,0,D,2,3.1,4.2,1.91,3,4.4,2,2.9,3.7,1.95,2.8,4.33,2.05,3.08,4.7,1.95,2.9,4.33,2.05,3,4.5,38,2.07,1.98,3.15,3,4.75,4.2,31,2.74,2.59,1.53,1.47,26,-0.5,2.07,1.99,1.88,1.82
F2,21/08/15,Tours,Auxerre,3,1,H,1,0,H,2.38,3.1,3.1,2.35,3.1,3,2.3,2.9,3,2.38,2.88,3,2.48,3.09,3.3,2.3,3,3.1,2.45,3.1,3.25,39,2.5,2.38,3.19,3.01,3.3,3.06,37,2.38,2.23,1.69,1.62,25,-0.25,2.13,2.04,1.83,1.78
F2,21/08/15,Valenciennes,Bourg Peronnas,1,1,D,1,1,D,2.38,3.1,3.1,2.2,3.1,3.3,2.2,2.9,3.2,2.38,2.8,3.1,2.55,3.06,3.26,2.25,3,3.2,2.5,3,3.25,37,2.55,2.39,3.11,2.98,3.4,3.09,31,2.5,2.31,1.64,1.57,24,-0.25,2.14,2.05,1.82,1.77
F2,22/08/15,Nimes,Nancy,2,2,D,1,1,D,4,3.2,2,3.5,3.25,2.05,3.7,2.9,2,3.8,3,1.95,4.22,3.17,2.09,4,3.1,1.95,4.33,3.1,2.05,39,4.33,3.93,3.25,3.08,2.09,1.99,33,2.66,2.46,1.54,1.5,26,0.5,1.87,1.82,2.09,2
F2,28/08/15,Ajaccio,Tours,1,2,A,1,0,H,2.15,3,3.75,2.2,3,3.5,2.3,2.8,3.1,2.1,2.9,3.6,2.23,3.11,3.91,2.15,3,3.4,2.25,3,3.9,37,2.3,2.15,3.11,2.97,4.04,3.63,28,2.63,2.54,1.51,1.48,23,-0.25,1.89,1.83,2.08,2.01
F2,28/08/15,Auxerre,Nimes,1,0,H,1,0,H,1.83,3.25,4.75,1.83,3.2,4.75,1.7,3.2,4.7,1.85,3,4.5,1.92,3.22,5.16,1.8,3.2,4.5,1.9,3.3,4.8,37,1.92,1.83,3.3,3.19,5.16,4.57,31,2.42,2.34,1.62,1.56,24,-0.5,1.93,1.87,2.01,1.96
F2,28/08/15,Bourg Peronnas,Sochaux,2,1,H,1,1,D,2.8,2.9,2.75,2.75,2.9,2.85,2.5,2.8,2.9,2.62,2.75,2.75,2.95,2.89,2.95,2.6,2.8,2.88,2.88,2.9,2.88,36,2.95,2.72,3,2.85,2.95,2.78,28,2.76,2.57,1.5,1.47,23,0,1.97,1.9,1.98,1.91
F2,28/08/15,Clermont,Nancy,1,2,A,0,0,D,2.63,2.9,2.9,2.65,2.8,3,2.6,2.8,2.8,2.62,2.8,2.75,2.86,2.96,2.96,2.6,2.88,2.8,2.88,2.9,2.9,37,2.88,2.66,2.96,2.87,3,2.83,28,2.61,2.51,1.52,1.49,24,0,1.93,1.86,2.02,1.95
F2,28/08/15,Dijon,Creteil,4,1,H,2,0,H,1.67,3.5,5.5,1.7,3.3,5.5,1.7,3.2,4.7,1.65,3.3,5.25,1.7,3.63,6.2,1.65,3.5,5,1.67,3.6,6,37,1.7,1.66,3.63,3.46,6.2,5.38,34,2.11,2.04,1.85,1.75,23,-0.75,1.92,1.88,2.02,1.95
F2,28/08/15,Niort,Laval,0,1,A,0,0,D,2.2,3,3.6,2.2,2.9,3.7,2.2,2.8,3.3,2.2,2.75,3.5,2.33,2.93,3.92,2.05,3,3.75,2.3,3,3.75,37,2.35,2.21,3.05,2.92,3.92,3.54,28,2.7,2.57,1.5,1.47,23,-0.25,1.97,1.9,1.98,1.92
F2,28/08/15,Paris FC,Brest,1,1,D,0,1,A,2.38,2.9,3.3,2.4,2.75,3.5,2.5,2.8,2.9,2.38,2.62,3.3,2.53,2.83,3.58,2.3,2.88,3.25,2.45,2.88,3.5,37,2.53,2.38,2.95,2.83,3.6,3.29,32,3,2.82,1.45,1.4,23,-0.25,2.1,2.02,1.85,1.82
F2,28/08/15,Red Star,Valenciennes,1,5,A,0,1,A,2,3.2,4,2,2.85,4.5,2.1,2.9,3.4,1.95,2.9,4,2.08,3.04,4.62,1.95,3.1,4,2.05,3.1,4.33,36,2.1,1.99,3.2,3.04,4.65,4.07,28,2.6,2.51,1.54,1.49,24,-0.5,2.08,2.01,1.88,1.82
F2,29/08/15,Metz,Evian Thonon Gaillard,2,1,H,1,0,H,1.8,3.4,4.75,1.83,3,5,1.9,3,4,1.75,3.1,4.75,1.83,3.34,5.45,1.8,3.1,4.75,1.8,3.3,5.4,37,1.9,1.79,3.4,3.22,5.45,4.74,28,2.51,2.41,1.56,1.52,24,-0.5,1.84,1.8,2.1,2.03
F2,31/08/15,Lens,Le Havre,0,4,A,0,3,A,2.5,3,3,2.5,2.9,3,2.5,2.8,2.9,2.4,2.75,3.1,2.53,2.95,3.38,2.45,2.9,3,2.5,3,3.25,34,2.53,2.43,3.09,2.92,3.38,3.06,27,2.53,2.43,1.55,1.51,21,-0.25,2.15,2.08,1.82,1.77
F2,11/09/15,Clermont,Paris FC,1,1,D,0,1,A,2.25,2.9,3.6,2.25,2.85,3.5,2.2,2.9,3.2,2.3,2.8,3.6,2.4,2.95,3.69,2.2,2.9,3.4,2.38,2.9,3.6,37,2.4,2.28,3.03,2.9,3.7,3.41,26,2.7,2.58,1.5,1.46,24,-0.25,2.02,1.96,1.92,1.87
F2,11/09/15,Evian Thonon Gaillard,Auxerre,4,0,H,1,0,H,2.38,2.9,3.3,2.4,2.9,3.1,2.3,2.9,3,2.38,2.8,3.4,2.55,2.95,3.42,2.25,3,3.2,2.5,2.9,3.4,37,2.55,2.37,3.03,2.91,3.5,3.22,26,2.65,2.52,1.53,1.48,24,-0.25,2.12,2.04,1.89,1.8
F2,11/09/15,Laval,Metz,0,1,A,0,0,D,2.4,2.88,3.3,2.5,2.75,3.2,2.5,2.9,2.8,2.4,2.8,3.3,2.55,2.9,3.46,2.38,2.88,3.1,2.5,2.9,3.4,37,2.6,2.45,2.94,2.84,3.46,3.16,26,2.75,2.62,1.49,1.46,24,-0.25,2.17,2.06,1.84,1.78
F2,11/09/15,Le Havre,Red Star,0,2,A,0,1,A,1.95,3.3,4,1.85,3.2,4.4,1.65,3.3,4.9,1.95,3,4.2,2,3.22,4.64,1.95,2.9,4.33,2,3.25,4.3,36,2.01,1.92,3.3,3.14,5,4.27,31,2.35,2.21,1.69,1.64,25,-0.5,2.02,1.95,2.04,1.87
F2,11/09/15,Nancy,Niort,1,1,D,0,0,D,1.5,3.8,7.5,1.53,3.6,6.75,1.6,3.4,5.2,1.5,3.75,7,1.55,3.99,7.67,1.55,3.6,6,1.5,4,8,37,1.6,1.51,4.05,3.78,7.67,6.81,31,2.25,2.14,1.78,1.68,26,-1,2.06,1.92,1.97,1.9
F2,11/09/15,Nimes,Ajaccio,0,0,D,0,0,D,2.4,3,3.2,2.5,2.85,3,2.4,2.9,2.9,2.4,2.8,3.3,2.53,3,3.38,2.5,2.9,2.9,2.45,3,3.4,37,2.53,2.42,3.05,2.93,3.38,3.11,26,2.6,2.5,1.53,1.5,24,-0.25,2.11,2.05,1.84,1.79
F2,11/09/15,Sochaux,Creteil,0,3,A,0,2,A,1.85,3.3,4.5,1.95,3.25,3.9,1.9,3,4,1.91,3.1,4.33,1.97,3.34,4.59,1.85,3.2,4.2,1.93,3.3,4.6,37,1.98,1.89,3.35,3.22,4.76,4.22,31,2.28,2.19,1.72,1.65,25,-0.5,2,1.93,1.97,1.9
F2,11/09/15,Tours,Bourg Peronnas,0,1,A,0,0,D,2.25,3,3.5,2.25,3,3.3,2.2,2.9,3.2,2.3,2.9,3.3,2.37,3.18,3.46,2.15,3.1,3.3,2.38,3.13,3.3,36,2.38,2.26,3.25,3.05,3.5,3.27,29,2.25,2.18,1.74,1.65,23,-0.25,2.02,1.95,1.93,1.87
F2,12/09/15,Valenciennes,Dijon,1,3,A,0,2,A,3.1,3.1,2.38,3.2,2.85,2.4,2.8,3,2.4,3.2,2.9,2.4,3.24,3.19,2.48,3.1,3.1,2.25,3.2,3.13,2.45,36,3.33,3.11,3.2,3.05,2.48,2.34,27,2.25,2.17,1.73,1.65,23,0.25,1.84,1.8,2.11,2.03
F2,14/09/15,Brest,Lens,2,1,H,1,0,H,1.8,3.3,4.75,1.85,3,4.75,1.9,3,4,1.85,3,5.25,1.93,3.22,4.93,1.8,3,5,1.9,3.13,5.2,34,1.93,1.85,3.3,3.09,5.25,4.64,24,2.77,2.66,1.48,1.44,22,-0.5,1.94,1.87,2.02,1.95
F2,18/09/15,Ajaccio,Laval,0,0,D,0,0,D,2.38,3,3.25,2.4,2.75,3.3,2.4,2.8,3,2.4,2.8,3.4,2.54,2.88,3.51,2.3,2.88,3.25,2.45,2.88,3.4,39,2.54,2.39,3,2.87,3.51,3.25,29,2.83,2.69,1.46,1.44,24,-0.25,2.1,2.03,1.85,1.81
F2,18/09/15,Auxerre,Clermont,1,0,H,0,0,D,2.1,3,4,2.1,2.9,3.8,2.1,2.9,3.4,2.15,2.9,3.8,2.21,3.12,3.96,2,2.9,4,2.15,3.1,3.8,39,2.24,2.11,3.2,3.02,4,3.68,31,2.62,2.38,1.6,1.54,24,-0.25,1.88,1.83,2.06,2.01
F2,18/09/15,Bourg Peronnas,Brest,3,1,H,1,0,H,2.38,3,3.25,2.5,2.8,3.1,2.5,2.8,2.9,2.4,2.9,3.1,2.56,3.05,3.29,2.5,3,2.8,2.45,3,3.25,38,2.56,2.44,3.11,2.96,3.29,3.04,29,2.51,2.4,1.56,1.54,23,-0.25,2.14,2.06,1.84,1.78
F2,18/09/15,Creteil,Valenciennes,0,1,A,0,0,D,2.1,3.1,3.8,2.15,2.95,3.6,2.2,2.8,3.3,2.2,3,3.6,2.25,3.09,3.88,2.15,3.1,3.3,2.2,3.13,3.6,39,2.25,2.15,3.18,3.06,3.88,3.53,35,2.3,2.19,1.72,1.65,24,-0.25,1.91,1.85,2.04,1.98
F2,18/09/15,Dijon,Le Havre,2,1,H,0,1,A,1.85,3.2,4.75,1.85,3,4.75,1.9,3,4,1.83,3.2,4.75,1.86,3.29,5.44,1.8,3.3,4.33,1.83,3.3,5,39,1.87,1.83,3.35,3.22,5.44,4.62,35,2.3,2.21,1.71,1.64,25,-0.5,1.88,1.83,2.06,1.99
F2,18/09/15,Lens,Tours,1,1,D,1,0,H,2.2,3.1,3.5,2.2,2.9,3.6,2.2,2.8,3.3,2.15,3,3.6,2.2,3.26,3.79,2.05,3,3.75,2.2,3.1,3.7,39,2.21,2.13,3.26,3.07,3.9,3.55,33,2.48,2.33,1.63,1.57,24,-0.25,1.9,1.85,2.04,1.98
F2,18/09/15,Metz,Nancy,0,0,D,0,0,D,3,2.88,2.6,2.75,2.8,2.75,2.8,2.8,2.6,3,2.8,2.62,3.08,2.86,2.86,2.8,2.88,2.6,2.63,2.9,2.8,39,3.08,2.87,2.95,2.84,2.86,2.65,29,2.76,2.65,1.49,1.45,24,0,2.07,1.99,1.88,1.83
F2,18/09/15,Niort,Nimes,1,0,H,0,0,D,2,3.1,4.2,2.1,2.9,3.9,2.2,2.8,3.3,2,3.1,4,2.07,3.3,4.2,2,3.2,3.6,2.05,3.13,4.1,39,2.1,2.02,3.3,3.13,4.3,3.81,31,2.43,2.29,1.68,1.6,25,-0.5,2.09,2.03,1.86,1.8
F2,18/09/15,Red Star,Sochaux,0,0,D,0,0,D,2.25,3.1,3.4,2.25,2.9,3.4,2.3,2.8,3.1,2.25,2.9,3.6,2.37,2.98,3.72,2.25,2.9,3.3,2.3,3,3.6,39,2.37,2.25,3.1,2.97,3.72,3.38,29,2.59,2.48,1.53,1.5,24,-0.25,1.99,1.93,1.95,1.9
F2,19/09/15,Paris FC,Evian Thonon Gaillard,0,0,D,0,0,D,2.1,3.1,3.75,2.2,2.85,3.7,2.2,2.8,3.3,2.15,2.88,4,2.2,3,4.17,2.05,3,3.75,2.15,3,4.1,38,2.2,2.11,3.1,2.97,4.17,3.72,29,2.77,2.66,1.48,1.45,23,-0.25,1.85,1.8,2.11,2.03
F2,21/09/15,Valenciennes,Lens,0,1,A,0,1,A,2.4,3.2,3,2.45,2.85,3.1,2.3,2.8,3.1,2.5,2.9,3.1,2.62,3.02,3.21,2.45,2.9,3,2.5,2.9,3.25,32,2.62,2.44,3.2,2.94,3.25,3.03,19,2.62,2.47,1.54,1.5,19,0,1.76,1.71,2.25,2.16
F2,22/09/15,Brest,Niort,1,1,D,1,1,D,1.95,3.2,4.2,1.95,3.1,4.1,1.9,3,4,1.95,3,4.5,2.01,3.16,4.73,1.91,3,4.33,2,3.1,4.4,39,2.03,1.93,3.23,3.07,4.76,4.24,28,2.56,2.46,1.55,1.51,25,-0.5,2.04,1.96,1.93,1.86
F2,22/09/15,Clermont,Ajaccio,2,1,H,2,0,H,2,3,4.33,1.95,2.95,4.4,1.9,3,4,1.95,2.9,4.75,1.97,3.03,5.3,2,2.9,4,2,3,4.6,39,2,1.95,3.05,2.95,5.3,4.42,30,2.86,2.73,1.44,1.42,25,-0.5,2.05,1.96,1.94,1.87
F2,22/09/15,Evian Thonon Gaillard,Red Star,0,1,A,0,0,D,2.38,3,3.2,2.4,2.8,3.25,2.4,2.8,3,2.3,2.9,3.3,2.35,3.13,3.58,2.38,3,3,2.38,3,3.4,38,2.43,2.31,3.13,2.99,3.58,3.21,28,2.45,2.39,1.6,1.54,24,-0.25,2.03,1.97,1.92,1.85
F2,22/09/15,Laval,Bourg Peronnas,1,3,A,0,2,A,2.25,3,3.5,2.25,2.85,3.5,2.4,2.8,3,2.25,2.9,3.4,2.4,3.02,3.6,2.25,2.9,3.3,2.38,2.9,3.5,38,2.41,2.29,3.05,2.92,3.6,3.33,28,2.7,2.61,1.5,1.46,23,-0.25,2.02,1.95,1.93,1.87
F2,22/09/15,Le Havre,Metz,1,1,D,1,1,D,2.1,3,4,2.2,2.85,3.6,2.4,2.8,3,2.15,3,3.75,2.17,3.17,4.01,2.25,2.9,3.3,2.15,3,3.9,39,2.4,2.15,3.17,2.99,4.01,3.58,28,2.62,2.42,1.59,1.52,24,-0.25,1.88,1.84,2.07,1.99
F2,22/09/15,Nancy,Auxerre,0,1,A,0,0,D,1.67,3.2,6.5,1.67,3.2,6,1.75,3.1,4.5,1.65,3.3,6,1.66,3.5,7.33,1.73,3.2,5,1.67,3.4,6.25,39,1.75,1.65,3.5,3.33,7.33,5.87,31,2.42,2.34,1.61,1.56,24,-0.75,1.97,1.88,2.03,1.95
F2,22/09/15,Nimes,Paris FC,1,1,D,0,1,A,2.8,2.88,2.75,2.7,2.8,2.8,2.8,2.8,2.6,2.8,2.9,2.75,2.93,2.99,2.87,2.75,2.8,2.7,2.88,2.9,2.8,39,2.93,2.76,2.99,2.86,2.9,2.72,28,2.64,2.54,1.51,1.48,25,0,1.98,1.91,1.97,1.9
F2,22/09/15,Sochaux,Dijon,0,1,A,0,0,D,2.88,3,2.6,2.85,2.8,2.7,2.8,2.8,2.6,2.9,2.9,2.62,3.09,3.04,2.68,2.8,3,2.5,2.88,3,2.7,38,3.09,2.85,3.11,2.94,2.7,2.58,31,2.54,2.4,1.59,1.54,24,0,2.11,2,1.91,1.81
F2,22/09/15,Tours,Creteil,1,2,A,0,1,A,2.2,3.1,3.5,2.2,3,3.4,2.3,2.8,3.1,2.2,3,3.5,2.19,3.27,3.8,2.2,3.1,3.2,2.2,3.2,3.6,39,2.3,2.16,3.29,3.1,3.8,3.4,34,2.15,2.02,1.87,1.77,24,-0.25,1.9,1.86,2.04,1.97
F2,25/09/15,Ajaccio,Auxerre,1,0,H,1,0,H,2.38,2.88,3.4,2.5,2.75,3.2,2.5,2.8,2.9,2.4,2.8,3.4,2.49,2.94,3.52,2.5,2.8,3,2.5,2.9,3.4,41,2.55,2.43,2.95,2.82,3.52,3.22,30,2.8,2.65,1.48,1.45,24,-0.25,2.11,2.04,1.85,1.79
F2,25/09/15,Bourg Peronnas,Evian Thonon Gaillard,0,2,A,0,0,D,2.2,3.1,3.4,2.2,2.9,3.6,2.3,2.9,3,2.25,2.9,3.4,2.33,3.13,3.6,2.2,3,3.3,2.3,3.1,3.6,40,2.38,2.23,3.13,2.98,3.75,3.39,31,2.5,2.38,1.6,1.54,23,-0.25,1.99,1.93,1.95,1.9
F2,25/09/15,Creteil,Le Havre,2,1,H,1,0,H,2.5,3,3,2.55,3,2.85,2.4,2.9,2.9,2.6,3,2.8,2.72,3.13,2.97,2.5,3,2.8,2.7,3.1,2.88,41,2.75,2.56,3.13,2.97,3,2.85,35,2.31,2.22,1.69,1.63,25,0,1.89,1.82,2.06,1.99
F2,25/09/15,Lens,Sochaux,1,0,H,0,0,D,2.25,2.9,3.6,2.25,2.9,3.4,2.3,2.9,3,2.3,2.88,3.4,2.45,3,3.53,2.38,2.8,3.4,2.2,3,3.7,41,2.45,2.29,3,2.89,3.73,3.39,30,2.64,2.54,1.55,1.48,24,-0.25,2.04,1.97,1.92,1.86
F2,25/09/15,Metz,Nimes,1,2,A,1,0,H,1.75,3.4,5,1.75,3.2,5,1.65,3.3,4.9,1.73,3.4,5,1.76,3.64,5.45,1.73,3.3,5,1.73,3.6,5.5,41,1.8,1.72,3.64,3.4,5.52,4.95,35,2.2,2.09,1.79,1.71,24,-0.75,2.01,1.96,1.93,1.87
F2,25/09/15,Niort,Clermont,1,1,D,0,0,D,2.55,2.9,3,2.5,2.85,3,2.4,2.9,2.9,2.5,2.9,2.9,2.65,3.06,3.12,2.38,2.9,3.1,2.7,3,3,41,2.72,2.51,3.06,2.92,3.22,2.97,30,2.5,2.4,1.58,1.54,25,0,1.86,1.79,2.11,2.03
F2,25/09/15,Red Star,Brest,1,0,H,0,0,D,2.1,3,3.9,2.2,2.95,3.5,2.2,2.9,3.2,2.1,2.9,3.8,2.19,3.04,4.18,2.1,2.88,3.75,2.15,3,4.1,40,2.22,2.12,3.05,2.93,4.18,3.8,30,2.88,2.72,1.45,1.43,24,-0.25,1.85,1.8,2.11,2.03
F2,25/09/15,Valenciennes,Tours,0,0,D,0,0,D,2.45,3.1,3,2.45,3,2.95,2.2,2.9,3.2,2.5,2.9,3.1,2.6,3.05,3.19,2.5,2.8,3.1,2.5,3.1,3.2,41,2.6,2.45,3.1,2.94,3.3,3.04,34,2.5,2.35,1.62,1.56,24,-0.25,2.19,2.12,1.78,1.74
F2,26/09/15,Dijon,Laval,2,0,H,2,0,H,1.62,3.4,6.5,1.62,3.3,6.25,1.6,3.4,5.2,1.62,3.4,6,1.66,3.55,7.06,1.6,3.5,5.5,1.67,3.6,6.25,38,1.68,1.62,3.6,3.39,7.06,6.01,34,2.2,2.1,1.77,1.7,23,-0.75,1.92,1.84,2.05,1.98
F2,28/09/15,Paris FC,Nancy,1,1,D,1,0,H,3.3,2.88,2.4,3.1,2.9,2.45,3,2.8,2.4,3.25,2.8,2.4,3.52,2.86,2.55,3.1,2.8,2.45,3.4,2.9,2.5,38,3.52,3.18,2.95,2.84,2.55,2.41,28,2.88,2.69,1.45,1.43,22,0.25,1.85,1.77,2.13,2.06
F2,02/10/15,Auxerre,Paris FC,2,0,H,1,0,H,2,3.1,4.2,2.1,2.9,4.5,2.2,2.9,3.2,2.05,2.9,4,2.13,3.06,4.38,2,2.9,4,2.1,3,4.33,42,2.2,2.06,3.1,2.95,4.5,3.98,30,2.77,2.66,1.47,1.44,25,-0.5,2.13,2.06,1.84,1.78
F2,02/10/15,Clermont,Bourg Peronnas,3,2,H,1,0,H,2.1,3.1,3.75,2.15,3.1,3.9,2.3,2.9,3,2.2,3,3.5,2.24,3.17,3.79,2.15,3.1,3.3,2.25,3.1,3.7,42,2.3,2.17,3.18,3.04,3.9,3.49,34,2.49,2.34,1.61,1.56,22,-0.25,1.92,1.87,2.02,1.95
F2,02/10/15,Evian Thonon Gaillard,Lens,2,1,H,2,0,H,2.15,3,3.75,2.2,3,3.4,2.2,2.9,3.2,2.2,2.9,3.6,2.28,3.06,3.82,2.15,3,3.4,2.25,3,3.8,42,2.28,2.19,3.1,2.98,3.85,3.5,31,2.64,2.49,1.53,1.5,23,-0.25,1.93,1.88,2.03,1.95
F2,02/10/15,Laval,Creteil,3,2,H,2,0,H,2.1,3,4,2.15,2.95,3.6,2.1,2.9,3.4,2.05,3.2,3.6,2.15,3.21,4.01,2.15,3,3.4,2.15,3.2,3.9,42,2.18,2.09,3.3,3.1,4.01,3.64,34,2.38,2.25,1.68,1.61,23,-0.25,1.85,1.8,2.09,2.04
F2,02/10/15,Le Havre,Niort,0,0,D,0,0,D,1.85,3.1,5,1.91,3.1,4.2,1.9,3,4,1.85,3,4.75,1.93,3.21,5.13,1.91,3,4.33,1.87,3.25,5.2,42,1.95,1.87,3.25,3.1,5.2,4.51,31,2.55,2.48,1.55,1.5,23,-0.5,1.97,1.87,2.04,1.95
F2,02/10/15,Nancy,Ajaccio,3,0,H,1,0,H,1.57,3.5,7,1.55,3.6,6.25,1.55,3.4,5.8,1.65,3.5,5.75,1.68,3.65,6.4,1.57,3.5,6,1.65,3.6,6.5,43,1.68,1.61,3.7,3.5,7.5,5.97,35,2.42,2.29,1.66,1.59,23,-0.75,1.89,1.83,2.05,2
F2,02/10/15,Nimes,Red Star,1,1,D,0,0,D,2.45,2.88,3.25,2.65,2.95,2.75,2.7,2.9,2.6,2.4,3,3,2.61,3.1,3.13,2.5,2.9,2.9,2.6,3,3.1,42,2.7,2.5,3.1,2.96,3.25,2.94,31,2.55,2.39,1.6,1.54,24,-0.25,2.23,2.14,1.78,1.72
F2,02/10/15,Sochaux,Valenciennes,1,0,H,0,0,D,2,3,4.33,1.95,3.1,4.1,1.9,3,4,2,2.9,4.33,2.04,3.12,4.72,1.91,2.9,4.5,2,3,4.75,42,2.06,1.97,3.2,3,4.75,4.23,32,2.8,2.68,1.5,1.44,23,-0.5,2.05,1.99,1.9,1.84
F2,03/10/15,Brest,Metz,1,1,D,1,0,H,2.25,3,3.5,2.3,3,3.2,2.3,2.9,3,2.3,2.9,3.3,2.46,2.97,3.55,2.38,2.8,3.2,2.45,2.9,3.5,42,2.46,2.34,3.1,2.91,3.55,3.24,31,2.85,2.66,1.48,1.44,22,-0.25,2.07,2.01,1.89,1.83
F2,05/10/15,Tours,Dijon,1,0,H,0,0,D,3.2,3,2.38,2.95,3,2.45,3,2.9,2.3,3.2,3,2.3,3.41,3.04,2.49,3.1,3,2.3,3.13,3.1,2.45,39,3.41,3.11,3.1,2.98,2.49,2.36,29,2.46,2.38,1.58,1.54,21,0.25,1.86,1.8,2.08,2.03
F2,16/10/15,Bourg Peronnas,Nimes,4,2,H,1,0,H,2,3.3,3.75,2,3.1,3.9,1.85,3,4.2,2.05,3.2,3.8,2.12,3.35,3.91,1.85,3.2,4.2,2.05,3.25,4,43,2.14,2.02,3.35,3.19,4.2,3.74,37,2.31,2.21,1.7,1.64,24,-0.5,2.12,2.04,1.84,1.79
F2,16/10/15,Creteil,Brest,0,2,A,0,1,A,2.35,3.1,3.2,2.35,3,3.1,2.4,2.9,2.9,2.3,3,3.25,2.47,3.19,3.26,2.25,3,3.2,2.4,3.13,3.3,44,2.49,2.35,3.2,3.04,3.3,3.1,37,2.3,2.18,1.73,1.65,24,-0.25,2.09,2.02,1.86,1.82
F2,16/10/15,Metz,Clermont,2,2,D,0,2,A,2.15,3.1,3.6,2.2,3.1,3.3,2.1,2.9,3.4,2.2,3,3.5,2.28,3.19,3.67,2.2,2.9,3.5,2.25,3.13,3.6,44,2.32,2.19,3.19,3.03,3.7,3.43,37,2.4,2.22,1.71,1.62,24,-0.25,1.96,1.89,1.98,1.94
F2,16/10/15,Niort,Auxerre,2,3,A,1,3,A,2.45,2.88,3.2,2.6,2.75,3,2.5,2.9,2.8,2.5,2.8,3.2,2.68,2.89,3.27,2.5,2.8,3,2.55,2.9,3.3,44,2.68,2.53,2.95,2.84,3.3,3.05,33,2.74,2.6,1.5,1.46,24,-0.25,2.2,2.12,1.79,1.74
F2,16/10/15,Paris FC,Ajaccio,0,0,D,0,0,D,2.3,3,3.4,2.4,2.95,3.1,2.1,2.9,3.4,2.4,2.8,3.3,2.52,2.94,3.48,2.38,2.8,3.2,2.5,2.9,3.4,44,2.52,2.39,3,2.87,3.6,3.23,34,2.8,2.68,1.46,1.44,24,-0.25,2.11,2.04,1.84,1.79
F2,16/10/15,Red Star,Nancy,0,1,A,0,1,A,3.5,3,2.25,3.2,2.85,2.4,3,2.9,2.3,3.4,2.9,2.25,3.69,3.06,2.34,3,2.8,2.5,3.7,2.9,2.38,43,3.7,3.35,3.06,2.92,2.5,2.3,33,2.82,2.67,1.48,1.44,24,0.25,1.94,1.89,1.99,1.93
F2,16/10/15,Sochaux,Tours,0,0,D,0,0,D,2.2,3,3.6,2.05,3.1,3.7,2,3,3.6,2.25,2.9,3.5,2.36,3.06,3.62,2.25,2.9,3.3,2.38,3,3.5,44,2.38,2.21,3.1,2.98,3.9,3.5,33,2.68,2.5,1.54,1.49,24,-0.25,2.01,1.95,1.93,1.88
F2,16/10/15,Valenciennes,Le Havre,0,1,A,0,1,A,2.88,3,2.63,2.8,2.85,2.7,2.5,2.9,2.8,2.8,2.9,2.62,2.94,3.09,2.73,2.7,3,2.6,2.9,3,2.75,44,2.94,2.78,3.16,2.96,2.8,2.63,33,2.5,2.36,1.6,1.55,25,0,2.03,1.96,1.92,1.85
F2,17/10/15,Dijon,Evian Thonon Gaillard,1,3,A,1,1,D,1.73,3.4,5.25,1.72,3.3,5,1.7,3.2,4.7,1.73,3.3,5.25,1.76,3.49,5.85,1.73,3.4,4.6,1.75,3.5,5.5,43,1.78,1.71,3.5,3.36,5.85,5.08,37,2.25,2.15,1.72,1.67,24,-0.75,2.06,1.98,1.9,1.85
F2,19/10/15,Lens,Laval,1,1,D,0,1,A,2.1,3,4,2.15,3,3.6,2.2,3,3.1,2.2,2.9,3.6,2.28,3.02,3.91,2.15,3.1,3.3,2.25,3.1,3.7,41,2.28,2.16,3.1,3,4,3.52,31,2.56,2.38,1.58,1.54,22,-0.25,1.92,1.86,2.02,1.96
F2,23/10/15,Ajaccio,Metz,0,1,A,0,0,D,2.4,3,3.2,2.4,3,3,2.6,3,2.6,2.38,2.9,3.3,2.5,3.02,3.39,2.5,2.8,3,2.6,3,2.9,41,2.6,2.43,3.02,2.93,3.39,3.11,31,2.8,2.64,1.48,1.45,23,-0.25,2.13,2.07,1.83,1.78
F2,23/10/15,Auxerre,Red Star,0,1,A,0,1,A,2.05,3.1,4,2.1,2.95,3.8,2,2.9,3.7,2.1,2.9,3.8,2.21,3.07,4.03,2,2.9,4,2.2,3,4,41,2.21,2.11,3.1,2.96,4.22,3.8,31,2.71,2.62,1.5,1.46,23,-0.25,1.87,1.82,2.06,2.01
F2,23/10/15,Brest,Valenciennes,1,2,A,0,2,A,1.83,3.2,4.75,1.85,3.25,4.33,1.9,3,4,1.8,3.25,4.75,1.85,3.38,5.22,1.8,3.1,4.75,1.85,3.25,5.25,41,1.9,1.83,3.38,3.18,5.25,4.69,31,2.55,2.43,1.56,1.52,24,-0.5,1.88,1.84,2.06,1.99
F2,23/10/15,Evian Thonon Gaillard,Creteil,1,2,A,1,1,D,1.91,3.2,4.33,1.95,3,4.25,2,3,3.6,1.91,3.25,4,1.98,3.43,4.35,1.95,3.25,3.75,1.93,3.4,4.4,41,2,1.92,3.45,3.26,4.42,4.02,36,2.12,2.02,1.85,1.77,24,-0.5,1.99,1.92,1.97,1.91
F2,23/10/15,Laval,Tours,1,1,D,1,0,H,2.45,2.88,3.2,2.5,2.85,3,2.3,2.9,3,2.4,2.8,3.3,2.5,2.99,3.45,2.3,2.9,3.2,2.45,2.9,3.5,42,2.54,2.4,3,2.89,3.5,3.18,31,2.7,2.6,1.5,1.46,23,-0.25,2.11,2.04,1.85,1.8
F2,23/10/15,Le Havre,Sochaux,2,1,H,1,1,D,1.95,3.1,4.33,2.1,3,3.7,2,2.9,3.7,2,3,4.33,2.05,3.1,4.65,2.1,2.88,3.8,2,3,4.8,41,2.1,2,3.1,3,4.8,4.15,33,2.9,2.75,1.45,1.42,24,-0.5,2.07,1.99,1.89,1.84
F2,23/10/15,Nancy,Bourg Peronnas,3,1,H,1,1,D,1.57,3.6,6.5,1.57,3.3,7,1.7,3.2,4.7,1.6,3.6,6,1.65,3.82,6.36,1.57,3.5,6,1.6,3.7,7,41,1.7,1.58,3.82,3.59,7.2,6.06,35,2.28,2.17,1.74,1.66,21,-0.75,1.85,1.78,2.11,2.05
F2,23/10/15,Paris FC,Niort,1,1,D,0,0,D,2.3,2.9,3.5,2.3,2.85,3.4,2.3,2.75,3.2,2.4,2.8,3.4,2.46,2.95,3.54,2.4,2.8,3.2,2.45,2.9,3.5,41,2.49,2.37,2.95,2.86,3.54,3.28,32,3,2.73,1.46,1.42,23,-0.25,2.09,2.03,1.86,1.81
F2,24/10/15,Nimes,Dijon,1,1,D,1,1,D,3.75,3,2.15,3.3,3,2.25,3.1,2.8,2.3,3.6,2.9,2.2,3.92,2.97,2.31,3.3,3,2.2,3.8,3.1,2.2,42,3.94,3.52,3.1,2.96,2.31,2.19,31,2.44,2.33,1.59,1.56,22,0.25,2.04,1.96,1.94,1.87
F2,26/10/15,Clermont,Lens,2,2,D,0,1,A,2.1,3.1,3.75,2.2,3,3.4,2.1,2.9,3.4,2.2,2.9,3.6,2.26,3.08,3.88,2.1,3,3.6,2.2,3.1,3.75,39,2.26,2.16,3.2,3.03,3.88,3.47,27,2.42,2.33,1.61,1.56,21,-0.25,1.92,1.86,2.04,1.96
F2,30/10/15,Creteil,Nimes,1,2,A,0,0,D,2.1,3.2,3.6,2.15,2.95,3.6,2,2.9,3.7,2.1,3.1,3.6,2.16,3.26,3.91,2.05,3.1,3.6,2.15,3.3,3.7,45,2.2,2.11,3.33,3.11,3.91,3.57,39,2,1.91,1.94,1.85,25,-0.25,1.85,1.82,2.08,2.01
F2,30/10/15,Metz,Paris FC,2,1,H,2,1,H,1.95,3.1,4.33,1.85,3.1,4.6,1.75,3.1,4.5,1.91,3,4.75,2.01,3.03,5.01,1.8,3,5,2,3.13,4.6,45,2.01,1.91,3.2,3.04,5.01,4.48,32,2.65,2.54,1.51,1.48,26,-0.5,2.01,1.95,1.93,1.88
F2,30/10/15,Niort,Ajaccio,3,1,H,1,1,D,2.25,3,3.5,2.25,2.9,3.4,2.2,2.8,3.3,2.25,2.9,3.5,2.29,3.14,3.71,2.25,3,3.2,2.3,3,3.7,45,2.31,2.23,3.14,2.98,3.75,3.42,32,2.6,2.48,1.53,1.5,25,-0.25,1.96,1.91,1.97,1.92
F2,30/10/15,Red Star,Clermont,2,1,H,0,0,D,2.4,3,3.2,2.4,2.85,3.2,2.4,2.8,3,2.4,2.88,3.2,2.58,3.01,3.28,2.25,3,3.2,2.55,3,3.2,44,2.6,2.44,3.06,2.94,3.3,3.06,32,2.51,2.39,1.57,1.53,25,-0.25,2.16,2.1,1.79,1.75
F2,30/10/15,Sochaux,Evian Thonon Gaillard,1,0,H,1,0,H,2.1,3.1,3.8,2.25,2.85,3.5,2.4,2.8,3,2.15,2.9,3.8,2.23,3.07,3.97,2.15,3,3.4,2.2,3,4,45,2.4,2.17,3.1,2.98,4,3.59,32,2.7,2.63,1.49,1.46,25,-0.25,1.9,1.84,2.05,1.99
F2,30/10/15,Tours,Le Havre,0,1,A,0,1,A,2.5,3,3,2.5,2.9,3,2.2,2.8,3.3,2.5,2.9,3,2.62,3.01,3.2,2.25,3,3.2,2.6,3,3.13,45,2.63,2.48,3.05,2.92,3.3,3.01,32,2.53,2.43,1.55,1.52,24,-0.25,2.23,2.14,1.76,1.72
F2,30/10/15,Valenciennes,Laval,0,0,D,0,0,D,2.5,3,3,2.5,2.9,2.95,2.4,2.8,3,2.4,2.9,3.25,2.46,3.01,3.5,2.38,2.9,3.1,2.5,3,3.25,45,2.55,2.43,3.02,2.93,3.5,3.09,32,2.64,2.46,1.55,1.51,25,-0.25,2.16,2.08,1.84,1.77
F2,31/10/15,Bourg Peronnas,Auxerre,1,1,D,1,0,H,2.5,3.1,2.9,2.5,2.85,3,2.2,2.9,3.2,2.4,2.9,3.1,2.54,3.04,3.3,2.3,3,3.1,2.5,3.1,3.13,43,2.55,2.42,3.1,2.98,3.35,3.03,32,2.3,2.22,1.71,1.62,22,-0.25,2.17,2.09,1.81,1.75
F2,31/10/15,Dijon,Brest,3,1,H,0,1,A,1.91,3.4,4,1.91,3.1,4.25,1.85,3,4.2,1.85,3.1,4.5,1.98,3.26,4.7,1.8,3.2,4.5,1.93,3.25,4.75,45,1.99,1.89,3.4,3.18,4.75,4.28,32,2.43,2.29,1.65,1.58,25,-0.5,2,1.92,1.97,1.9
F2,02/11/15,Lens,Nancy,1,0,H,0,0,D,3.3,2.88,2.4,3.25,2.8,2.4,2.8,2.9,2.5,3.3,2.9,2.3,3.66,3,2.39,3,2.88,2.45,3.5,2.88,2.4,40,3.66,3.25,3.05,2.89,2.5,2.35,30,2.79,2.67,1.46,1.44,22,0.25,1.9,1.83,2.05,1.99
F2,06/11/15,Ajaccio,Bourg Peronnas,2,0,H,2,0,H,2.45,3,3.1,2.45,2.95,3,2.5,2.9,2.8,2.5,3,3,2.65,3.1,3.09,2.45,2.9,3,2.63,3,3.1,42,2.65,2.47,3.11,2.98,3.11,2.96,31,2.5,2.37,1.6,1.55,23,0,1.85,1.77,2.12,2.04
F2,06/11/15,Auxerre,Lens,1,2,A,0,0,D,2.2,3,3.6,2.3,3.1,3.1,2.3,2.9,3,2.2,2.9,3.6,2.29,3.08,3.79,2.2,2.88,3.5,2.25,3,3.7,43,2.3,2.22,3.1,2.97,3.82,3.46,31,2.64,2.47,1.55,1.51,23,-0.25,1.93,1.89,2,1.94
F2,06/11/15,Brest,Tours,3,0,H,1,0,H,2.45,3,3.1,2.4,2.95,3.1,2.2,2.8,3.3,2.5,2.9,3.1,2.61,3,3.24,2.3,3,3.1,2.6,3,3.1,43,2.61,2.43,3,2.93,3.48,3.08,31,2.58,2.45,1.56,1.52,23,0,1.8,1.74,2.23,2.11
F2,06/11/15,Clermont,Creteil,1,0,H,0,0,D,1.85,3.4,4.33,1.91,3.1,4.25,2,2.9,3.7,1.85,3.3,4.33,1.91,3.45,4.71,1.91,3.3,3.75,1.87,3.5,4.6,43,2,1.87,3.55,3.31,4.76,4.18,38,2,1.9,1.97,1.86,24,-0.5,1.93,1.87,2.02,1.95
F2,06/11/15,Evian Thonon Gaillard,Valenciennes,4,0,H,2,0,H,2,3.1,4.2,2.05,2.9,4.1,2,2.9,3.7,2,3,4.33,2.06,3.1,4.57,2,2.8,4.33,2.05,3,4.5,43,2.1,2.01,3.1,3,4.57,4.07,30,2.72,2.59,1.51,1.47,24,-0.5,2.11,2.02,1.87,1.8
F2,06/11/15,Laval,Le Havre,0,1,A,0,0,D,2.75,2.8,2.88,2.7,2.95,2.7,2.5,2.9,2.8,2.75,2.8,2.9,2.85,2.91,3.03,2.7,2.8,2.75,2.8,2.88,3,43,2.88,2.69,2.95,2.84,3.03,2.83,32,2.82,2.66,1.5,1.44,24,0,1.94,1.87,2.01,1.94
F2,06/11/15,Nimes,Sochaux,0,2,A,0,0,D,2.55,2.9,3,2.6,3,2.75,2.4,2.8,3,2.62,2.9,2.9,2.76,2.96,3.07,2.6,2.88,2.8,2.75,2.9,3,43,2.76,2.59,3,2.87,3.07,2.91,31,2.65,2.53,1.53,1.49,24,0,1.87,1.81,2.06,2
F2,06/11/15,Niort,Metz,1,1,D,0,1,A,2.5,3,3,2.6,3,2.75,2.6,2.8,2.8,2.62,2.9,2.9,2.79,3,3.01,2.5,2.9,2.9,2.75,2.9,3,42,2.79,2.57,3.05,2.93,3.15,2.88,31,2.59,2.49,1.54,1.5,24,0,1.89,1.83,2.03,1.98
F2,07/11/15,Paris FC,Red Star,0,1,A,0,0,D,2.7,3,2.8,2.6,2.95,2.8,2.6,2.8,2.8,2.75,2.75,2.9,2.85,2.86,3.08,2.5,2.8,3,2.8,2.88,3,42,2.85,2.65,3,2.84,3.08,2.85,30,3,2.75,1.46,1.42,22,0,1.91,1.85,2.03,1.96
F2,09/11/15,Nancy,Dijon,3,1,H,2,0,H,1.95,3.2,4.2,2.05,3,3.8,2.1,2.9,3.4,2.05,2.9,4.2,2.08,3.1,4.49,2,3.1,3.75,2.05,3.13,4.3,41,2.1,2.02,3.2,3.04,4.49,3.92,30,2.52,2.42,1.57,1.53,22,-0.5,2.08,2.03,1.86,1.8
F2,20/11/15,Creteil,Nancy,0,3,A,0,1,A,4.2,3.1,2,4.1,3,2,3.7,2.9,2,4,3.25,1.95,4.46,3.3,2.01,3.8,3.2,1.95,4.5,3.3,1.95,44,4.7,4.08,3.3,3.17,2.05,1.95,38,2.25,2.17,1.74,1.66,25,0.5,1.96,1.9,2,1.93
F2,20/11/15,Dijon,Clermont,4,1,H,4,0,H,1.91,3.25,4.2,1.75,3.5,4.4,1.8,3,4.4,1.91,3.3,4,2,3.51,4.15,1.91,3.3,3.75,1.93,3.5,4.2,45,2,1.91,3.51,3.33,4.5,3.97,40,2.1,1.9,1.98,1.87,25,-0.5,2,1.94,1.95,1.89
F2,20/11/15,Tours,Evian Thonon Gaillard,2,1,H,1,0,H,2.25,3,3.5,2.3,3,3.25,2.2,2.8,3.3,2.25,2.9,3.6,2.31,3.09,3.72,2.2,3,3.3,2.3,3,3.7,44,2.32,2.23,3.1,2.96,3.75,3.43,32,2.55,2.44,1.56,1.52,24,-0.25,1.97,1.91,1.98,1.91
F2,21/11/15,Metz,Auxerre,0,1,A,0,1,A,2.25,3,3.5,2.25,3.2,3.1,2.2,2.8,3.3,2.25,3.1,3.3,2.29,3.09,3.78,2.15,3,3.4,2.25,3.1,3.7,45,2.32,2.19,3.2,3.03,3.8,3.41,33,2.39,2.3,1.65,1.58,23,-0.25,1.94,1.89,2,1.94
F2,23/11/15,Le Havre,Brest,0,0,D,0,0,D,2.15,3.1,3.6,2.15,3.2,3.3,2.2,2.8,3.3,2.2,3.1,3.5,2.26,3.02,3.97,2.15,2.9,3.6,2.2,3,3.9,41,2.29,2.15,3.2,3,4,3.56,31,2.58,2.43,1.58,1.52,22,-0.25,1.9,1.85,2.05,1.98
F2,24/11/15,Bourg Peronnas,Paris FC,4,1,H,2,0,H,2.05,3.1,4,2.05,3.1,3.75,2.1,2.9,3.4,2.15,2.9,3.8,2.19,3.03,4.18,2.05,3.1,3.6,2.15,3.1,3.9,50,2.19,2.1,3.2,3.02,4.18,3.71,38,2.52,2.4,1.57,1.53,28,-0.25,1.88,1.82,2.08,2
F2,24/11/15,Lens,Niort,1,1,D,0,1,A,2,3.1,4.2,2,3,4,2,2.9,3.7,2,3,4.2,2.07,3.09,4.57,2,3.1,3.75,2.05,3.1,4.33,51,2.09,2.01,3.15,3.04,4.57,3.97,38,2.55,2.46,1.55,1.51,29,-0.5,2.09,2.03,1.85,1.8
F2,24/11/15,Red Star,Ajaccio,1,1,D,0,1,A,2,3,4.33,2.1,2.95,3.75,2.1,2.9,3.4,2.15,2.9,4,2.13,3.05,4.36,2.05,3,3.75,2.15,3,4.1,50,2.17,2.07,3.1,2.97,4.36,3.86,38,2.74,2.58,1.5,1.47,29,-0.25,1.85,1.78,2.14,2.05
F2,24/11/15,Sochaux,Laval,0,0,D,0,0,D,2.1,3,4,2.05,2.9,4,2.1,2.9,3.4,2.1,2.88,4.2,2.19,2.98,4.3,2.05,3,3.75,2.15,3,4.2,51,2.19,2.07,3.05,2.94,4.33,3.9,38,2.8,2.67,1.47,1.44,28,-0.5,2.19,2.1,1.8,1.76
F2,24/11/15,Valenciennes,Nimes,2,2,D,0,1,A,2.1,3.1,3.75,2.15,2.95,3.6,2.1,2.9,3.4,2.2,3,3.5,2.28,3.15,3.7,2.15,3.1,3.3,2.25,3.13,3.6,51,2.28,2.18,3.2,3.04,3.75,3.43,43,2.43,2.29,1.66,1.59,29,-0.25,1.96,1.89,1.98,1.93
F2,27/11/15,Ajaccio,Lens,1,1,D,0,0,D,2.7,3,2.8,2.5,2.95,2.9,2.4,2.8,3,2.75,2.9,2.8,2.82,3.01,2.95,2.5,2.9,2.9,2.88,2.9,2.9,50,2.88,2.64,3.05,2.9,3,2.82,37,2.63,2.5,1.51,1.49,27,0,1.94,1.87,2.02,1.95
F2,27/11/15,Auxerre,Creteil,3,1,H,1,1,D,1.85,3.4,4.33,1.85,3.2,4.4,1.85,3,4.2,1.85,3.25,4.75,1.9,3.37,4.95,1.8,3.3,4.33,1.87,3.4,4.75,50,1.91,1.84,3.4,3.25,4.99,4.42,44,2.25,2.13,1.76,1.68,28,-0.5,1.92,1.87,2.02,1.97
F2,27/11/15,Brest,Sochaux,1,0,H,1,0,H,2.15,3,3.8,2.15,2.95,3.6,2.2,2.8,3.3,2.25,2.9,3.6,2.32,3.03,3.79,2.05,3,3.75,2.3,3,3.75,50,2.32,2.19,3.1,2.96,3.9,3.54,36,2.74,2.6,1.5,1.46,28,-0.25,1.97,1.89,2.01,1.94
F2,27/11/15,Clermont,Valenciennes,2,0,H,2,0,H,1.91,3.3,4.2,1.91,3.25,4,1.9,3,4,1.85,3.2,4.5,1.92,3.32,4.93,1.95,3.2,3.8,1.87,3.3,5,50,1.95,1.87,3.39,3.21,5,4.32,42,2.36,2.27,1.65,1.6,28,-0.5,1.92,1.87,2.02,1.96
F2,27/11/15,Evian Thonon Gaillard,Laval,0,0,D,0,0,D,1.95,3.1,4.5,2.05,3,3.9,2,2.9,3.7,1.95,3,4.5,2.04,3.15,4.59,2.05,3,3.75,2,3,4.75,50,2.05,1.98,3.15,3.02,4.75,4.15,37,2.8,2.64,1.55,1.45,28,-0.5,2.07,1.99,1.9,1.84
F2,27/11/15,Metz,Bourg Peronnas,5,0,H,2,0,H,2,3.2,4,2.05,3.2,3.6,2.1,2.9,3.4,2.05,3.2,3.8,2.09,3.32,4.07,2,3.1,3.75,2.05,3.2,4.1,49,2.1,2.02,3.36,3.15,4.1,3.78,43,2.3,2.18,1.71,1.65,27,-0.5,2.09,2.02,1.87,1.82
F2,27/11/15,Nimes,Tours,2,1,H,0,1,A,2.8,3,2.65,2.65,3,2.7,2.6,2.8,2.8,2.75,3,2.7,2.92,3.05,2.82,2.62,2.9,2.75,2.88,3,2.8,50,2.92,2.73,3.1,2.95,2.85,2.69,42,2.5,2.33,1.63,1.57,27,0,2,1.92,1.94,1.89
F2,27/11/15,Niort,Red Star,0,0,D,0,0,D,2.4,3,3.2,2.45,2.95,3,2.3,2.8,3.1,2.3,2.9,3.3,2.43,3.06,3.48,2.3,3,3.1,2.38,3,3.5,48,2.45,2.36,3.07,2.93,3.5,3.19,36,2.71,2.5,1.56,1.5,28,-0.25,2.06,2.01,1.9,1.83
F2,27/11/15,Paris FC,Dijon,0,3,A,0,2,A,4.33,3.1,1.95,4,3,2,3.7,2.9,2,4.2,3.1,1.95,4.75,3.24,1.98,3.75,3.1,2,4.6,3.2,1.95,50,4.82,4.21,3.24,3.11,2,1.93,37,2.51,2.36,1.6,1.55,28,0.5,1.94,1.9,1.99,1.94
F2,28/11/15,Nancy,Le Havre,3,1,H,1,1,D,1.75,3.4,5,1.75,3.2,5,1.8,3,4.4,1.75,3.3,5.25,1.77,3.5,5.72,1.65,3.3,5.5,1.75,3.5,5.5,50,1.8,1.72,3.5,3.33,5.72,5.05,37,2.33,2.22,1.65,1.61,27,0.75,2.05,1.99,1.89,1.84
F2,30/11/15,Lens,Nimes,1,0,H,0,0,D,1.8,3.4,4.75,1.8,3.3,4.5,1.8,3,4.4,1.8,3.3,4.75,1.81,3.51,5.36,1.8,3.1,4.75,1.8,3.4,5.25,51,1.83,1.77,3.51,3.3,5.36,4.77,43,2.38,2.23,1.7,1.62,29,-0.5,1.84,1.79,2.13,2.04
F2,01/12/15,Bourg Peronnas,Niort,2,1,H,1,0,H,2.25,3,3.4,2.3,3,3.2,2.2,2.8,3.3,2.3,3.1,3.2,2.39,3.27,3.32,2.15,3.1,3.3,2.3,3.2,3.3,49,2.4,2.29,3.27,3.09,3.4,3.15,42,2.2,2.05,1.85,1.73,28,-0.25,2.05,1.97,1.91,1.84
F2,01/12/15,Creteil,Paris FC,0,0,D,0,0,D,2.05,3.25,3.75,2.1,3.1,3.5,2.1,2.9,3.4,2.1,3.1,3.8,2.14,3.23,4.04,2,3.2,3.6,2.1,3.25,3.75,50,2.15,2.06,3.25,3.13,4.04,3.7,43,2.2,2.09,1.8,1.71,29,-0.25,1.85,1.78,2.13,2.04
F2,01/12/15,Dijon,Auxerre,0,0,D,0,0,D,1.67,3.6,5.25,1.72,3.5,4.75,1.75,3.1,4.5,1.67,3.5,5.75,1.7,3.64,6.12,1.7,3.4,4.8,1.67,3.6,5.75,50,1.75,1.68,3.72,3.47,6.12,5.24,43,2.14,2.06,1.82,1.73,29,-0.75,1.94,1.87,2.02,1.94
F2,01/12/15,Laval,Brest,2,0,H,1,0,H,2.5,2.9,3.1,2.55,2.95,2.85,2.5,2.8,2.9,2.5,2.8,3.2,2.62,2.95,3.28,2.5,2.8,3,2.55,2.88,3.25,50,2.62,2.48,3.01,2.88,3.33,3.05,38,2.82,2.64,1.48,1.45,29,-0.25,2.18,2.11,1.79,1.74
F2,01/12/15,Le Havre,Evian Thonon Gaillard,3,2,H,1,1,D,2.05,3,4,2.2,3,3.4,2.2,2.8,3.3,2.1,3,4,2.15,3.13,4.18,2.15,2.9,3.6,2.1,3,4.2,50,2.2,2.09,3.13,2.99,4.2,3.77,38,2.61,2.51,1.52,1.49,29,-0.25,1.81,1.77,2.15,2.05
F2,01/12/15,Red Star,Metz,3,1,H,0,0,D,2.55,3,2.9,2.5,3,2.9,2.4,2.8,3,2.62,2.9,2.9,2.68,3.04,3.09,2.45,2.9,3,2.63,3,3,49,2.71,2.53,3.06,2.94,3.1,2.92,38,2.6,2.45,1.55,1.51,29,0,1.85,1.8,2.1,2.02
F2,01/12/15,Sochaux,Nancy,2,2,D,0,1,A,4.1,3,2.05,3.5,3,2.15,3.4,2.9,2.1,4,3,2.05,4.27,3.18,2.1,3.75,2.88,2.1,4.4,3,2.05,50,4.4,3.86,3.18,2.99,2.15,2.06,38,2.82,2.68,1.48,1.44,26,0.5,1.84,1.78,2.13,2.06
F2,01/12/15,Tours,Clermont,1,1,D,0,1,A,2.3,3.1,3.3,2.45,3,2.95,2.4,2.8,3,2.3,3,3.25,2.44,3.15,3.36,2.45,3,2.88,2.38,3.1,3.25,50,2.5,2.37,3.17,3.02,3.36,3.08,41,2.28,2.18,1.72,1.64,29,-0.25,2.08,2.01,1.89,1.81
F2,01/12/15,Valenciennes,Ajaccio,1,1,D,0,1,A,2.4,3,3.2,2.4,2.85,3.25,2.5,2.8,2.9,2.4,2.8,3.3,2.48,2.96,3.52,2.45,2.88,3,2.5,2.8,3.4,50,2.51,2.4,3,2.88,3.52,3.19,38,2.8,2.68,1.46,1.43,29,-0.25,2.12,2.05,1.83,1.77
F2,11/12/15,Ajaccio,Creteil,3,0,H,1,0,H,2.05,3.1,4,2.1,3.1,3.6,2.2,2.8,3.3,2.05,3,4,2.1,3.2,4.25,2,2.9,4,2.05,3.1,4.33,49,2.22,2.04,3.25,3.06,4.33,3.85,36,2.6,2.47,1.54,1.51,26,-0.25,1.81,1.74,2.2,2.12
F2,11/12/15,Auxerre,Sochaux,2,1,H,0,1,A,2.3,3,3.4,2.4,2.8,3.3,2.3,2.8,3.1,2.4,2.88,3.4,2.45,2.98,3.56,2.38,2.88,3.1,2.4,3,3.5,49,2.45,2.34,3,2.9,3.64,3.3,37,2.75,2.61,1.5,1.46,26,-0.25,2.05,1.99,1.88,1.83
F2,11/12/15,Bourg Peronnas,Red Star,0,1,A,0,0,D,2.5,3,3,2.6,2.95,2.8,2.2,2.8,3.3,2.6,3,2.9,2.68,3.11,3.04,2.25,3.1,3.1,2.7,3.13,2.9,47,2.7,2.52,3.15,3.03,3.3,2.87,41,2.25,2.15,1.75,1.66,23,-0.25,2.27,2.19,1.76,1.69
F2,11/12/15,Clermont,Laval,4,1,H,1,0,H,2.05,3.1,4,2.1,3,3.7,2.2,2.8,3.3,2.1,3,3.8,2.15,3.21,4.04,2.05,3.1,3.6,2.15,3.1,4,49,2.2,2.07,3.23,3.07,4.12,3.75,37,2.5,2.38,1.57,1.54,26,-0.25,1.83,1.79,2.11,2.05
F2,11/12/15,Evian Thonon Gaillard,Brest,0,2,A,0,1,A,2.25,3,3.5,2.3,3,3.2,2.3,2.8,3.1,2.25,3,3.6,2.27,3.12,3.77,2.2,2.88,3.5,2.3,2.9,3.8,49,2.36,2.23,3.12,2.97,3.8,3.44,37,2.75,2.62,1.5,1.45,26,-0.25,1.97,1.91,1.99,1.91
F2,11/12/15,Nimes,Le Havre,2,2,D,0,1,A,2.5,3,3,2.6,2.9,2.85,2.6,2.8,2.8,2.5,3.1,2.9,2.56,3.2,3.1,2.45,3,2.88,2.55,3.1,3.1,49,2.96,2.5,3.2,3.04,3.1,2.88,42,2.4,2.28,1.67,1.6,25,0,1.98,1.77,2.16,2.06
F2,11/12/15,Niort,Tours,0,0,D,0,0,D,2.38,3,3.2,2.5,2.9,3,2.5,2.8,2.9,2.4,2.9,3.25,2.53,3.07,3.29,2.45,2.9,3,2.5,3,3.25,49,2.55,2.42,3.1,2.96,3.29,3.07,37,2.45,2.38,1.59,1.54,26,-0.25,2.13,2.06,1.82,1.78
F2,11/12/15,Paris FC,Lens,0,1,A,0,1,A,3.6,3,2.2,3.1,2.85,2.45,3.1,2.8,2.3,3.3,2.9,2.3,3.8,3.05,2.31,3,2.8,2.5,3.6,2.9,2.4,49,3.8,3.37,3.06,2.92,2.5,2.29,37,2.76,2.64,1.5,1.45,26,0.25,1.99,1.9,2.02,1.92
F2,12/12/15,Metz,Dijon,1,2,A,0,1,A,2.7,3,2.75,2.65,3,2.7,2.6,2.8,2.8,2.62,3,2.8,2.78,3.17,2.87,2.6,3,2.7,2.75,3,2.88,48,2.78,2.63,3.17,3.03,2.88,2.73,36,2.35,2.27,1.64,1.59,25,0,1.93,1.88,1.99,1.93
F2,14/12/15,Nancy,Valenciennes,1,0,H,0,0,D,1.44,4.2,7.5,1.45,3.9,7.25,1.5,3.5,6.3,1.5,4,7,1.49,4.3,8.25,1.44,4,6.5,1.45,4.3,8.5,48,1.5,1.46,4.3,4.03,8.5,7.01,42,2.02,1.93,1.92,1.83,27,-1,1.86,1.8,2.1,2.02
F2,17/12/15,Evian Thonon Gaillard,Nancy,0,1,A,0,0,D,4,3,2.1,3.7,3,2.1,3.4,2.9,2.1,3.6,3.1,2.15,3.86,3.21,2.2,3.4,3,2.15,3.75,3.1,2.2,44,4,3.55,3.21,3.06,2.2,2.13,35,2.42,2.31,1.6,1.57,21,0.25,2.06,1.99,1.89,1.84
F2,18/12/15,Brest,Clermont,1,2,A,1,0,H,2.3,3.1,3.2,2.3,3,3.2,2.3,2.8,3.1,2.3,3,3.25,2.4,3.11,3.48,2.25,3,3.2,2.38,3.1,3.4,49,2.43,2.3,3.15,3.03,3.48,3.21,41,2.42,2.32,1.64,1.57,27,-0.25,2.05,1.98,1.89,1.85
F2,18/12/15,Creteil,Niort,2,3,A,1,1,D,2.7,3,2.8,2.7,2.95,2.7,2.5,2.8,2.9,2.62,3.1,2.75,2.7,3.16,2.96,2.6,3,2.7,2.7,3.13,2.88,48,2.79,2.6,3.2,3.03,2.96,2.77,43,2.25,2.15,1.74,1.67,26,0,1.9,1.84,2.06,1.97
F2,18/12/15,Dijon,Red Star,0,0,D,0,0,D,1.95,3.25,4,2,3.2,3.7,1.8,3,4.4,2,3.1,4,2.01,3.29,4.47,2,3.2,3.6,2,3.25,4.3,48,2.03,1.96,3.45,3.17,4.7,4.01,41,2.31,2.23,1.69,1.62,27,-0.5,2.05,1.97,1.98,1.86
F2,18/12/15,Laval,Nimes,3,2,H,1,1,D,2.1,3.2,3.6,2.15,3.2,3.3,2.1,2.9,3.4,2.2,3,3.5,2.23,3.17,3.82,2.15,3,3.4,2.25,3.13,3.7,49,2.25,2.15,3.21,3.09,3.79,3.47,41,2.35,2.26,1.68,1.61,27,-0.25,1.92,1.87,2.01,1.96
F2,18/12/15,Le Havre,Auxerre,1,0,H,0,0,D,2.3,3,3.4,2.3,3,3.2,2.2,2.8,3.3,2.25,3,3.5,2.34,3.16,3.56,2.15,3,3.4,2.3,3.1,3.5,49,2.37,2.23,3.16,3.04,3.6,3.34,37,2.4,2.31,1.64,1.57,27,-0.25,1.99,1.92,1.95,1.9
F2,18/12/15,Sochaux,Ajaccio,3,0,H,0,0,D,2.1,2.9,4,2.1,3,3.7,2,2.9,3.7,2.15,2.88,4,2.17,3.02,4.29,2.1,2.88,3.8,2.2,2.9,4.2,49,2.21,2.1,3.05,2.89,4.5,3.94,37,3.05,2.84,1.45,1.39,27,-0.25,1.85,1.8,2.14,2.03
F2,18/12/15,Valenciennes,Paris FC,1,1,D,1,1,D,2.05,3,4.1,2.1,3.1,3.6,2.1,2.9,3.4,2.05,2.9,4.2,2.09,3.1,4.43,2.05,3,3.75,2.1,3,4.4,49,2.12,2.05,3.11,2.99,4.46,3.93,36,2.8,2.65,1.5,1.45,26,-0.5,2.11,2.06,1.83,1.78
F2,19/12/15,Lens,Bourg Peronnas,2,0,H,2,0,H,1.8,3.5,4.5,1.85,3.3,4.2,1.85,3,4.2,1.85,3.4,4.33,1.9,3.5,4.7,1.8,3.3,4.33,1.83,3.4,5,48,1.9,1.81,3.5,3.33,5,4.4,37,2.3,2.15,1.74,1.66,25,-0.5,1.9,1.83,2.07,1.99
F2,19/12/15,Tours,Metz,2,0,H,1,0,H,2.4,3.2,3,2.4,2.95,3.1,2.3,2.8,3.1,2.5,3,3,2.5,3.17,3.23,2.3,3,3.1,2.55,3.1,3.13,49,2.55,2.39,3.2,3.03,3.23,3.01,36,2.49,2.3,1.61,1.57,25,-0.25,2.2,2.11,2.62,1.78
F2,08/01/16,Ajaccio,Le Havre,1,1,D,1,0,H,2.38,2.9,3.2,2.6,3,2.75,2.5,2.9,2.8,2.6,2.9,2.9,2.64,3.06,3.13,2.5,2.8,3,2.63,2.9,3.1,48,2.69,2.52,3.06,2.92,3.2,2.95,36,2.75,2.56,1.51,1.47,27,-0.25,2.23,2.15,1.76,1.71
F2,08/01/16,Auxerre,Valenciennes,1,1,D,0,0,D,1.75,3.25,5.5,1.78,3.3,4.6,1.9,3,4,1.85,3.2,4.75,1.85,3.38,5.29,1.85,3.1,4.4,1.8,3.3,5.25,47,1.9,1.8,3.4,3.25,5.5,4.71,36,2.5,2.39,1.58,1.53,27,-0.5,1.87,1.81,2.12,2.03
F2,08/01/16,Bourg Peronnas,Creteil,5,1,H,1,1,D,1.85,3.4,4.33,1.95,3.3,3.75,2,3,3.6,1.85,3.3,4.2,1.93,3.55,4.48,1.91,3.3,3.8,1.91,3.4,4.3,47,2,1.88,3.55,3.34,4.61,4.05,42,2.1,1.96,1.89,1.81,26,-0.5,1.97,1.9,1.99,1.92
F2,08/01/16,Clermont,Evian Thonon Gaillard,4,1,H,4,0,H,2,3.2,4,2,3.2,3.7,2.1,3,3.3,1.95,3.1,4.33,2.05,3.27,4.33,2,3,4,2,3.13,4.33,48,2.1,1.98,3.27,3.14,4.33,3.94,38,2.5,2.38,1.61,1.54,27,-0.5,2.06,2,1.88,1.84
F2,08/01/16,Nancy,Laval,1,0,H,1,0,H,1.44,3.8,9,1.44,3.75,8.5,1.5,3.5,6.3,1.4,4,9,1.43,4.4,9.84,1.44,3.8,7.5,1.4,4.2,10,48,1.5,1.41,4.4,4.05,10,8.45,42,2.26,2.16,1.73,1.66,28,-1,1.77,1.73,2.22,2.12
F2,08/01/16,Nimes,Brest,2,0,H,0,0,D,2.5,2.88,3.2,2.45,2.8,3.2,2.4,2.9,2.9,2.5,3,3,2.56,3.18,3.12,2.4,3,3,2.55,3,3.1,48,2.57,2.45,3.18,3,3.2,2.97,41,2.38,2.27,1.66,1.6,28,-0.25,2.17,2.1,1.8,1.75
F2,08/01/16,Niort,Dijon,2,2,D,1,1,D,3.2,2.9,2.4,2.7,3,2.65,2.6,3,2.6,2.9,2.9,2.62,3.13,3.05,2.65,2.8,3,2.5,3.1,3,2.55,47,3.2,2.9,3.1,2.98,2.65,2.51,40,2.35,2.26,1.68,1.6,25,0.25,1.78,1.73,2.2,2.13
F2,08/01/16,Paris FC,Tours,1,3,A,0,1,A,3.1,2.88,2.5,2.9,2.75,2.7,2.7,2.9,2.6,3,2.8,2.62,3.2,2.91,2.71,2.7,2.8,2.75,3.13,2.88,2.63,48,3.21,2.97,2.91,2.83,2.75,2.59,37,2.75,2.63,1.48,1.44,26,0,2.13,2.05,1.81,1.78
F2,09/01/16,Red Star,Lens,1,2,A,0,0,D,2.4,2.9,3.3,2.4,2.9,3.1,2.2,2.8,3.3,2.4,2.88,3.3,2.52,2.99,3.4,2.3,2.88,3.25,2.4,2.88,3.5,46,2.52,2.35,3,2.89,3.5,3.24,36,2.83,2.68,1.5,1.44,27,-0.25,2.1,2.02,1.88,1.81
F2,11/01/16,Metz,Sochaux,1,0,H,0,0,D,2.2,3,3.6,2.15,3.1,3.4,2.2,2.9,3.2,2.2,2.9,3.75,2.29,3.05,3.82,2.15,2.9,3.6,2.25,3,3.75,45,2.29,2.18,3.15,2.98,3.82,3.52,34,2.67,2.53,1.5,1.48,26,-0.25,1.93,1.87,2.02,1.96
F2,15/01/16,Creteil,Lens,1,1,D,0,0,D,3.8,3,2.15,3.4,3.25,2.1,3.3,3,2.1,3.5,3.1,2.15,3.71,3.31,2.2,3.75,2.88,2.1,3.7,3.1,2.2,44,3.8,3.53,3.31,3.11,2.21,2.13,39,2.35,2.24,1.7,1.61,26,0.25,2.03,1.98,1.9,1.86
F2,15/01/16,Dijon,Bourg Peronnas,3,0,H,2,0,H,1.65,3.5,5.75,1.72,3.5,4.75,1.75,3.1,4.5,1.67,3.6,5,1.71,3.87,5.48,1.75,3.25,4.75,1.67,3.75,5.5,43,1.75,1.68,3.87,3.6,5.75,4.98,41,1.95,1.86,2.01,1.9,24,-0.5,1.74,1.68,2.31,2.21
F2,15/01/16,Evian Thonon Gaillard,Ajaccio,0,2,A,0,1,A,2.2,2.9,3.75,2.15,3,3.6,2.2,2.9,3.2,2.3,2.88,3.6,2.34,3.01,3.77,2.15,2.88,3.6,2.3,2.9,3.7,44,2.34,2.22,3.07,2.93,3.77,3.54,35,2.75,2.63,1.5,1.45,26,-0.25,2,1.93,1.95,1.9
F2,15/01/16,Laval,Auxerre,4,1,H,0,1,A,2.7,2.88,2.9,2.65,2.9,2.8,2.5,2.9,2.8,2.7,2.9,2.88,2.87,2.94,2.97,2.7,2.8,2.75,2.8,2.88,2.9,44,2.88,2.72,2.95,2.86,2.99,2.8,35,2.74,2.61,1.48,1.45,25,0,1.95,1.89,1.99,1.92
F2,15/01/16,Le Havre,Paris FC,2,1,H,1,0,H,1.57,3.5,7,1.62,3.5,5.75,1.65,3.4,4.7,1.62,3.5,6.5,1.64,3.68,7,1.67,3.25,5.5,1.6,3.5,7,44,1.67,1.61,3.68,3.45,7,6.12,34,2.55,2.39,1.57,1.54,25,-0.75,1.82,1.78,2.13,2.06
F2,15/01/16,Nimes,Clermont,6,2,H,3,2,H,2.5,3,3,2.5,3.2,2.7,2.5,2.9,2.8,2.4,3.25,2.9,2.46,3.39,3.09,2.3,3.1,3,2.45,3.25,3,44,2.52,2.39,3.39,3.2,3.1,2.9,41,2.06,1.98,1.9,1.8,26,-0.25,2.13,2.07,1.83,1.78
F2,15/01/16,Sochaux,Niort,2,3,A,2,1,H,2.25,3.1,3.4,2.35,2.85,3.25,2.2,2.8,3.3,2.3,2.9,3.4,2.39,3.06,3.59,2.15,2.9,3.6,2.38,2.9,3.5,44,2.39,2.29,3.1,2.93,3.65,3.35,36,2.74,2.59,1.5,1.46,26,-0.25,2.02,1.96,1.92,1.87
F2,15/01/16,Tours,Red Star,0,0,D,0,0,D,2.2,3,3.6,2.25,3,3.3,2.3,2.8,3.1,2.3,3,3.4,2.29,3.19,3.63,2.2,3,3.3,2.3,3,3.6,43,2.35,2.25,3.19,3,3.63,3.36,35,2.6,2.46,1.56,1.5,26,-0.25,1.98,1.93,1.97,1.9
F2,16/01/16,Brest,Nancy,1,1,D,1,0,H,4.33,3.1,1.95,4.25,3.1,1.91,3.3,3,2.1,4.33,3.1,1.95,4.8,3.15,2,4.2,3,1.91,4,3.2,2.05,43,4.8,4.18,3.2,3.06,2.1,1.96,35,2.71,2.57,1.5,1.47,25,0.5,1.92,1.87,2.02,1.97
F2,18/01/16,Valenciennes,Metz,2,1,H,1,1,D,2.9,3,2.6,2.75,3,2.6,2.65,2.9,2.65,2.9,2.9,2.7,3.13,3.03,2.66,2.9,2.9,2.5,3,2.9,2.7,42,3.13,2.89,3.05,2.92,2.7,2.57,34,2.7,2.5,1.54,1.49,23,0,2.12,2.02,1.86,1.8
