Div,Date,HomeTeam,AwayTeam,FTHG,FTAG,FTR,HTHG,HTAG,HTR,HS,AS,HST,AST,HF,AF,HC,AC,HY,AY,HR,AR,B365H,B365D,B365A,BWH,BWD,BWA,IWH,IWD,IWA,LBH,LBD,LBA,PSH,PSD,PSA,WHH,WHD,WHA,VCH,VCD,VCA,Bb1X2,BbMxH,BbAvH,BbMxD,BbAvD,BbMxA,BbAvA,BbOU,BbMx>2.5,BbAv>2.5,BbMx<2.5,BbAv<2.5,BbAH,BbAHh,BbMxAHH,BbAvAHH,BbMxAHA,BbAvAHA
D1,14/08/15,Bayern Munich,Hamburg,5,0,H,1,0,H,23,5,9,1,10,12,7,0,2,2,0,0,1.08,11,29,1.1,9,23,1.15,7,15,1.09,11,29,1.09,12.87,35.46,1.08,10,26,1.1,12,31,43,1.15,1.08,13,10.6,40,29.37,40,1.4,1.35,3.5,3.1,30,-2.5,1.91,1.84,2.06,1.99
D1,15/08/15,Augsburg,Hertha,0,1,A,0,0,D,20,11,3,4,20,22,7,4,1,2,1,1,2,3.4,3.9,2,3.3,3.75,2,3.3,3.6,1.95,3.4,4.2,2.04,3.43,4.2,2.1,3.3,3.5,2.05,3.4,4.1,43,2.1,2,3.5,3.34,4.2,3.9,41,2.33,2.23,1.68,1.63,27,-0.5,2.04,1.99,1.91,1.86
D1,15/08/15,Darmstadt,Hannover,2,2,D,1,0,H,11,14,4,5,21,22,5,9,1,2,0,0,2.5,3.3,2.9,2.5,3.25,2.75,2.5,3.3,2.65,2.55,3.25,2.9,2.56,3.35,3.02,2.5,3.2,2.9,2.55,3.4,3,43,2.65,2.49,3.4,3.25,3.02,2.87,41,2.22,2.13,1.76,1.7,27,0,1.88,1.8,2.14,2.05
D1,15/08/15,Dortmund,M'gladbach,4,0,H,3,0,H,17,5,7,1,13,14,3,5,0,1,0,0,1.73,3.75,5,1.75,3.75,4.25,1.8,3.5,4.2,1.73,3.8,5,1.73,4,5.21,1.75,3.5,5,1.75,4,5,42,1.8,1.71,4,3.78,5.21,4.83,41,1.92,1.82,2.05,1.96,25,-0.5,1.75,1.71,2.27,2.19
D1,15/08/15,Leverkusen,Hoffenheim,2,1,H,1,1,D,25,6,9,2,12,18,13,5,1,0,0,0,1.5,4.33,6.5,1.5,4.4,5.75,1.45,4,7,1.53,4.5,6,1.52,4.7,6.76,1.53,4,6.5,1.55,4.6,6.25,43,1.57,1.49,4.8,4.42,7,6.24,36,1.61,1.55,2.56,2.38,27,-1,1.88,1.82,2.09,2.03
D1,15/08/15,Mainz,Ingolstadt,0,1,A,0,0,D,9,14,3,5,20,15,6,2,2,3,0,0,2.05,3.4,3.75,2.05,3.3,3.6,2,3.3,3.6,1.95,3.5,4,2.03,3.54,4.08,2.1,3.3,3.5,2.05,3.5,3.9,43,2.1,2,3.6,3.41,4.08,3.8,42,2.06,1.98,1.89,1.81,27,-0.5,2.05,1.99,1.92,1.86
D1,15/08/15,Werder Bremen,Schalke 04,0,3,A,0,1,A,15,16,2,5,7,16,5,6,0,2,0,0,3,3.4,2.38,2.9,3.3,2.35,2.75,3.3,2.4,3,3.4,2.38,3.1,3.62,2.37,3.1,3.1,2.4,3,3.6,2.38,43,3.3,3.01,3.62,3.42,2.4,2.31,41,1.78,1.72,2.2,2.09,26,0.25,1.9,1.86,2.06,2
D1,16/08/15,Stuttgart,FC Koln,1,3,A,0,0,D,28,9,8,5,13,8,13,3,3,2,0,0,2.05,3.3,3.8,2.05,3.25,3.7,2.1,3.3,3.3,2.05,3.4,3.75,2.06,3.54,3.96,2.1,3.3,3.5,2.05,3.6,3.8,43,2.15,2.03,3.6,3.38,3.96,3.7,41,2.12,2.04,1.85,1.76,27,-0.5,2.09,2.03,1.88,1.83
D1,16/08/15,Wolfsburg,Ein Frankfurt,2,1,H,2,1,H,5,13,3,6,14,19,7,3,1,1,0,0,1.44,4.75,7,1.5,4,6.5,1.45,4,7,1.5,4.5,6.5,1.48,5,6.95,1.5,4,7,1.5,5,6.5,43,1.5,1.46,5,4.62,7,6.54,39,1.5,1.46,2.8,2.63,26,-1.25,2.06,1.98,1.93,1.88
D1,21/08/15,Hertha,Werder Bremen,1,1,D,1,1,D,10,9,2,3,11,16,6,2,0,1,0,0,2.05,3.5,3.6,2.1,3.3,3.4,2.1,3.3,3.3,2.1,3.4,3.6,2.11,3.49,3.86,2.05,3.4,3.6,2.1,3.5,3.7,38,2.15,2.07,3.6,3.41,3.86,3.6,37,2.13,2.03,1.82,1.77,25,-0.5,2.14,2.06,1.85,1.8
D1,22/08/15,Ein Frankfurt,Augsburg,1,1,D,0,1,A,11,14,3,4,17,21,7,4,2,3,0,0,2.25,3.4,3.25,2.25,3.4,3,2.2,3.3,3.1,2.2,3.5,3.3,2.23,3.55,3.44,2.25,3.2,3.3,2.2,3.6,3.3,40,2.25,2.18,3.65,3.43,3.7,3.26,38,1.88,1.78,2.1,2,26,-0.25,1.93,1.88,2.03,1.96
D1,22/08/15,FC Koln,Wolfsburg,1,1,D,1,0,H,9,15,6,7,15,11,2,4,2,1,0,0,4.2,3.8,1.83,3.9,3.6,1.87,3.8,3.45,1.9,4.2,3.75,1.85,4.4,3.77,1.89,4.2,3.5,1.85,4.2,3.8,1.91,40,4.4,4.13,3.9,3.63,1.91,1.86,38,1.8,1.72,2.2,2.09,27,0.5,2.06,1.99,1.9,1.86
D1,22/08/15,Hamburg,Stuttgart,3,2,H,1,2,A,14,12,5,4,18,22,0,5,3,3,0,1,2.88,3.5,2.4,2.8,3.3,2.45,2.55,3.4,2.55,2.8,3.5,2.5,2.99,3.52,2.49,2.9,3.2,2.5,2.9,3.6,2.45,40,3.01,2.85,3.6,3.4,2.6,2.43,38,1.82,1.74,2.17,2.07,26,0,2.17,2.07,1.82,1.76
D1,22/08/15,Hannover,Leverkusen,0,1,A,0,1,A,6,11,3,4,15,21,3,8,0,0,0,0,4.2,3.75,1.83,4,3.6,1.85,3.75,3.5,1.9,4.5,3.8,1.8,4.65,3.88,1.83,4.2,3.5,1.85,4.5,3.8,1.85,40,4.65,4.35,4,3.68,1.9,1.8,38,1.84,1.76,2.11,2.03,26,0.5,2.14,2.05,1.85,1.79
D1,22/08/15,Hoffenheim,Bayern Munich,1,2,A,1,1,D,2,5,1,2,7,2,1,2,0,0,0,0,9.5,6,1.25,9,5.25,1.33,8,5,1.33,9,5.5,1.33,10.19,6.23,1.31,9,5.5,1.3,11,6,1.3,40,11,9.77,6.5,5.73,1.33,1.29,38,1.45,1.41,3,2.82,26,1.5,2.15,2.06,1.84,1.79
D1,22/08/15,Schalke 04,Darmstadt,1,1,D,0,1,A,21,9,5,3,16,18,6,6,1,2,0,0,1.44,4.5,7.5,1.45,4.33,6.75,1.45,4,7,1.44,4.33,8,1.45,4.91,7.93,1.44,4.2,8,1.45,4.8,7,40,1.45,1.42,5,4.59,9,7.54,37,1.69,1.64,2.34,2.22,26,-1,1.74,1.69,2.28,2.2
D1,23/08/15,Ingolstadt,Dortmund,0,4,A,0,0,D,3,18,2,8,18,16,1,4,2,3,0,0,7,4.5,1.45,6.25,4.33,1.48,6.1,4,1.5,7.5,4.5,1.44,7.27,4.61,1.5,7,4.5,1.44,7,4.6,1.5,40,8,7.08,5,4.38,1.5,1.46,38,1.77,1.7,2.2,2.12,26,1.25,1.86,1.82,2.11,2.03
D1,23/08/15,M'gladbach,Mainz,1,2,A,0,1,A,15,13,6,4,12,12,3,0,2,1,0,0,1.67,4,5,1.7,3.7,4.75,1.65,3.6,5.1,1.7,3.8,5.25,1.71,4.04,5.36,1.7,3.8,4.8,1.73,4,5,39,1.73,1.68,4.2,3.84,5.36,4.98,38,1.84,1.77,2.11,2.01,26,-0.5,1.71,1.67,2.31,2.23
D1,28/08/15,Wolfsburg,Schalke 04,3,0,H,1,0,H,9,12,5,1,12,16,2,3,1,2,0,0,2,3.8,3.5,2,3.3,3.7,2,3.3,3.6,2,3.6,3.8,2.02,3.8,3.81,1.95,3.8,3.5,2.05,3.8,3.6,37,2.1,2,3.8,3.63,3.83,3.6,31,1.65,1.6,2.42,2.28,25,-0.5,2.1,2.01,1.92,1.84
D1,29/08/15,Augsburg,Ingolstadt,0,1,A,0,0,D,10,16,2,3,22,16,3,4,3,3,0,0,2,3.4,3.8,2,3.3,3.75,2,3.3,3.6,1.95,3.4,4.2,2.01,3.47,4.28,2,3.25,4,2.05,3.4,4,37,2.05,1.97,3.47,3.35,4.35,3.96,34,2.17,2.11,1.78,1.71,25,-0.5,2.03,1.98,1.92,1.86
D1,29/08/15,Bayern Munich,Leverkusen,3,0,H,1,0,H,14,10,6,4,12,14,7,5,2,3,0,0,1.33,5.25,9,1.3,5.25,9,1.33,5,8,1.33,5.5,9,1.35,5.57,10.19,1.33,5,9,1.33,5.75,9.5,37,1.35,1.31,6,5.28,10.5,9.39,28,1.61,1.56,2.55,2.36,25,-1.5,2.03,1.94,2,1.9
D1,29/08/15,Darmstadt,Hoffenheim,0,0,D,0,0,D,5,15,1,2,13,16,4,6,3,2,0,0,3,3.3,2.4,2.75,3.3,2.5,2.65,3.3,2.5,3,3.4,2.38,3.03,3.49,2.48,2.88,3.3,2.45,2.9,3.5,2.45,37,3.25,2.91,3.5,3.36,2.5,2.4,35,1.95,1.85,2.02,1.92,23,0.25,1.84,1.79,2.13,2.06
D1,29/08/15,FC Koln,Hamburg,2,1,H,0,0,D,6,17,3,7,17,9,3,8,3,2,0,1,1.83,3.5,4.5,1.83,3.5,4.2,1.9,3.45,3.8,1.83,3.6,4.5,1.83,3.7,4.93,1.83,3.4,4.5,1.85,3.8,4.5,37,1.9,1.81,3.8,3.58,4.93,4.43,35,2.02,1.86,2.02,1.93,24,-0.75,2.1,2.03,1.87,1.81
D1,29/08/15,Mainz,Hannover,3,0,H,2,0,H,18,11,6,4,9,13,8,5,0,2,0,0,2,3.5,3.8,1.95,3.4,3.8,2,3.3,3.6,2,3.5,3.8,2.03,3.61,3.99,2,3.25,4,2,3.6,3.9,37,2.04,1.97,3.65,3.47,4.33,3.8,35,2.02,1.88,1.99,1.9,25,-0.5,2.05,1.97,1.92,1.87
D1,29/08/15,Stuttgart,Ein Frankfurt,1,4,A,1,2,A,15,6,4,4,19,17,6,1,3,3,1,0,1.95,3.6,3.8,1.95,3.4,3.8,2,3.3,3.6,1.95,3.75,3.8,1.96,3.91,3.93,1.95,3.5,3.8,1.95,3.9,3.75,37,2,1.93,3.91,3.68,4,3.74,28,1.6,1.54,2.56,2.39,25,-0.5,1.97,1.92,1.99,1.92
D1,30/08/15,Dortmund,Hertha,3,1,H,1,0,H,15,4,6,4,16,12,5,1,0,2,0,0,1.2,6.5,17,1.24,6.25,10.5,1.25,5.5,10.3,1.22,6.5,13,1.24,7.06,14.5,1.25,5.5,13,1.25,6.5,13,37,1.25,1.21,7.06,6.27,17,13.39,34,1.46,1.43,2.9,2.73,24,-2,2.13,2.05,1.87,1.8
D1,30/08/15,Werder Bremen,M'gladbach,2,1,H,1,1,D,22,9,6,5,17,18,5,6,3,1,0,1,3.2,3.4,2.25,3.1,3.3,2.25,3.3,3.3,2.1,3.2,3.6,2.2,3.36,3.6,2.25,3.3,3.2,2.25,3.25,3.7,2.25,36,3.36,3.19,3.7,3.46,2.3,2.2,34,1.78,1.7,2.25,2.11,23,0.5,1.76,1.71,2.23,2.17
D1,11/09/15,M'gladbach,Hamburg,0,3,A,0,2,A,13,10,2,4,17,19,5,2,2,1,0,0,1.67,4,5,1.67,3.75,5,1.65,3.7,4.9,1.67,4,5.25,1.68,4.08,5.56,1.7,3.8,4.8,1.67,4.1,5.25,36,1.7,1.66,4.1,3.92,5.62,5.22,31,1.82,1.76,2.13,2.05,24,-1,2.23,2.14,1.78,1.73
D1,12/09/15,Bayern Munich,Augsburg,2,1,H,0,1,A,27,4,10,1,10,10,9,0,0,1,0,0,1.13,9.5,19,1.13,9.25,18,1.12,8,16,1.13,8.5,23,1.14,9.75,23.5,1.14,7.5,19,1.13,9.5,26,35,1.14,1.12,9.86,8.86,28,21.91,30,1.46,1.44,2.9,2.7,23,-2.5,2.16,2.09,1.81,1.77
D1,12/09/15,Ein Frankfurt,FC Koln,6,2,H,4,1,H,18,13,11,7,14,14,5,2,2,1,0,0,2.3,3.3,3.2,2.3,3.3,3,2.3,3.3,2.9,2.3,3.25,3.1,2.34,3.52,3.24,2.3,3.2,3.2,2.38,3.6,3.1,35,2.38,2.3,3.6,3.39,3.26,3.08,31,1.88,1.81,2.05,1.97,23,-0.25,2.04,1.98,1.92,1.86
D1,12/09/15,Hannover,Dortmund,2,4,A,1,2,A,5,17,3,6,15,16,2,4,3,1,0,0,7.5,4.5,1.44,7.25,4.5,1.45,7,4,1.45,6.5,4.5,1.44,7.68,4.76,1.47,7,4.5,1.44,6.5,5,1.5,35,7.8,7.08,5,4.55,1.47,1.44,25,1.63,1.55,2.55,2.4,23,1.25,1.89,1.85,2.05,2
D1,12/09/15,Hertha,Stuttgart,2,1,H,2,1,H,9,11,4,3,18,21,5,7,0,3,0,0,2.5,3.4,2.8,2.5,3.3,2.7,2.4,3.3,2.75,2.4,3.3,2.8,2.54,3.52,2.92,2.5,3.25,2.88,2.5,3.5,2.9,35,2.55,2.46,3.55,3.41,2.95,2.79,31,1.88,1.81,2.06,1.97,24,0,1.86,1.8,2.11,2.03
D1,12/09/15,Ingolstadt,Wolfsburg,0,0,D,0,0,D,5,17,1,3,10,15,2,5,2,3,0,0,4,3.6,1.91,4.1,3.6,1.9,4,3.45,1.85,4,3.5,1.85,4.29,3.73,1.93,4.2,3.4,1.91,4,3.75,1.95,34,4.35,4.02,3.8,3.6,1.95,1.89,29,1.81,1.75,2.16,2.06,23,0.5,2.01,1.95,1.95,1.89
D1,12/09/15,Leverkusen,Darmstadt,0,1,A,0,1,A,16,5,4,3,13,17,10,4,3,1,0,0,1.25,6,13,1.26,6,11,1.3,5,9,1.25,5.5,12,1.28,6.13,13.15,1.29,5,12,1.29,6,13,35,1.3,1.25,6.25,5.73,13.98,12.42,28,1.67,1.62,2.35,2.27,23,-1.5,1.83,1.77,2.15,2.08
D1,13/09/15,Hoffenheim,Werder Bremen,1,3,A,0,1,A,10,16,5,6,13,22,7,3,2,4,0,0,1.95,3.75,3.75,1.95,3.4,3.8,1.9,3.45,3.8,1.91,3.6,3.75,1.97,3.88,3.92,1.95,3.6,3.75,1.95,3.9,3.75,36,2,1.93,3.9,3.7,3.92,3.74,25,1.62,1.55,2.5,2.39,25,-0.5,1.97,1.92,1.98,1.93
D1,13/09/15,Schalke 04,Mainz,2,1,H,1,1,D,24,15,7,4,18,20,5,7,1,3,0,0,1.85,3.75,4.2,1.87,3.5,4.33,1.8,3.5,4.2,1.8,3.5,4.2,1.88,3.82,4.38,1.85,3.5,4.33,1.9,3.8,4.3,36,1.9,1.84,3.82,3.65,4.65,4.2,32,1.83,1.77,2.14,2.03,25,-0.5,1.89,1.84,2.07,2.01
D1,18/09/15,Mainz,Hoffenheim,3,1,H,1,1,D,12,13,4,4,13,15,6,8,1,2,0,0,2.15,3.5,3.3,2.2,3.3,3.2,2.2,3.3,3.1,2.15,3.5,3.4,2.22,3.68,3.36,2.2,3.5,3.1,2.2,3.6,3.25,38,2.25,2.18,3.75,3.52,3.43,3.26,32,1.66,1.61,2.42,2.3,24,-0.25,1.92,1.89,2.04,1.98
D1,19/09/15,Darmstadt,Bayern Munich,0,3,A,0,1,A,5,18,2,6,10,8,1,5,2,1,0,0,19,7,1.17,16,7.5,1.17,12.5,6,1.2,17,6.5,1.18,18.7,7.5,1.2,17,6,1.2,20,7.5,1.18,39,24,18.31,8,6.92,1.2,1.17,28,1.66,1.61,2.38,2.28,26,2,1.92,1.86,2.06,2
D1,19/09/15,FC Koln,M'gladbach,1,0,H,0,0,D,11,9,5,2,10,16,2,2,0,3,0,0,2.4,3.3,3,2.4,3.25,2.9,2.55,3.4,2.55,2.4,3.4,3,2.45,3.47,3.09,2.4,3.1,3.1,2.45,3.5,3,38,2.55,2.38,3.55,3.35,3.17,2.97,34,2.05,1.96,1.9,1.83,23,0,1.8,1.75,2.22,2.13
D1,19/09/15,Hamburg,Ein Frankfurt,0,0,D,0,0,D,11,7,2,4,11,17,5,11,0,4,0,0,2.5,3.5,2.75,2.55,3.3,2.65,2.5,3.3,2.65,2.5,3.5,2.75,2.58,3.63,2.8,2.5,3.3,2.8,2.5,3.75,2.8,39,2.61,2.48,3.75,3.49,2.86,2.73,30,1.66,1.61,2.43,2.28,25,0,1.89,1.83,2.08,2.02
D1,19/09/15,Werder Bremen,Ingolstadt,0,1,A,0,0,D,13,13,4,4,24,19,8,5,3,4,1,0,2.05,3.5,3.6,2.05,3.4,3.5,2.1,3.3,3.3,2,3.5,3.8,2.06,3.61,3.88,2.1,3.3,3.6,2.1,3.6,3.6,39,2.1,2.04,3.65,3.44,3.89,3.66,35,1.88,1.79,2.1,2.02,25,-0.5,2.08,2.03,1.88,1.83
D1,19/09/15,Wolfsburg,Hertha,2,0,H,0,0,D,14,9,4,4,16,9,7,5,1,2,0,0,1.5,4.33,6.5,1.5,4.2,6.75,1.5,4,6.1,1.5,4.33,7,1.51,4.54,7.32,1.5,4.2,6.5,1.53,4.5,6.5,39,1.53,1.48,4.56,4.28,7.5,6.83,34,1.81,1.75,2.17,2.07,26,-1,1.87,1.83,2.08,2.03
D1,20/09/15,Augsburg,Hannover,2,0,H,2,0,H,17,16,8,2,12,15,6,6,1,4,0,0,2,3.5,3.75,2,3.3,3.7,1.9,3.45,3.8,2.05,3.4,3.8,2.02,3.59,4.05,2,3.3,3.8,2.05,3.5,3.9,39,2.05,1.99,3.59,3.45,4.05,3.82,35,2.05,1.97,1.92,1.83,25,-0.5,2.05,1.99,1.92,1.87
D1,20/09/15,Dortmund,Leverkusen,3,0,H,1,0,H,22,8,10,3,10,17,3,1,1,3,0,0,1.73,4,4.5,1.75,3.6,5,1.65,3.7,4.9,1.75,3.75,4.33,1.77,4.1,4.74,1.75,3.5,5,1.8,4.2,4.4,39,1.8,1.74,4.2,3.84,5,4.6,32,1.72,1.66,2.35,2.2,24,-0.75,2.04,1.98,1.92,1.88
D1,20/09/15,Stuttgart,Schalke 04,0,1,A,0,0,D,26,10,9,6,11,18,6,5,3,3,0,0,2.63,3.5,2.6,2.65,3.4,2.65,2.65,3.3,2.5,2.6,3.5,2.5,2.67,3.68,2.67,2.7,3.25,2.62,2.63,3.6,2.63,39,2.72,2.62,3.68,3.5,2.67,2.57,28,1.65,1.6,2.43,2.3,25,0,1.99,1.94,1.98,1.9
D1,22/09/15,Bayern Munich,Wolfsburg,5,1,H,0,1,A,17,7,12,2,11,12,5,1,1,2,0,0,1.25,6,12,1.3,5.25,11.5,1.35,4.8,7.6,1.25,6,12,1.3,6,12.12,1.29,5.5,10,1.25,6.5,13,38,1.35,1.27,6.75,5.79,13,11.05,29,1.58,1.53,2.57,2.44,24,-1.5,1.78,1.73,2.23,2.16
D1,22/09/15,Darmstadt,Werder Bremen,2,1,H,1,1,D,9,12,3,4,20,19,5,1,3,1,0,1,2.63,3.25,2.8,2.65,3.2,2.65,2.6,3.2,2.6,2.5,3.2,2.75,2.64,3.44,2.85,2.7,3.1,2.7,2.63,3.5,2.8,38,2.75,2.61,3.5,3.26,2.86,2.74,33,2.15,2.06,1.81,1.75,25,0,1.97,1.87,2.05,1.98
D1,22/09/15,Hertha,FC Koln,2,0,H,1,0,H,17,13,8,7,12,14,6,1,1,1,0,0,2.38,3.25,3.1,2.4,3.3,2.85,2.4,3.3,2.75,2.3,3.1,3.1,2.4,3.31,3.31,2.38,3.25,3,2.38,3.4,3.25,38,2.45,2.36,3.4,3.23,3.31,3.12,33,2.23,2.13,1.77,1.7,23,-0.25,2.06,2,1.9,1.86
D1,22/09/15,Ingolstadt,Hamburg,0,1,A,0,0,D,12,8,1,3,15,16,8,5,2,1,0,0,2.3,3.3,3.25,2.3,3.2,3.1,2.3,3.3,2.9,2.2,3.1,3.3,2.31,3.34,3.45,2.3,3.2,3.2,2.25,3.4,3.4,38,2.35,2.28,3.4,3.25,3.45,3.25,33,2.28,2.18,1.73,1.67,23,0,1.66,1.62,2.43,2.34
D1,23/09/15,Hannover,Stuttgart,1,3,A,1,2,A,8,19,3,12,15,17,3,7,3,3,0,0,2.88,3.5,2.4,2.85,3.3,2.4,2.65,3.3,2.5,2.9,3.4,2.3,2.97,3.59,2.47,3.1,3.1,2.4,2.88,3.6,2.45,39,3.1,2.85,3.6,3.45,2.5,2.4,34,1.73,1.67,2.28,2.18,24,0.25,1.83,1.79,2.14,2.07
D1,23/09/15,Hoffenheim,Dortmund,1,1,D,1,0,H,10,14,5,4,15,13,5,4,2,1,0,0,7,4.75,1.44,6.75,4.5,1.48,6.1,4,1.5,6,4.5,1.44,7.69,5.02,1.45,6.5,4.75,1.44,6.5,5,1.5,39,7.75,6.84,5.02,4.63,1.5,1.44,32,1.5,1.44,3,2.72,24,1,2.3,2.2,1.75,1.7
D1,23/09/15,Leverkusen,Mainz,1,0,H,0,0,D,20,3,6,2,16,13,11,3,3,0,0,0,1.53,4.33,6,1.57,4,6,1.6,3.9,5,1.55,4,5.75,1.56,4.47,6.36,1.6,4.2,5,1.57,4.4,6,38,1.6,1.56,4.47,4.15,6.5,5.89,32,1.73,1.66,2.29,2.19,26,-1,1.97,1.92,2,1.92
D1,23/09/15,M'gladbach,Augsburg,4,2,H,4,0,H,21,13,12,4,20,21,6,2,2,5,0,0,2.15,3.4,3.4,2.2,3.3,3.2,2.2,3.3,3.1,2.1,3.3,3.4,2.18,3.5,3.62,2.2,3.3,3.3,2.1,3.5,3.5,39,2.2,2.15,3.5,3.34,3.62,3.4,35,2.09,1.98,1.89,1.8,24,-0.25,1.9,1.85,2.06,1.99
D1,23/09/15,Schalke 04,Ein Frankfurt,2,0,H,0,0,D,13,18,7,6,9,17,5,7,2,2,0,0,1.83,3.8,4.2,1.8,3.9,4.25,1.75,3.5,4.5,1.8,3.8,4,1.85,4.03,4.31,1.75,4,4.2,1.83,4.2,4.1,39,1.87,1.8,4.2,3.83,4.5,4.15,28,1.57,1.53,2.6,2.44,24,-0.5,1.85,1.8,2.12,2.05
D1,25/09/15,FC Koln,Ingolstadt,1,1,D,1,1,D,15,16,4,5,14,16,8,4,2,3,0,0,2.05,3.3,3.8,2.05,3.25,3.6,2.1,3.3,3.3,2.05,3.3,4,2.07,3.37,4.16,2.05,3.25,3.8,2.05,3.4,4,40,2.1,2.03,3.4,3.28,4.2,3.91,35,2.36,2.26,1.69,1.63,27,-0.5,2.08,2.02,1.89,1.84
D1,26/09/15,Augsburg,Hoffenheim,1,3,A,1,1,D,26,11,9,5,8,9,7,3,1,4,0,0,2.25,3.5,3.1,2.25,3.4,3,2.2,3.3,3.1,2.2,3.4,3.1,2.26,3.6,3.33,2.3,3.2,3.2,2.25,3.6,3.25,39,2.3,2.22,3.62,3.45,3.35,3.15,34,1.83,1.76,2.15,2.05,24,-0.25,1.96,1.92,1.98,1.93
D1,26/09/15,Hamburg,Schalke 04,0,1,A,0,0,D,13,10,4,5,14,14,4,4,1,3,0,0,2.88,3.5,2.4,2.85,3.3,2.5,2.75,3.3,2.4,2.75,3.4,2.4,2.88,3.56,2.55,2.9,3.2,2.5,2.8,3.6,2.5,39,2.9,2.8,3.6,3.39,2.6,2.48,35,1.95,1.84,2.04,1.94,25,0,2.09,2.03,1.88,1.82
D1,26/09/15,Mainz,Bayern Munich,0,3,A,0,0,D,6,17,1,9,17,11,3,4,1,1,0,0,12,6,1.25,10.5,5.75,1.28,10,5.2,1.27,12,5.75,1.25,13.31,6.32,1.27,12,5,1.29,13,6.25,1.29,38,13.5,12.03,6.36,5.82,1.29,1.25,28,1.57,1.54,2.54,2.42,24,1.75,1.96,1.91,2.02,1.96
D1,26/09/15,Stuttgart,M'gladbach,1,3,A,1,2,A,22,9,6,5,15,15,12,3,4,1,0,0,2.1,3.5,3.4,2.1,3.5,3.2,2.2,3.3,3.1,2,3.6,3.4,2.08,3.8,3.62,2.1,3.4,3.4,2.1,3.8,3.4,39,2.2,2.08,3.8,3.58,3.67,3.39,34,1.72,1.64,2.36,2.25,25,-0.5,2.1,2.05,1.87,1.81
D1,26/09/15,Werder Bremen,Leverkusen,0,3,A,0,1,A,9,17,0,7,12,15,2,6,1,2,0,0,3.8,3.6,1.95,3.75,3.5,2,3.3,3.3,2.1,3.8,3.6,1.85,4.21,3.8,1.93,4,3.4,1.95,4,3.8,1.95,39,4.22,3.87,3.8,3.58,2.1,1.93,34,1.81,1.74,2.16,2.07,26,0.5,2.01,1.94,2,1.92
D1,26/09/15,Wolfsburg,Hannover,1,1,D,1,0,H,22,8,9,3,11,9,9,0,2,2,0,0,1.4,4.75,8,1.42,4.75,7.5,1.45,4,7,1.4,4.5,7.5,1.44,4.95,8.02,1.4,4.5,8,1.44,5,7.5,38,1.47,1.41,5,4.62,8.5,7.56,28,1.65,1.59,2.4,2.3,23,-1.25,1.98,1.94,1.97,1.92
D1,27/09/15,Dortmund,Darmstadt,2,2,D,0,1,A,16,4,4,3,16,13,8,0,0,2,0,0,1.14,8.5,17,1.16,8,16.5,1.15,7,15,1.13,8.5,21,1.15,9.5,22.4,1.14,7,21,1.13,9.5,26,39,1.16,1.13,9.75,8.2,26,20.09,33,1.46,1.4,3,2.87,24,-2.5,2.13,2.06,1.85,1.81
D1,27/09/15,Ein Frankfurt,Hertha,1,1,D,1,0,H,11,14,2,6,11,14,7,3,2,1,0,0,1.95,3.5,4,1.95,3.4,3.75,2,3.3,3.6,1.91,3.6,3.8,2.01,3.75,3.91,1.95,3.5,3.8,2,3.8,3.9,39,2.05,1.96,3.81,3.55,4,3.77,35,1.84,1.78,2.12,2.02,26,-0.5,2.01,1.96,1.97,1.9
D1,02/10/15,Darmstadt,Mainz,2,3,A,1,2,A,14,14,4,7,12,20,2,6,1,2,0,0,3.1,3.25,2.4,3,3.1,2.45,2.6,3.2,2.6,3,3.25,2.3,3.21,3.39,2.42,2.9,3.25,2.45,3.1,3.4,2.38,42,3.21,3.05,3.4,3.24,2.6,2.4,36,2.25,2.13,1.76,1.7,24,0.25,1.88,1.83,2.09,2.04
D1,03/10/15,Hannover,Werder Bremen,1,0,H,0,0,D,12,19,5,6,17,11,7,6,4,1,0,0,2.6,3.4,2.7,2.65,3.2,2.65,2.5,3.3,2.65,2.5,3.3,2.62,2.66,3.55,2.76,2.62,3.1,2.8,2.55,3.6,2.7,42,2.66,2.57,3.6,3.38,2.8,2.68,37,1.83,1.75,2.12,2.06,25,0,1.92,1.89,2.01,1.96
D1,03/10/15,Hertha,Hamburg,3,0,H,1,0,H,13,8,6,2,13,15,4,5,1,1,0,0,2.2,3.2,3.5,2.15,3.3,3.3,2.2,3.2,3.2,2.1,3.25,3.5,2.17,3.38,3.8,2.15,3.25,3.5,2.15,3.4,3.6,41,2.2,2.14,3.44,3.26,3.83,3.52,37,2.23,2.11,1.8,1.71,24,-0.25,1.88,1.84,2.08,2.02
D1,03/10/15,Hoffenheim,Stuttgart,2,2,D,1,0,H,11,18,4,7,12,15,6,5,3,1,0,0,2.45,3.75,2.65,2.5,3.3,2.7,2.4,3.3,2.75,2.38,3.6,2.7,2.5,3.8,2.8,2.5,3.2,2.8,2.5,3.8,2.63,42,2.52,2.44,3.82,3.6,2.82,2.71,36,1.54,1.49,2.73,2.55,25,0,1.9,1.84,2.08,2.01
D1,03/10/15,Ingolstadt,Ein Frankfurt,2,0,H,0,0,D,14,12,4,2,11,11,4,3,1,2,0,0,2.5,3.25,2.9,2.6,3.25,2.65,2.5,3.3,2.65,2.5,3.25,2.75,2.59,3.39,2.95,2.62,3.1,2.8,2.55,3.4,2.8,42,2.62,2.52,3.5,3.29,2.96,2.8,38,2.08,1.98,1.87,1.81,25,0,1.86,1.83,2.1,2.02
D1,03/10/15,M'gladbach,Wolfsburg,2,0,H,0,0,D,10,10,3,3,15,14,3,1,2,3,0,0,2.6,3.4,2.7,2.7,3.25,2.7,2.6,3.2,2.6,2.62,3.3,2.5,2.77,3.55,2.65,2.7,3.1,2.7,2.7,3.5,2.6,42,2.84,2.68,3.57,3.35,2.75,2.61,37,1.8,1.72,2.2,2.09,25,0,2.01,1.95,1.95,1.9
D1,04/10/15,Bayern Munich,Dortmund,5,1,H,2,1,H,14,10,9,4,14,8,4,4,3,1,0,0,1.5,4.33,6.5,1.53,4.4,6.5,1.6,4,5.5,1.5,4.2,6,1.54,4.56,6.6,1.5,4.4,6,1.53,4.5,6,42,1.6,1.51,4.6,4.34,6.6,6.16,31,1.59,1.55,2.58,2.39,25,-1,1.88,1.84,2.07,2.02
D1,04/10/15,Leverkusen,Augsburg,1,1,D,1,1,D,22,3,8,0,13,22,9,1,2,3,0,0,1.4,4.75,8,1.4,4.75,8,1.4,4.4,7.3,1.36,4.5,8.5,1.4,5.05,9.21,1.4,4.2,9,1.4,5,8,42,1.41,1.38,5.13,4.71,9.21,8.29,33,1.67,1.62,2.35,2.26,24,-1.5,2.15,2.1,1.81,1.78
D1,04/10/15,Schalke 04,FC Koln,0,3,A,0,1,A,17,12,7,4,15,12,3,2,2,2,0,0,1.73,3.8,4.8,1.75,3.7,4.75,1.8,3.5,4.2,1.73,3.8,4.5,1.75,4.02,4.99,1.8,3.2,5,1.73,4,4.75,42,1.8,1.74,4.02,3.77,5.03,4.61,36,1.81,1.72,2.2,2.09,23,-0.75,2,1.94,1.97,1.91
D1,16/10/15,Mainz,Dortmund,0,2,A,0,1,A,11,16,5,6,14,16,8,4,2,1,0,0,5.75,4.75,1.5,5.5,4.6,1.53,5.5,4,1.55,6,4.5,1.48,6.74,4.85,1.5,6,4.4,1.5,5.75,4.75,1.53,43,6.8,6.12,4.88,4.56,1.55,1.5,36,1.53,1.48,3,2.6,25,1,2.15,2.08,1.84,1.79
D1,17/10/15,Augsburg,Darmstadt,0,2,A,0,2,A,20,12,3,5,13,17,2,4,2,3,0,0,1.8,3.5,4.75,1.85,3.5,4.1,1.85,3.45,4,1.8,3.4,4.5,1.83,3.69,4.91,1.85,3.4,4.5,1.8,3.75,4.6,43,1.85,1.81,3.75,3.52,4.94,4.59,38,2.16,2.06,1.83,1.75,24,-0.5,1.83,1.8,2.14,2.08
D1,17/10/15,Ein Frankfurt,M'gladbach,1,5,A,1,1,D,7,16,2,6,18,14,1,1,4,3,0,0,2.45,3.4,2.88,2.5,3.3,2.7,2.55,3.4,2.55,2.3,3.4,2.9,2.4,3.58,3.08,2.5,3.2,2.9,2.3,3.6,3.1,43,2.55,2.39,3.6,3.41,3.1,2.9,38,1.85,1.76,2.14,2.05,25,-0.25,2.12,2.02,1.91,1.84
D1,17/10/15,Hamburg,Leverkusen,0,0,D,0,0,D,8,10,3,3,22,20,3,5,6,2,0,0,4.75,3.5,1.8,4.6,3.6,1.8,4.2,3.5,1.8,4.5,3.6,1.75,4.49,3.84,1.86,4.5,3.4,1.85,4.6,3.5,1.85,42,4.9,4.53,3.9,3.6,1.85,1.8,39,1.99,1.92,1.92,1.87,25,0.75,1.86,1.82,2.09,2.04
D1,17/10/15,Schalke 04,Hertha,2,1,H,1,0,H,19,9,9,5,18,16,7,6,3,4,0,1,1.75,3.75,4.75,1.8,3.75,4.4,1.75,3.5,4.5,1.75,3.6,4.5,1.84,3.87,4.58,1.83,3.4,4.5,1.8,3.9,4.4,43,1.84,1.79,3.92,3.67,4.8,4.48,38,1.83,1.77,2.11,2.04,25,-0.75,2.09,2.01,1.88,1.85
D1,17/10/15,Werder Bremen,Bayern Munich,0,1,A,0,1,A,8,13,2,4,15,12,2,3,2,2,0,0,17,7,1.18,12,7,1.22,13,5.8,1.2,12,6.5,1.22,15,7.38,1.22,13,6,1.22,13,7.5,1.2,43,17,13.69,7.5,6.73,1.22,1.2,37,1.44,1.4,3,2.86,27,2,1.93,1.87,2.05,1.98
D1,17/10/15,Wolfsburg,Hoffenheim,4,2,H,2,1,H,16,7,9,3,14,12,5,4,4,0,0,0,1.62,4.33,5,1.65,4,5.25,1.65,3.6,5.1,1.62,4,5,1.65,4.38,5.45,1.67,3.6,5.5,1.65,4.4,5,43,1.67,1.63,4.4,4.1,5.51,5.14,32,1.6,1.5,2.67,2.53,27,-1,2.1,2.04,1.87,1.82
D1,18/10/15,FC Koln,Hannover,0,1,A,0,1,A,16,8,5,4,14,17,12,3,3,2,0,0,1.95,3.5,4,1.95,3.4,3.8,1.8,3.5,4.2,1.85,3.4,4,1.96,3.58,4.34,2,3.2,4,1.93,3.6,4.1,43,2,1.92,3.65,3.47,4.34,4.04,39,2.04,1.95,1.92,1.85,26,-0.5,1.96,1.92,1.98,1.93
D1,18/10/15,Stuttgart,Ingolstadt,1,0,H,0,0,D,12,11,4,6,18,9,6,5,3,1,1,0,1.8,3.75,4.33,1.83,3.6,4.1,1.8,3.5,4.2,1.75,3.75,4.5,1.79,3.96,4.76,1.83,3.4,4.5,1.75,3.9,4.6,43,1.83,1.77,4,3.74,4.9,4.49,38,1.82,1.76,2.12,2.04,25,-0.75,2.03,1.98,1.92,1.88
D1,23/10/15,Hoffenheim,Hamburg,0,1,A,0,0,D,12,20,3,5,24,23,1,5,2,4,1,0,2.1,3.6,3.4,2.05,3.5,3.4,2.1,3.3,3.3,2,3.4,3.6,2.13,3.67,3.59,2.05,3.6,3.4,2.1,3.6,3.5,43,2.13,2.07,3.68,3.52,3.8,3.5,39,1.85,1.78,2.11,2.02,25,-0.5,2.15,2.08,1.83,1.8
D1,24/10/15,Bayern Munich,FC Koln,4,0,H,2,0,H,26,4,14,2,8,4,10,0,1,1,0,0,1.1,9,29,1.12,9,23,1.15,7,15,1.1,10,26,1.12,11.5,27,1.11,7.5,29,1.08,12,31,42,1.15,1.1,12,9.62,35,25.09,35,1.42,1.37,3.25,2.99,25,-2.5,1.91,1.87,2.05,1.99
D1,24/10/15,Darmstadt,Wolfsburg,0,1,A,0,0,D,9,19,3,6,14,16,5,3,2,1,0,0,4.75,3.75,1.75,4.33,3.6,1.85,3.8,3.45,1.9,4.33,3.6,1.8,4.62,3.75,1.86,4.5,3.4,1.83,4.33,3.8,1.83,42,4.75,4.41,3.81,3.57,1.9,1.82,38,1.99,1.92,1.95,1.87,23,0.5,2.09,2.04,1.87,1.82
D1,24/10/15,Hannover,Ein Frankfurt,1,2,A,0,0,D,10,5,4,4,13,14,3,2,1,4,0,0,2.5,3.4,2.8,2.5,3.3,2.7,2.4,3.3,2.75,2.4,3.3,2.75,2.58,3.54,2.85,2.6,3.1,2.8,2.5,3.6,2.75,42,2.62,2.49,3.6,3.4,2.91,2.78,37,1.78,1.71,2.2,2.11,24,0,1.88,1.83,2.07,2.01
D1,24/10/15,Ingolstadt,Hertha,0,1,A,0,1,A,18,5,3,1,12,12,8,2,2,3,0,0,2.4,3.2,3.1,2.5,3.2,2.8,2.5,3.1,2.8,2.4,3.1,3,2.53,3.25,3.15,2.5,3.1,2.9,2.5,3.3,3,42,2.53,2.47,3.32,3.16,3.21,2.98,35,2.38,2.29,1.65,1.61,23,-0.25,2.15,2.1,1.83,1.78
D1,24/10/15,Leverkusen,Stuttgart,4,3,H,0,0,D,19,12,6,6,16,13,5,3,2,4,0,0,1.57,4.33,5.5,1.57,4.33,5.5,1.6,3.9,5,1.55,4.2,5.25,1.58,4.58,5.95,1.62,3.6,6,1.57,4.6,5.4,42,1.62,1.57,4.6,4.22,6.04,5.56,33,1.55,1.49,2.68,2.56,24,-1,2.02,1.93,1.98,1.92
D1,24/10/15,Mainz,Werder Bremen,1,3,A,0,3,A,16,14,5,8,19,17,4,4,2,1,0,0,2.05,3.5,3.6,2.05,3.4,3.5,2,3.3,3.6,1.95,3.5,3.6,2.08,3.75,3.66,2.05,3.6,3.4,2.05,3.8,3.5,42,2.08,2.03,3.85,3.57,3.75,3.53,35,1.68,1.63,2.35,2.24,24,-0.5,2.08,2.03,1.87,1.83
D1,25/10/15,Dortmund,Augsburg,5,1,H,3,0,H,19,4,9,3,8,13,6,4,0,2,0,0,1.2,7,13,1.2,7,13,1.25,5.5,10.3,1.18,7,15,1.2,8.05,16,1.22,6,13,1.17,8,17,42,1.25,1.19,8.07,7.01,17,13.71,35,1.4,1.37,3.25,3,23,-2,1.87,1.84,2.08,2.03
D1,25/10/15,M'gladbach,Schalke 04,3,1,H,1,1,D,16,13,10,5,17,19,3,6,2,3,0,1,2.15,3.5,3.3,2.3,3.4,3.1,2.2,3.3,3.1,2.15,3.4,3.25,2.22,3.64,3.39,2.25,3.1,3.4,2.2,3.6,3.3,42,2.3,2.17,3.65,3.44,3.43,3.27,35,1.76,1.68,2.28,2.16,22,-0.5,2.22,2.15,1.79,1.74
D1,30/10/15,Ein Frankfurt,Bayern Munich,0,0,D,0,0,D,8,10,2,2,13,15,5,5,4,2,0,0,15,8,1.17,14,7,1.2,12,5.5,1.22,17,7.5,1.17,19.24,8.52,1.18,17,7.5,1.15,17,8.5,1.15,46,19.24,16.14,8.75,7.57,1.22,1.17,37,1.45,1.35,3.4,3.1,26,2,2.26,2.18,1.87,1.72
D1,31/10/15,Augsburg,Mainz,3,3,D,1,2,A,25,10,10,6,11,16,11,4,3,3,0,0,2.3,3.4,3.1,2.35,3.25,2.95,2.5,3.3,2.65,2.3,3.3,3,2.33,3.53,3.25,2.4,3.1,3.1,2.25,3.6,3.1,47,2.5,2.31,3.6,3.39,3.27,3.04,42,1.92,1.82,2.06,1.97,28,-0.25,2.04,1.98,1.95,1.87
D1,31/10/15,FC Koln,Hoffenheim,0,0,D,0,0,D,13,10,4,4,12,15,5,5,2,1,0,0,2.05,3.5,3.4,2.1,3.3,3.4,2.2,3.3,3.1,2.05,3.4,3.5,2.13,3.59,3.67,2.1,3.3,3.5,2.1,3.6,3.4,47,2.2,2.1,3.61,3.44,3.73,3.45,42,1.87,1.79,2.14,2.01,28,-0.25,1.86,1.82,2.11,2.04
D1,31/10/15,Hertha,M'gladbach,1,4,A,0,2,A,14,11,6,7,10,13,5,4,2,1,0,0,3,3.3,2.4,2.8,3.2,2.5,2.65,3.3,2.5,2.8,3.25,2.4,2.94,3.38,2.6,2.9,3.2,2.5,2.88,3.5,2.45,46,3,2.85,3.5,3.3,2.6,2.48,41,2.09,1.97,1.91,1.83,28,0,2.11,2.05,1.85,1.8
D1,31/10/15,Schalke 04,Ingolstadt,1,1,D,0,1,A,18,7,3,2,17,18,3,3,1,2,0,0,1.8,3.5,4.75,1.83,3.5,4.6,1.8,3.5,4.2,1.8,3.4,4.5,1.83,3.67,5,1.85,3.4,4.5,1.83,3.75,4.4,47,1.87,1.81,3.85,3.57,5,4.52,42,2.07,1.95,1.92,1.84,29,-0.5,1.84,1.81,2.13,2.04
D1,31/10/15,Werder Bremen,Dortmund,1,3,A,1,2,A,8,11,2,6,17,15,1,9,3,0,0,0,7.5,5,1.4,7.75,4.75,1.4,7,4.6,1.4,7,4.75,1.4,8.4,5.33,1.4,7,5,1.4,7,5.4,1.4,47,8.4,7.49,5.4,4.95,1.43,1.39,37,1.48,1.44,3,2.73,27,1.25,2.11,2.03,1.87,1.82
D1,31/10/15,Wolfsburg,Leverkusen,2,1,H,1,1,D,13,15,5,6,17,16,5,5,0,2,0,0,2.63,3.4,2.7,2.65,3.3,2.7,2.4,3.3,2.75,2.5,3.3,2.62,2.64,3.55,2.78,2.62,3.25,2.7,2.6,3.6,2.63,47,2.65,2.58,3.65,3.41,2.83,2.67,41,1.78,1.7,2.23,2.13,29,0,1.95,1.89,2.02,1.95
D1,01/11/15,Hamburg,Hannover,1,2,A,1,0,H,17,5,4,2,12,15,5,3,0,0,0,0,2,3.3,4,2,3.4,3.6,1.9,3.45,3.8,1.91,3.3,4,2.01,3.47,4.26,2,3.1,4.2,1.95,3.5,4.1,47,2.05,1.97,3.6,3.36,4.35,3.98,41,2.25,2.12,1.75,1.7,29,-0.5,2.02,1.97,1.95,1.89
D1,01/11/15,Stuttgart,Darmstadt,2,0,H,0,0,D,18,17,3,5,21,18,7,5,3,2,0,0,1.67,4,5,1.67,3.6,5.25,1.75,3.5,4.5,1.62,3.8,5.25,1.68,4.11,5.45,1.67,3.8,5,1.65,4.2,5.2,47,1.75,1.65,4.2,3.93,5.56,5.11,41,1.78,1.71,2.23,2.11,27,-0.75,1.88,1.83,2.09,2.03
D1,06/11/15,Hannover,Hertha,1,3,A,0,1,A,7,12,2,4,19,9,2,2,2,3,0,0,2.63,3.3,2.7,2.7,3.05,2.7,2.6,3.1,2.7,2.62,3.1,2.7,2.78,3.29,2.81,2.6,3.2,2.75,2.7,3.4,2.7,41,2.81,2.7,3.4,3.18,2.84,2.71,35,2.26,2.17,1.75,1.68,23,0,1.99,1.92,2,1.92
D1,07/11/15,Bayern Munich,Stuttgart,4,0,H,4,0,H,33,5,14,2,8,15,7,3,0,0,0,0,1.1,11,21,1.12,9.75,17.5,1.12,8,16,1.11,10,23,1.12,12.4,22.4,1.11,8,26,1.09,12,26,42,1.13,1.11,12.46,9.96,34,22.2,30,1.28,1.23,4.4,4.08,23,-2.75,2.05,1.98,1.91,1.87
D1,07/11/15,Darmstadt,Hamburg,1,1,D,0,1,A,15,8,3,3,14,18,3,2,4,2,0,0,2.75,3,2.8,2.7,3.05,2.7,2.6,3.2,2.6,2.7,3,2.75,2.77,3.18,2.9,2.7,3.1,2.7,2.7,3.25,2.8,42,2.85,2.7,3.3,3.12,2.9,2.74,34,2.51,2.38,1.65,1.57,24,0,1.98,1.9,2.01,1.94
D1,07/11/15,Hoffenheim,Ein Frankfurt,0,0,D,0,0,D,8,17,2,9,11,13,1,3,1,3,0,0,2.1,3.6,3.4,2.15,3.3,3.3,2.1,3.3,3.3,2.15,3.5,3.2,2.2,3.71,3.38,2.2,3.2,3.4,2.15,3.75,3.25,42,2.2,2.14,3.77,3.5,3.5,3.3,36,1.72,1.65,2.33,2.22,23,-0.25,1.92,1.87,2.03,1.99
D1,07/11/15,Leverkusen,FC Koln,1,2,A,1,1,D,12,17,4,8,18,12,6,9,1,2,1,0,1.5,4.33,6.5,1.53,4.4,6,1.5,4,6.1,1.48,4.5,6,1.51,4.72,6.89,1.5,4.2,6.5,1.5,4.75,6.5,42,1.53,1.48,4.75,4.42,7,6.54,35,1.7,1.64,2.35,2.24,23,-1,1.83,1.78,2.14,2.09
D1,07/11/15,Mainz,Wolfsburg,2,0,H,1,0,H,12,8,5,0,24,22,4,3,2,3,0,1,3.3,3.6,2.15,3.2,3.5,2.2,3.1,3.3,2.2,3.25,3.5,2.1,3.46,3.72,2.16,3.4,3.2,2.2,3.3,3.7,2.15,42,3.46,3.25,3.72,3.51,2.25,2.15,35,1.7,1.65,2.35,2.22,23,0.25,2.06,1.98,1.94,1.87
D1,07/11/15,M'gladbach,Ingolstadt,0,0,D,0,0,D,11,14,5,2,17,17,4,3,1,6,1,0,1.62,3.8,6,1.67,3.9,4.6,1.6,3.7,5.4,1.65,3.8,5.25,1.68,4.03,5.6,1.67,3.5,5.5,1.65,4.1,5.2,42,1.69,1.64,4.1,3.83,6,5.36,37,1.92,1.85,2.05,1.95,23,-0.75,1.9,1.85,2.06,2
D1,08/11/15,Augsburg,Werder Bremen,1,2,A,0,0,D,18,15,6,4,13,20,7,4,1,4,0,0,2.2,3.4,3.3,2.2,3.4,3.1,2.1,3.3,3.3,2.15,3.4,3.25,2.19,3.59,3.51,2.2,3.5,3.1,2.2,3.6,3.3,42,2.25,2.18,3.6,3.45,3.51,3.25,36,1.8,1.74,2.17,2.07,23,-0.25,1.91,1.88,2.04,1.98
D1,08/11/15,Dortmund,Schalke 04,3,2,H,2,1,H,14,9,7,3,10,16,5,3,3,4,0,0,1.3,6,8.5,1.33,5.25,9,1.4,4.4,7.3,1.3,5.75,8.5,1.35,5.97,9,1.36,4.5,9,1.3,6,9.5,42,1.4,1.31,6,5.6,10,8.73,36,1.43,1.37,3.35,3.03,24,-1.5,1.89,1.82,2.09,2.04
D1,20/11/15,Hamburg,Dortmund,3,1,H,2,0,H,7,21,2,7,17,9,2,7,0,1,0,0,8.5,5,1.36,7.75,5.25,1.36,7,4.6,1.4,7.5,5,1.36,8.55,5.27,1.4,9,5,1.33,8,5.4,1.36,43,9,8.01,5.5,5.06,1.42,1.37,33,1.6,1.55,2.7,2.41,27,1.5,1.9,1.83,2.11,2.04
D1,21/11/15,Ein Frankfurt,Leverkusen,1,3,A,1,2,A,9,17,1,11,15,19,3,8,2,1,0,0,3.8,3.6,1.95,3.6,3.6,1.95,3.3,3.3,2.1,3.6,3.6,1.95,3.87,3.75,2.02,3.75,3.4,2,3.7,3.75,2,43,3.9,3.73,3.8,3.59,2.1,1.97,37,1.77,1.7,2.25,2.14,25,0.5,1.94,1.9,2.02,1.97
D1,21/11/15,FC Koln,Mainz,0,0,D,0,0,D,14,7,3,1,14,11,6,1,1,1,0,0,2.15,3.5,3.3,2.15,3.3,3.3,2.2,3.2,3.2,2.15,3.3,3.4,2.21,3.56,3.5,2.2,3.3,3.3,2.15,3.5,3.4,43,2.25,2.15,3.58,3.42,3.56,3.36,38,1.88,1.81,2.11,1.99,25,-0.25,1.93,1.88,2.04,1.99
D1,21/11/15,M'gladbach,Hannover,2,1,H,1,0,H,21,14,9,8,10,11,12,4,1,1,0,0,1.5,4.2,7,1.5,3.9,6.75,1.55,4,5.5,1.48,4.2,7,1.5,4.5,7.62,1.5,4,7,1.5,4.5,6.5,42,1.55,1.49,4.54,4.24,7.75,6.74,37,1.83,1.76,2.1,2.04,25,-1,1.85,1.81,2.11,2.06
D1,21/11/15,Schalke 04,Bayern Munich,1,3,A,1,1,D,5,24,1,8,12,10,4,6,2,0,0,0,13,6.5,1.22,13,6.5,1.26,10,5.2,1.27,11,6,1.25,12.9,6.61,1.26,12,5,1.29,11.5,6.5,1.25,43,13,11.47,6.63,6.12,1.29,1.25,36,1.45,1.42,3.25,2.79,25,2,1.81,1.74,2.21,2.15
D1,21/11/15,Stuttgart,Augsburg,0,4,A,0,3,A,18,13,5,6,8,16,6,4,2,1,0,0,1.95,3.8,3.6,1.95,3.5,3.75,2,3.3,3.6,1.91,3.8,3.6,1.96,3.95,3.89,1.95,3.5,3.8,1.93,4,3.7,43,2.01,1.93,4,3.74,4,3.74,31,1.58,1.52,2.62,2.47,25,-0.5,1.97,1.92,1.98,1.94
D1,21/11/15,Wolfsburg,Werder Bremen,6,0,H,2,0,H,21,9,12,2,12,8,7,3,0,2,0,0,1.57,4,5.75,1.62,4.1,5.25,1.55,4,5.5,1.62,4,5.25,1.66,4.26,5.45,1.62,3.8,5.5,1.65,4.3,5,43,1.67,1.62,4.33,4.09,5.75,5.23,32,1.64,1.6,2.49,2.31,25,-1,2.16,2.09,1.85,1.79
D1,22/11/15,Hertha,Hoffenheim,1,0,H,1,0,H,1,7,0,0,26,16,2,3,2,1,0,0,2,3.5,3.8,2.05,3.3,3.6,2.1,3.3,3.3,2,3.4,3.75,2.06,3.56,3.93,2.1,3.3,3.6,2,3.6,3.75,43,2.1,2.02,3.6,3.42,4,3.72,38,1.98,1.91,1.97,1.88,25,-0.5,2.06,2.01,1.9,1.86
D1,22/11/15,Ingolstadt,Darmstadt,3,1,H,0,1,A,16,8,6,2,19,25,5,5,2,3,0,0,2.05,3.25,4,2.1,3.25,3.5,2.2,3.2,3.2,2.05,3.2,3.8,2.08,3.33,4.2,2.1,3.2,3.75,2.05,3.4,3.9,43,2.2,2.05,3.4,3.22,4.2,3.87,36,2.51,2.38,1.63,1.57,25,-0.5,2.11,2.06,1.86,1.81
D1,27/11/15,Darmstadt,FC Koln,0,0,D,0,0,D,9,12,1,2,16,12,4,7,2,1,0,0,2.9,3.1,2.6,2.75,3.1,2.6,2.6,3.2,2.6,2.9,3.1,2.5,3.07,3.24,2.59,2.88,3.1,2.6,3,3.25,2.6,48,3.07,2.94,3.25,3.13,2.63,2.55,43,2.42,2.33,1.64,1.59,27,0,2.2,2.09,1.83,1.79
D1,28/11/15,Bayern Munich,Hertha,2,0,H,2,0,H,24,4,9,1,14,13,9,1,0,3,0,0,1.08,11,26,1.09,10.5,29,1.1,8,20,1.09,11,34,1.1,13,31,1.1,8,34,1.1,12,29,49,1.1,1.08,13.33,10.51,41,30.64,39,1.37,1.33,3.4,3.23,29,-2.5,1.94,1.8,2.12,2.07
D1,28/11/15,Hannover,Ingolstadt,4,0,H,3,0,H,8,11,4,5,21,14,3,4,3,3,0,0,2.6,3.2,2.8,2.65,3.1,2.7,2.5,3.3,2.65,2.62,3.1,2.75,2.75,3.22,2.89,2.7,3.1,2.7,2.7,3.25,2.88,47,2.75,2.66,3.3,3.11,2.96,2.79,41,2.42,2.3,1.66,1.6,26,0,1.92,1.88,2.02,1.97
D1,28/11/15,Hoffenheim,M'gladbach,3,3,D,2,1,H,18,16,6,8,10,14,8,6,2,1,0,0,3.1,3.5,2.25,3,3.3,2.3,2.9,3.3,2.3,3,3.4,2.25,3.17,3.54,2.37,3.1,3.4,2.25,3.1,3.5,2.3,49,3.2,3.06,3.56,3.42,2.37,2.29,44,1.83,1.76,2.12,2.05,29,0.25,1.92,1.87,2.05,1.99
D1,28/11/15,Mainz,Ein Frankfurt,2,1,H,2,0,H,14,15,8,5,23,17,3,7,4,2,0,1,2.2,3.5,3.2,2.2,3.4,3.1,2.25,3.3,3,2.15,3.4,3.2,2.26,3.61,3.33,2.25,3.4,3.1,2.25,3.6,3.2,49,2.26,2.21,3.65,3.46,3.37,3.17,44,1.75,1.68,2.28,2.16,29,-0.25,1.97,1.92,1.98,1.93
D1,28/11/15,Werder Bremen,Hamburg,1,3,A,0,2,A,14,13,3,6,21,18,6,3,2,1,0,0,2.25,3.4,3.2,2.35,3.25,2.95,2.4,3.3,2.75,2.25,3.3,3.1,2.33,3.48,3.29,2.3,3.2,3.2,2.3,3.5,3.2,49,2.4,2.3,3.5,3.36,3.29,3.1,45,1.96,1.88,1.98,1.9,29,-0.25,2.06,1.99,1.94,1.87
D1,29/11/15,Augsburg,Wolfsburg,0,0,D,0,0,D,13,17,4,3,20,11,4,7,3,2,0,1,3.3,3.4,2.2,3.25,3.4,2.25,3.1,3.3,2.2,3.25,3.5,2.15,3.37,3.59,2.25,3.1,3.4,2.25,3.3,3.5,2.25,49,3.37,3.24,3.6,3.42,2.3,2.2,44,1.8,1.72,2.19,2.09,29,0.25,2,1.95,1.95,1.9
D1,29/11/15,Dortmund,Stuttgart,4,1,H,2,1,H,14,8,9,3,10,13,5,4,1,0,0,0,1.2,7.5,12,1.22,7,11,1.22,5.5,12,1.2,7,11,1.23,7.68,12.78,1.25,5.5,12,1.22,7.5,13,50,1.25,1.22,7.68,6.91,13,11.51,40,1.29,1.25,4.2,3.85,31,-2,1.92,1.87,2.05,1.98
D1,29/11/15,Leverkusen,Schalke 04,1,1,D,0,0,D,18,8,6,3,9,11,9,5,1,2,0,0,1.62,4.2,5.25,1.67,3.9,5.25,1.7,3.7,4.5,1.62,3.8,5.25,1.66,4.19,5.55,1.67,3.8,5,1.7,4.2,5,49,1.7,1.64,4.2,3.97,5.55,5.15,44,1.71,1.65,2.28,2.21,29,0.75,1.92,1.84,2.1,2.01
D1,04/12/15,Schalke 04,Hannover,3,1,H,0,0,D,26,7,8,1,8,13,6,4,1,1,0,0,1.6,4,5.75,1.6,4,5.75,1.65,3.8,4.8,1.57,4,5.5,1.61,4.32,5.92,1.6,4.2,5,1.6,4.33,5.4,46,1.65,1.59,4.33,4.1,6,5.61,40,1.75,1.7,2.25,2.14,29,-1,2.07,2,1.9,1.85
D1,05/12/15,FC Koln,Augsburg,0,1,A,0,0,D,22,22,8,8,17,18,7,6,2,4,0,0,2.2,3.3,3.4,2.25,3.25,3.1,2.4,3.2,2.85,2.2,3.3,3.3,2.26,3.4,3.53,2.3,3.2,3.2,2.2,3.4,3.4,46,2.4,2.22,3.45,3.3,3.53,3.31,41,2.15,2.05,1.82,1.76,25,-0.5,2.26,2.21,1.75,1.7
D1,05/12/15,Hamburg,Mainz,1,3,A,0,1,A,20,11,7,6,19,18,2,3,2,1,0,0,2.25,3.4,3.2,2.3,3.25,3.1,2.3,3.3,2.9,2.3,3.3,3.1,2.38,3.48,3.2,2.4,3.1,3.1,2.3,3.6,3.1,46,2.4,2.31,3.6,3.35,3.3,3.09,41,1.98,1.91,1.99,1.88,27,-0.25,2.05,1.98,1.94,1.88
D1,05/12/15,Hertha,Leverkusen,2,1,H,1,1,D,10,8,4,2,18,15,8,2,1,3,0,1,3.75,3.4,2.05,3.6,3.4,2.1,3.1,3.3,2.2,3.6,3.4,2.05,3.91,3.53,2.08,3.75,3.1,2.1,3.6,3.6,2.05,46,3.91,3.66,3.6,3.39,2.2,2.05,41,2.02,1.96,1.9,1.84,27,0.5,1.87,1.83,2.1,2.03
D1,05/12/15,Ingolstadt,Hoffenheim,1,1,D,0,0,D,9,7,2,2,11,18,2,1,2,1,0,0,2.25,3.3,3.3,2.35,3.3,2.95,2.4,3.3,2.75,2.3,3.2,3.1,2.39,3.32,3.33,2.4,3.1,3.1,2.38,3.4,3.13,46,2.45,2.34,3.4,3.24,3.33,3.13,40,2.29,2.17,1.73,1.68,27,-0.25,2.12,2.01,1.9,1.85
D1,05/12/15,M'gladbach,Bayern Munich,3,1,H,0,0,D,13,22,6,6,13,12,3,9,1,2,0,0,9,5.25,1.33,8,5.25,1.36,7.3,4.4,1.4,8.5,5.25,1.33,9.55,5.59,1.36,9,4.5,1.36,8.5,5.75,1.33,46,10,8.71,5.75,5.19,1.4,1.34,37,1.53,1.49,2.75,2.57,29,1.5,1.96,1.91,2.02,1.94
D1,05/12/15,Wolfsburg,Dortmund,1,2,A,0,1,A,22,14,8,6,14,14,9,5,3,2,0,0,4,4.33,1.75,4.2,3.75,1.83,3.9,3.6,1.85,4,4,1.75,4.24,4.22,1.83,4.2,3.6,1.8,4.1,4.2,1.8,46,4.25,4.05,4.33,4.01,1.85,1.79,36,1.57,1.53,2.62,2.45,26,0.75,1.9,1.85,2.07,2.01
D1,06/12/15,Ein Frankfurt,Darmstadt,0,1,A,0,1,A,15,19,3,4,19,9,10,7,4,3,0,0,1.91,3.4,4.33,1.91,3.4,3.9,2,3.3,3.6,1.85,3.3,4.33,1.95,3.51,4.48,1.95,3.2,4.2,1.93,3.5,4.3,46,2,1.91,3.57,3.41,4.5,4.2,40,2.16,2.05,1.81,1.75,27,-0.5,1.95,1.9,2,1.95
D1,06/12/15,Stuttgart,Werder Bremen,1,1,D,1,0,H,12,7,4,2,18,16,4,5,2,2,0,0,1.95,3.75,3.75,2,3.4,3.6,2.1,3.3,3.3,1.91,3.6,3.8,1.97,3.87,3.93,2,3.3,3.75,1.95,3.9,3.7,46,2.1,1.94,3.9,3.67,4,3.72,35,1.57,1.51,2.63,2.5,27,-0.5,1.98,1.93,1.99,1.92
D1,11/12/15,Mainz,Stuttgart,0,0,D,0,0,D,6,11,4,2,11,12,5,2,1,1,0,0,2.05,3.6,3.5,2.1,3.3,3.4,2.1,3.3,3.3,2,3.5,3.5,2.08,3.77,3.65,2.1,3.6,3.1,2.1,3.75,3.4,48,2.1,2.06,3.8,3.58,3.66,3.45,40,1.67,1.62,2.4,2.27,28,-0.5,2.11,2.06,1.87,1.82
D1,12/12/15,Bayern Munich,Ingolstadt,2,0,H,0,0,D,14,9,8,4,14,22,4,4,2,1,0,0,1.07,13,29,1.08,11,31,1.1,8,20,1.09,11,41,1.09,13,37,1.08,10,34,1.07,12,36,48,1.1,1.08,13.13,10.86,60,35.2,36,1.43,1.4,3,2.85,30,-2.5,1.91,1.85,2.08,2.01
D1,12/12/15,Darmstadt,Hertha,0,4,A,0,2,A,10,9,3,5,18,12,4,3,4,1,0,0,3.1,3.1,2.5,2.9,3.1,2.5,2.65,3.3,2.5,3,3,2.5,3.17,3.18,2.56,3.1,3,2.5,3.1,3.2,2.5,48,3.2,3.03,3.3,3.07,2.61,2.5,37,2.61,2.43,1.57,1.54,27,0,2.2,2.12,1.79,1.75
D1,12/12/15,Hoffenheim,Hannover,1,0,H,1,0,H,14,19,5,2,18,19,3,10,1,3,0,0,1.8,3.5,4.5,1.87,3.4,4.1,2,3.3,3.6,1.83,3.6,4.2,1.88,3.73,4.5,1.91,3.5,4,1.85,3.8,4.2,46,2,1.86,3.8,3.57,4.5,4.21,41,1.94,1.86,2,1.93,27,-0.5,1.9,1.85,2.06,2.01
D1,12/12/15,Leverkusen,M'gladbach,5,0,H,1,0,H,14,6,6,2,13,19,4,2,0,2,0,0,1.95,3.75,3.75,2,3.6,3.7,2.1,3.3,3.3,1.91,3.75,3.6,1.99,3.92,3.81,2,3.5,3.6,2,3.8,3.6,48,2.1,1.96,3.98,3.69,3.85,3.65,42,1.68,1.62,2.38,2.26,28,-0.5,2,1.95,1.96,1.91
D1,12/12/15,Werder Bremen,FC Koln,1,1,D,1,0,H,10,12,6,3,17,9,6,4,3,2,0,0,2.5,3.3,2.88,2.5,3.3,2.7,2.5,3.3,2.65,2.5,3.3,2.8,2.51,3.47,3.01,2.5,3.3,2.8,2.45,3.5,2.88,48,2.55,2.47,3.5,3.32,3.05,2.86,43,1.98,1.91,1.95,1.88,27,0,1.83,1.79,2.15,2.06
D1,12/12/15,Wolfsburg,Hamburg,1,1,D,0,1,A,19,5,9,4,11,21,10,4,1,4,0,0,1.57,4.2,5.75,1.6,4,5.75,1.6,3.7,5.4,1.55,4,5.75,1.58,4.44,6.2,1.6,3.75,6,1.55,4.4,6,48,1.6,1.56,4.44,4.14,6.25,5.84,42,1.72,1.67,2.27,2.17,30,-1,1.97,1.93,1.99,1.93
D1,13/12/15,Augsburg,Schalke 04,2,1,H,1,0,H,22,15,6,5,17,12,6,5,2,1,0,0,2.63,3.5,2.63,2.7,3.3,2.65,2.6,3.2,2.6,2.62,3.3,2.62,2.74,3.51,2.7,2.62,3.3,2.62,2.63,3.6,2.6,48,2.8,2.64,3.6,3.38,2.75,2.62,43,1.87,1.8,2.12,2,26,0,2.06,1.95,1.95,1.89
D1,13/12/15,Dortmund,Ein Frankfurt,4,1,H,1,1,D,24,3,11,2,4,3,14,1,0,0,0,1,1.17,8,15,1.18,7.5,15,1.2,5.8,13,1.17,8,15,1.18,9,16,1.17,7.5,15,1.15,9,17,48,1.2,1.17,9,7.78,19,14.75,36,1.3,1.28,2.16,2.07,28,-2,1.74,1.69,3.75,3.55
D1,18/12/15,Schalke 04,Hoffenheim,1,0,H,1,0,H,16,18,3,1,14,11,3,1,1,2,0,0,1.67,4,5,1.7,3.8,5,1.8,3.5,4.2,1.67,3.8,4.75,1.69,4.19,5.22,1.7,3.8,4.8,1.67,4.2,5,48,1.8,1.68,4.22,3.93,5.25,4.98,42,1.75,1.69,2.25,2.15,28,-0.75,1.9,1.86,2.07,2
D1,19/12/15,Ein Frankfurt,Werder Bremen,2,1,H,1,1,D,16,11,6,4,14,20,6,3,3,5,0,0,2.25,3.4,3.2,2.3,3.25,3.1,2.3,3.3,2.9,2.2,3.4,3.2,2.22,3.63,3.4,2.25,3.2,3.3,2.2,3.6,3.2,48,2.3,2.21,3.63,3.46,3.47,3.19,42,1.75,1.69,2.23,2.13,29,-0.25,2,1.92,2.01,1.93
D1,19/12/15,FC Koln,Dortmund,2,1,H,0,1,A,14,14,6,3,10,15,6,6,3,1,0,0,7,4.75,1.44,6.25,4.75,1.48,6.1,4,1.5,6.5,4.5,1.44,6.82,4.72,1.51,6,4.33,1.5,7,4.75,1.45,48,7.5,6.59,4.82,4.53,1.51,1.47,36,1.63,1.59,2.45,2.31,29,1,2.2,2.13,1.81,1.75
D1,19/12/15,Hamburg,Augsburg,0,1,A,0,0,D,14,17,2,7,13,14,4,6,0,2,0,0,2.4,3.3,3,2.35,3.25,2.95,2.3,3.3,2.9,2.3,3.25,3.1,2.38,3.38,3.29,2.4,3.2,3,2.38,3.4,3.1,48,2.44,2.36,3.44,3.29,3.29,3.05,42,2.14,2.05,1.82,1.75,29,-0.25,2.08,2.02,1.9,1.84
D1,19/12/15,Hannover,Bayern Munich,0,1,A,0,1,A,6,20,1,11,10,10,5,5,0,0,0,0,15,6.5,1.2,13.5,6.25,1.22,10.3,5.5,1.25,13,6.5,1.2,17.1,7.29,1.21,13,6,1.22,15,7,1.2,47,17.3,14.15,7.3,6.48,1.25,1.21,37,1.54,1.49,2.75,2.55,31,2,1.88,1.83,2.12,2.03
D1,19/12/15,Ingolstadt,Leverkusen,0,1,A,0,0,D,11,9,3,2,12,18,6,3,2,3,0,0,4.75,3.5,1.8,4.5,3.7,1.8,3.8,3.45,1.9,4.5,3.5,1.8,4.87,3.68,1.84,4.5,3.4,1.83,4.6,3.7,1.8,47,4.88,4.53,3.75,3.58,1.9,1.8,41,2.2,2.07,1.8,1.74,28,0.5,2.11,2.05,1.85,1.81
D1,19/12/15,Stuttgart,Wolfsburg,3,1,H,2,1,H,9,17,6,7,7,10,1,3,1,1,1,0,3.5,3.6,2,3.4,3.6,2.1,3.1,3.3,2.2,3.25,3.6,2.1,3.53,3.71,2.14,3.2,3.6,2.15,3.3,3.7,2.15,47,3.55,3.36,3.75,3.55,2.2,2.11,37,1.69,1.63,2.45,2.24,28,0.25,2.08,2.01,1.89,1.85
D1,20/12/15,Hertha,Mainz,2,0,H,1,0,H,7,5,5,0,14,12,6,2,0,0,0,0,2.15,3.4,3.4,2.15,3.3,3.3,2.2,3.3,3.1,2.1,3.25,3.5,2.17,3.44,3.72,2.15,3.3,3.4,2.15,3.5,3.5,46,2.2,2.13,3.5,3.34,3.77,3.47,41,2.09,2.01,1.86,1.79,28,-0.25,1.89,1.85,2.08,2.01
D1,20/12/15,M'gladbach,Darmstadt,3,2,H,1,1,D,13,15,5,6,12,20,1,5,1,4,1,0,1.5,4.33,6.5,1.5,4.33,5.75,1.5,4,6.1,1.5,4.2,6,1.54,4.46,6.82,1.5,4,7,1.5,4.5,6.5,47,1.54,1.5,4.5,4.22,7.25,6.54,41,1.82,1.75,2.19,2.06,29,-1,1.92,1.87,2.03,1.98
