Div,Date,HomeTeam,AwayTeam,FTHG,FTAG,FTR,HTHG,HTAG,HTR,Referee,HS,AS,HST,AST,HF,AF,HC,AC,HY,AY,HR,AR,B365H,B365D,B365A,BWH,BWD,BWA,IWH,IWD,IWA,LBH,LBD,LBA,PSH,PSD,PSA,WHH,WHD,WHA,VCH,VCD,VCA,Bb1X2,BbMxH,BbAvH,BbMxD,BbAvD,BbMxA,BbAvA,BbOU,BbMx>2.5,BbAv>2.5,BbMx<2.5,BbAv<2.5,BbAH,BbAHh,BbMxAHH,BbAvAHH,BbMxAHA,BbAvAHA
E1,07/08/15,Brighton,Nott'm Forest,1,0,H,0,0,D,K Stroud,18,17,7,3,16,11,10,3,4,2,0,0,2.3,3.4,3.4,2.2,3.2,3.2,2.4,3.1,2.7,2.3,3.3,3.4,2.39,3.36,3.29,2.3,3.3,3.1,2.38,3.4,3.25,43,2.4,2.29,3.4,3.23,3.5,3.17,41,2.28,2.19,1.72,1.65,24,0,1.75,1.65,2.34,2.25
E1,08/08/15,Birmingham,Reading,2,1,H,1,0,H,P Bankes,5,20,3,7,14,16,2,5,4,5,0,0,2.45,3.4,3.1,2.25,3.3,3,2.4,3.1,2.7,2.5,3.1,3,2.48,3.44,3.02,2.5,3.1,3,2.5,3.4,3,44,2.5,2.41,3.44,3.24,3.1,2.93,41,2.2,2.11,1.83,1.69,25,-0.25,2.14,2.07,1.81,1.77
E1,08/08/15,Blackburn,Wolves,1,2,A,1,2,A,M Haywood,14,10,5,3,5,16,4,3,2,3,0,0,2.63,3.4,2.88,2.4,3.3,2.75,2.3,3.1,2.8,2.62,3.25,2.88,2.59,3.44,2.87,2.62,3,2.9,2.55,3.4,3,44,2.63,2.51,3.44,3.24,3,2.8,43,2.1,1.98,2,1.79,26,0,1.87,1.8,2.11,2.02
E1,08/08/15,Bolton,Derby,0,0,D,0,0,D,A Madley,12,8,2,1,15,13,4,9,1,1,1,0,3.75,3.5,2.1,3.8,3.3,1.95,3.2,3.1,2.1,3.4,3.4,2.1,3.9,3.53,2.06,3.6,3.3,2.1,3.8,3.5,2.1,44,3.9,3.58,3.53,3.36,2.15,2.05,43,2.06,1.97,2,1.8,26,0.5,1.86,1.8,2.09,2.03
E1,08/08/15,Brentford,Ipswich,2,2,D,0,1,A,D Coote,23,15,5,9,12,11,9,5,1,0,0,0,2.05,3.6,3.8,2,3.25,3.7,2,3.2,3.3,2.1,3.3,3.6,2.1,3.68,3.6,2.1,3.3,3.6,2.1,3.6,3.6,44,2.1,2.04,3.68,3.45,3.8,3.48,43,1.9,1.81,2.11,1.96,26,-0.5,2.1,2.04,1.84,1.79
E1,08/08/15,Cardiff,Fulham,1,1,D,0,0,D,D Bond,17,8,4,1,8,6,7,3,1,1,0,0,2.25,3.5,3.4,2.1,3.25,3.4,2.1,3.1,3.2,2.3,3.4,3.1,2.18,3.56,3.49,2.3,3.3,3,2.2,3.5,3.5,43,2.3,2.17,3.56,3.36,3.5,3.27,42,2,1.92,2,1.85,24,-0.25,1.91,1.86,2.04,1.97
E1,08/08/15,Charlton,QPR,2,0,H,0,0,D,R Madley,14,11,4,4,12,13,3,11,3,2,0,0,3,3.4,2.5,2.9,3.2,2.35,2.8,3.1,2.3,3,3.25,2.5,2.95,3.45,2.52,3,3.1,2.5,2.9,3.4,2.55,44,3.05,2.89,3.45,3.25,2.55,2.44,42,2.12,2.02,1.86,1.76,25,0.25,1.81,1.76,2.16,2.08
E1,08/08/15,Hull,Huddersfield,2,0,H,1,0,H,K Hill,11,6,5,1,12,18,8,4,1,3,0,0,1.73,3.8,5.5,1.65,3.6,5,1.6,3.6,4.8,1.73,3.4,5.5,1.71,3.88,5.43,1.73,3.4,5.5,1.75,3.8,5.25,44,1.75,1.69,3.88,3.63,5.5,5.09,42,2.06,1.97,2.1,1.81,25,-0.75,1.98,1.9,2.04,1.92
E1,08/08/15,Leeds,Burnley,1,1,D,0,0,D,K Friend,15,10,4,4,10,10,4,4,1,2,0,0,3,3.4,2.5,2.75,3.2,2.5,2.7,3.1,2.4,2.75,3.3,2.6,3.06,3.32,2.52,2.75,3.2,2.6,3.1,3.3,2.5,43,3.1,2.9,3.4,3.19,2.6,2.46,41,2.33,2.21,1.7,1.64,24,0.25,1.81,1.76,2.16,2.09
E1,08/08/15,Rotherham,Milton Keynes Dons,1,4,A,1,3,A,N Miller,15,8,6,4,9,12,12,2,1,3,0,0,2.88,3.4,2.63,2.7,3.1,2.6,2.4,3.1,2.7,2.6,3.4,2.7,2.93,3.43,2.55,2.7,3.1,2.7,2.88,3.4,2.63,44,2.93,2.74,3.43,3.28,2.75,2.54,43,2.07,1.99,1.87,1.79,26,0,2.1,1.99,1.97,1.83
E1,08/08/15,Sheffield Weds,Bristol City,2,0,H,0,0,D,J Adcock,13,6,5,3,15,14,7,2,1,3,0,0,2.38,3.3,3.3,2.15,3.25,3.25,2.3,3.1,2.8,2.38,3.2,3.2,2.41,3.35,3.2,2.38,3,3.3,2.3,3.3,3.4,44,2.45,2.3,3.4,3.21,3.4,3.14,42,2.21,2.12,1.75,1.69,25,-0.25,2.07,1.99,1.92,1.84
E1,09/08/15,Preston,Middlesbrough,0,0,D,0,0,D,C Kavanagh,9,7,2,0,13,11,1,1,2,1,0,0,3.2,3.4,2.4,2.9,3.25,2.35,2.8,3.1,2.3,3.1,3.3,2.4,3.16,3.3,2.46,3.1,3.1,2.4,3.1,3.4,2.45,43,3.2,3.02,3.4,3.2,2.46,2.37,37,2.33,2.17,1.73,1.65,24,0.25,1.83,1.78,2.13,2.06
E1,15/08/15,Bristol City,Brentford,2,4,A,2,2,D,K Stroud,15,14,5,4,15,13,4,4,1,1,1,0,2.7,3.5,2.7,2.5,3.3,2.65,2.5,3.1,2.6,2.7,3.2,2.7,2.72,3.63,2.62,2.7,3.1,2.7,2.75,3.6,2.63,42,2.8,2.66,3.63,3.37,2.75,2.57,41,1.85,1.77,2.15,2,27,0,2.02,1.96,1.94,1.87
E1,15/08/15,Burnley,Birmingham,2,2,D,0,1,A,D Coote,19,13,7,4,11,11,8,5,3,1,0,0,1.85,3.6,4.75,1.8,3.5,4.25,1.85,3.2,3.8,1.85,3.4,4.5,1.85,3.65,4.72,1.91,3.2,4.5,1.85,3.6,4.8,41,1.91,1.82,3.65,3.49,5,4.43,40,2.17,2.07,1.8,1.73,27,-0.5,1.86,1.81,2.09,2.02
E1,15/08/15,Derby,Charlton,1,1,D,0,0,D,N Miller,27,10,6,3,3,19,14,4,0,2,0,0,1.62,4.1,6,1.6,3.6,5.75,1.55,3.7,5,1.62,4,5.5,1.67,3.98,5.74,1.62,3.6,6,1.62,4.1,6.25,42,1.67,1.6,4.2,3.86,6.25,5.69,42,2.08,1.97,1.88,1.81,27,-1,2.21,2.08,1.83,1.76
E1,15/08/15,Fulham,Brighton,1,2,A,1,1,D,N Swarbrick,13,16,5,6,9,9,4,9,2,2,0,0,2.5,3.4,3,2.3,3.25,2.95,2.2,3.1,3,2.3,3.4,3,2.58,3.32,2.97,2.6,3.2,2.75,2.6,3.4,2.9,42,2.6,2.48,3.4,3.25,3,2.85,41,2.19,2.09,1.76,1.71,27,0,1.86,1.8,2.11,2.04
E1,15/08/15,Huddersfield,Blackburn,1,1,D,1,0,H,P Bankes,16,5,5,2,13,8,7,3,2,0,0,0,2.5,3.4,3,2.5,3.3,2.65,2.4,3.1,2.7,2.5,3.2,2.88,2.49,3.46,2.99,2.6,3.2,2.75,2.5,3.4,2.9,42,2.6,2.44,3.47,3.29,3,2.87,42,2,1.92,1.95,1.86,27,0,1.81,1.76,2.18,2.09
E1,15/08/15,Ipswich,Sheffield Weds,2,1,H,1,1,D,J Linington,17,7,8,3,16,8,13,8,2,2,0,0,2.05,3.5,4,2.1,3.3,3.3,2.1,3.1,3.2,2.1,3.3,3.5,2.1,3.41,3.9,2.1,3.2,3.6,2.1,3.5,3.8,42,2.2,2.07,3.5,3.31,4.2,3.63,38,2.3,2.16,1.71,1.66,27,-0.5,2.15,2.06,1.83,1.78
E1,15/08/15,Middlesbrough,Bolton,3,0,H,3,0,H,J Adcock,17,8,7,1,9,6,7,3,0,0,0,0,1.55,4.2,7,1.55,3.6,6.5,1.55,3.7,5,1.55,3.8,6.5,1.52,4.12,8,1.57,3.6,7,1.53,4.2,7.5,42,1.57,1.52,4.2,3.92,8,6.72,41,2.23,2.1,1.76,1.71,28,-1,1.97,1.92,1.97,1.91
E1,15/08/15,Milton Keynes Dons,Preston,0,1,A,0,1,A,A Madley,14,12,2,1,10,17,10,6,1,3,0,1,2.25,3.4,3.5,2.1,3.25,3.4,2.1,3.1,3.2,2.25,3.4,3.2,2.28,3.39,3.43,2.25,3.2,3.3,2.25,3.4,3.4,42,2.28,2.19,3.4,3.3,3.6,3.31,41,2.15,2.05,1.82,1.75,27,-0.25,1.94,1.88,2.02,1.96
E1,15/08/15,Nott'm Forest,Rotherham,2,1,H,1,1,D,D Bond,20,15,9,4,10,17,11,7,2,3,0,0,1.91,3.6,4.5,1.75,3.6,4.4,1.7,3.4,4.3,1.91,3.5,4,1.88,3.73,4.38,1.91,3.2,4.5,1.93,3.75,4.2,42,1.94,1.87,3.75,3.54,4.8,4.16,42,1.92,1.85,2.04,1.93,28,-0.5,1.94,1.87,2.03,1.96
E1,15/08/15,QPR,Cardiff,2,2,D,1,0,H,S Hooper,16,13,6,5,17,9,9,5,0,0,0,0,2.05,3.5,4,1.95,3.4,3.6,2.1,3.1,3.2,2.05,3.4,3.5,2,3.46,4.25,2.05,3.3,3.6,2.05,3.5,4,42,2.1,2.02,3.5,3.36,4.25,3.73,41,2.25,2.13,1.75,1.68,28,-0.5,2.08,2,1.93,1.83
E1,16/08/15,Reading,Leeds,0,0,D,0,0,D,C Kavanagh,14,9,3,1,18,9,5,4,1,3,0,0,1.91,3.6,4.5,1.9,3.4,3.9,1.8,3.2,4,1.95,3.4,4,1.93,3.57,4.42,1.91,3.4,4.2,1.93,3.6,4.4,41,2,1.9,3.6,3.42,4.5,4.1,40,2.2,2.11,1.8,1.7,27,-0.5,1.97,1.89,2,1.93
E1,16/08/15,Wolves,Hull,1,1,D,0,1,A,A Marriner,15,17,5,6,8,4,6,2,0,1,0,0,2.6,3.4,2.9,2.35,3.2,2.9,2.3,3.1,2.8,2.6,3.25,2.75,2.6,3.3,2.97,2.6,3.2,2.75,2.6,3.4,2.9,41,2.62,2.5,3.4,3.21,3,2.85,39,2.28,2.17,1.73,1.66,26,0,1.85,1.79,2.12,2.04
E1,18/08/15,Blackburn,Cardiff,1,1,D,0,1,A,S Duncan,18,7,7,2,9,11,4,4,2,3,0,0,2.3,3.4,3.4,2.25,3.2,3.1,2.3,3.1,2.8,2.3,3.4,3.1,2.31,3.38,3.37,2.3,3.2,3.2,2.38,3.4,3.25,39,2.4,2.28,3.4,3.24,3.4,3.19,37,2.2,2.09,1.8,1.71,24,-0.25,2.05,1.97,1.91,1.86
E1,18/08/15,Derby,Middlesbrough,1,1,D,0,1,A,S Martin,6,7,4,2,9,16,4,3,1,2,0,0,2.5,3.4,3,2.5,3.1,2.8,2.5,3.1,2.6,2.4,3.3,3,2.63,3.23,2.98,2.5,3.2,2.9,2.63,3.3,2.9,39,2.63,2.51,3.4,3.19,3.1,2.87,36,2.36,2.25,1.69,1.62,25,0,1.87,1.81,2.08,2.02
E1,18/08/15,Huddersfield,Brighton,1,1,D,0,1,A,E Ilderton,12,12,3,4,11,9,6,3,2,3,0,0,2.88,3.4,2.6,2.85,3.2,2.4,2.8,3.1,2.3,2.88,3.25,2.5,2.89,3.27,2.68,2.7,3,2.6,2.9,3.3,2.63,39,3,2.82,3.4,3.16,2.68,2.54,35,2.38,2.26,1.7,1.61,25,0,2.07,2,1.88,1.82
E1,18/08/15,Ipswich,Burnley,2,0,H,0,0,D,S Hooper,13,7,3,4,13,9,9,3,0,1,0,0,2.15,3.5,3.6,2.1,3.2,3.4,2,3.2,3.3,2.2,3.4,3.25,2.12,3.42,3.82,2.15,3.2,3.5,2.1,3.5,3.9,39,2.2,2.08,3.5,3.31,3.9,3.58,37,2.29,2.17,1.73,1.66,25,-0.5,2.12,2.06,1.84,1.78
E1,18/08/15,Milton Keynes Dons,Bolton,1,0,H,0,0,D,S Atwell,11,18,3,5,9,16,2,13,2,3,0,0,1.95,3.6,4.33,1.91,3.5,3.7,1.9,3.2,3.6,1.91,3.5,4.2,1.89,3.68,4.45,1.95,3.25,4.2,1.93,3.6,4.4,39,1.95,1.89,3.68,3.48,4.45,4.08,38,2.04,1.96,1.89,1.82,25,-0.5,1.93,1.88,2.03,1.95
E1,18/08/15,Nott'm Forest,Charlton,0,0,D,0,0,D,D Drysdale,20,10,1,2,9,11,4,4,3,1,0,0,2,3.6,4,1.95,3.3,3.75,2,3.2,3.3,2.1,3.4,3.5,1.95,3.62,4.22,2,3.3,3.5,2.05,3.6,3.9,39,2.1,1.99,3.63,3.41,4.26,3.77,38,2.03,1.95,1.92,1.83,25,-0.5,2.03,1.95,1.98,1.88
E1,18/08/15,Rotherham,Preston,0,0,D,0,0,D,D Coote,9,8,0,4,14,11,1,4,4,2,0,0,3,3.4,2.5,3,3,2.4,2.6,3,2.6,2.7,3.3,2.62,3.06,3.35,2.51,2.8,3.1,2.45,3,3.4,2.5,39,3.06,2.9,3.4,3.2,2.62,2.46,37,2.2,2.11,1.76,1.7,25,0,2.19,2.09,1.83,1.75
E1,19/08/15,Bristol City,Leeds,2,2,D,0,1,A,G Ward,18,7,11,3,5,15,8,3,2,5,0,0,2.1,3.5,3.8,2,3.3,3.6,2,3.2,3.3,2.15,3.4,3.4,2.15,3.43,3.73,2.05,3.25,3.8,2.15,3.5,3.6,40,2.18,2.09,3.5,3.31,3.8,3.52,38,2.22,2.12,1.75,1.69,25,-0.5,2.2,2.1,1.8,1.75
E1,19/08/15,Hull,Fulham,2,1,H,1,0,H,G Salisbury,10,8,2,4,8,9,6,1,0,3,0,0,1.67,4.1,5.5,1.7,3.6,4.6,1.7,3.4,4.3,1.7,3.75,5,1.68,3.9,5.78,1.67,3.8,5,1.67,4,5.75,40,1.7,1.65,4.2,3.75,6,5.28,38,2.1,2.01,1.86,1.78,25,-0.75,1.91,1.86,2.04,1.98
E1,19/08/15,Sheffield Weds,Reading,1,1,D,0,0,D,P Tierney,4,15,2,3,14,13,1,5,2,2,0,0,2.25,3.4,3.5,2.2,3.2,3.2,2.2,3.1,3,2.15,3.3,3.5,2.25,3.39,3.51,2.25,3.2,3.3,2.25,3.4,3.5,40,2.26,2.19,3.4,3.26,3.51,3.33,37,2.26,2.17,1.71,1.65,25,-0.5,2.26,2.17,1.76,1.7
E1,19/08/15,Wolves,QPR,2,3,A,2,1,H,P Bankes,16,20,6,10,10,13,5,2,3,2,0,0,2.1,3.5,3.75,2,3.4,3.5,2,3.2,3.3,2.1,3.4,3.5,2.11,3.47,3.81,2.1,3.3,3.6,2.1,3.5,3.8,40,2.13,2.07,3.5,3.34,3.81,3.57,38,2.17,2.07,1.8,1.72,25,-0.5,2.14,2.06,1.83,1.78
E1,21/08/15,Birmingham,Derby,1,1,D,1,0,H,L Mason,19,20,7,6,8,13,5,8,0,2,0,0,2.88,3.4,2.6,2.75,3.2,2.45,2.7,3.1,2.4,2.9,3.3,2.6,2.91,3.41,2.61,2.9,3.3,2.38,2.88,3.4,2.6,40,3.1,2.84,3.41,3.26,2.63,2.51,38,2.06,1.97,1.88,1.81,26,0,2.07,2,1.88,1.82
E1,22/08/15,Bolton,Nott'm Forest,1,1,D,0,0,D,C Boyeson,21,10,3,3,9,14,8,3,1,4,0,0,2.5,3.4,3,2.35,3.25,2.9,2.3,3.1,2.8,2.5,3.4,2.8,2.42,3.5,3.07,2.5,3.1,3,2.5,3.5,2.9,40,2.55,2.4,3.5,3.31,3.1,2.91,39,2.01,1.92,1.92,1.85,26,0,1.8,1.74,2.18,2.09
E1,22/08/15,Brighton,Blackburn,1,0,H,1,0,H,A Madley,11,12,2,5,14,13,4,6,4,3,0,0,2.05,3.4,4.1,1.95,3.3,3.75,2.1,3.1,3.2,2,3.4,4,2.05,3.44,4.05,2.1,3.2,3.75,2.1,3.4,4,40,2.15,2.03,3.44,3.27,4.33,3.78,37,2.24,2.17,1.74,1.66,25,-0.5,2.11,2.02,1.88,1.82
E1,22/08/15,Burnley,Brentford,1,0,H,1,0,H,D Webb,13,7,3,4,13,10,10,1,1,2,0,0,2.3,3.6,3.2,2.3,3.25,2.95,2.3,3.1,2.8,2.38,3.4,3,2.32,3.56,3.19,2.3,3.4,3,2.3,3.6,3.2,40,2.38,2.26,3.6,3.39,3.21,3.05,38,1.87,1.78,2.1,1.99,25,-0.25,2.02,1.96,1.93,1.88
E1,22/08/15,Cardiff,Wolves,2,0,H,1,0,H,A Davies,9,8,4,0,8,10,3,4,2,1,0,0,2.75,3.4,2.75,2.65,3.1,2.65,2.6,3,2.6,2.6,3.3,2.75,2.75,3.31,2.78,2.7,3.1,2.7,2.75,3.4,2.75,40,2.8,2.67,3.4,3.2,2.78,2.67,38,2.25,2.15,1.75,1.67,26,0,1.96,1.9,1.97,1.91
E1,22/08/15,Charlton,Hull,2,1,H,0,0,D,T Robinson,13,12,5,3,8,8,5,4,2,1,0,0,3.9,3.3,2.15,3.7,3.1,2.05,3.3,3.2,2,3.5,3.3,2.15,3.99,3.31,2.12,3.75,3.1,2.15,3.9,3.4,2.1,40,3.99,3.69,3.4,3.22,2.15,2.08,37,2.38,2.25,1.69,1.61,25,0.5,1.82,1.77,2.15,2.08
E1,22/08/15,Fulham,Huddersfield,1,1,D,0,0,D,J Adcock,16,13,5,6,7,16,10,9,1,2,0,0,2.45,3.4,3.1,2.3,3.3,2.9,2.3,3.1,2.8,2.38,3.4,3,2.44,3.52,3.02,2.5,3.1,3,2.45,3.5,3,40,2.5,2.39,3.52,3.3,3.2,2.92,39,2.02,1.93,1.93,1.84,26,0,1.8,1.75,2.19,2.1
E1,22/08/15,Leeds,Sheffield Weds,1,1,D,0,1,A,M Jones,20,9,3,3,12,20,3,4,2,4,0,0,2.63,3.3,2.9,2.45,3.1,2.85,2.6,3,2.6,2.62,3.3,2.75,2.68,3.22,2.93,2.62,3.1,2.8,2.63,3.4,2.88,40,2.68,2.55,3.4,3.16,3.1,2.83,35,2.38,2.25,1.68,1.61,26,0,1.89,1.83,2.12,2
E1,22/08/15,Middlesbrough,Bristol City,0,1,A,0,1,A,P Tierney,19,12,6,4,12,9,8,1,1,1,0,0,1.57,4.2,6.5,1.53,3.8,6,1.55,3.7,5,1.62,4,5.5,1.56,4.22,6.78,1.57,3.75,6,1.55,4.2,7,40,1.62,1.55,4.22,3.91,7,6.17,39,2.03,1.96,1.88,1.82,26,-1,2.03,1.96,1.93,1.87
E1,22/08/15,Preston,Ipswich,1,2,A,1,1,D,M Brown,16,4,5,2,12,11,3,4,3,0,0,0,2.45,3.3,3.2,2.35,3.1,3,2.3,3.1,2.8,2.5,3.3,2.8,2.47,3.31,3.16,2.5,3.1,3,2.45,3.3,3.2,40,2.55,2.4,3.31,3.16,3.2,3.04,33,2.38,2.26,1.66,1.6,25,-0.25,2.1,2.04,1.86,1.8
E1,22/08/15,QPR,Rotherham,4,2,H,1,0,H,D Whitestone,14,11,5,4,13,12,5,6,1,2,0,0,1.75,3.8,5.25,1.7,3.6,4.6,1.75,3.3,4.2,1.8,3.6,4.5,1.77,3.89,4.94,1.75,3.5,5,1.75,3.8,5,40,1.8,1.73,3.89,3.64,5.25,4.77,39,1.96,1.88,1.98,1.89,25,-0.5,1.77,1.72,2.22,2.14
E1,22/08/15,Reading,Milton Keynes Dons,0,0,D,0,0,D,D Coote,20,3,7,0,14,16,8,2,1,3,0,0,2.2,3.4,3.6,2.15,3.25,3.3,2.1,3.1,3.2,2.2,3.4,3.25,2.2,3.41,3.62,2.2,3.3,3.3,2.15,3.4,3.75,40,2.2,2.13,3.41,3.28,3.75,3.45,37,2.25,2.16,1.73,1.66,25,-0.5,2.2,2.12,1.8,1.73
E1,28/08/15,Blackburn,Bolton,0,0,D,0,0,D,P Tierney,18,8,1,1,16,15,9,6,3,4,0,1,2.15,3.4,3.75,1.91,3.4,3.75,1.85,3.2,3.8,2.1,3.4,3.6,2.13,3.44,3.86,2.05,3.4,3.6,2.1,3.5,3.8,39,2.15,2.06,3.5,3.35,3.86,3.64,37,2.14,2.02,1.86,1.76,24,-0.5,2.13,2.06,1.83,1.78
E1,29/08/15,Brentford,Reading,1,3,A,0,2,A,A Madley,9,16,1,9,21,12,4,4,5,3,0,0,2.25,3.5,3.4,2.2,3.2,3.2,2.2,3.1,3,2.15,3.4,3.4,2.25,3.46,3.43,2.25,3.2,3.3,2.25,3.5,3.3,40,2.3,2.21,3.5,3.34,3.43,3.25,39,2.01,1.88,1.95,1.9,25,-0.25,1.96,1.92,1.99,1.92
E1,29/08/15,Bristol City,Burnley,1,2,A,0,2,A,M Dean,15,9,8,3,3,10,5,5,0,0,0,0,2.5,3.4,3,2.35,3.25,2.85,2.4,3.1,2.7,2.5,3.4,2.8,2.41,3.34,3.22,2.5,3.1,3,2.45,3.4,3.1,40,2.5,2.4,3.4,3.22,3.22,2.99,38,2.22,2.08,1.8,1.72,25,0,1.76,1.72,2.25,2.14
E1,29/08/15,Derby,Leeds,1,2,A,0,1,A,D Bond,12,13,3,2,16,8,6,7,1,0,0,0,1.67,3.8,6,1.65,3.4,5.5,1.6,3.6,4.8,1.7,3.6,5.5,1.63,3.98,6.12,1.7,3.4,5.5,1.67,3.9,5.75,40,1.7,1.63,4,3.73,6.12,5.63,39,2.04,1.96,1.89,1.83,25,-0.75,1.85,1.81,2.11,2.04
E1,29/08/15,Huddersfield,QPR,0,1,A,0,0,D,K Wright,14,9,1,2,11,18,8,2,1,3,0,0,2.6,3.5,2.8,2.5,3.2,2.75,2.5,3.1,2.6,2.62,3.4,2.62,2.61,3.53,2.79,2.62,3.1,2.8,2.6,3.5,2.8,40,2.67,2.54,3.53,3.34,2.8,2.72,39,1.93,1.87,2.01,1.9,26,0,1.91,1.84,2.05,1.99
E1,29/08/15,Hull,Preston,2,0,H,1,0,H,F Graham,15,7,4,1,8,11,6,6,2,3,0,0,2.05,3.4,4.2,2,3.3,3.6,1.9,3.2,3.6,1.95,3.4,4,2.09,3.32,4.09,2.05,3.1,4,2.1,3.4,3.9,40,2.15,2.03,3.6,3.24,4.3,3.89,34,2.51,2.29,1.69,1.59,26,-0.5,2.11,2.03,1.88,1.81
E1,29/08/15,Ipswich,Brighton,2,3,A,0,2,A,K Hill,10,22,3,6,10,11,5,5,4,3,0,0,2.2,3.4,3.6,2.1,3.3,3.3,2.1,3.1,3.2,2.05,3.3,3.75,2.18,3.43,3.64,2.2,3.1,3.5,2.2,3.4,3.6,40,2.2,2.13,3.43,3.27,3.75,3.49,38,2.28,2.16,1.74,1.67,25,-0.25,1.91,1.86,2.05,1.98
E1,29/08/15,Milton Keynes Dons,Birmingham,0,2,A,0,0,D,R Atkin,10,12,0,3,9,15,3,4,2,2,0,0,2.2,3.6,3.4,2.2,3.2,3.2,2.1,3.1,3.2,2.25,3.4,3.2,2.21,3.6,3.39,2.25,3.1,3.4,2.2,3.6,3.4,40,2.25,2.16,3.6,3.38,3.5,3.29,39,1.95,1.86,2.03,1.9,25,-0.25,1.94,1.89,2.01,1.95
E1,29/08/15,Nott'm Forest,Cardiff,1,2,A,0,1,A,O Langford,17,13,5,5,9,7,11,2,0,4,0,0,2.4,3.4,3.2,2.25,3.2,3.1,2.3,3.1,2.8,2.38,3.3,3,2.39,3.47,3.14,2.4,3,3.2,2.45,3.4,3.13,40,2.45,2.34,3.47,3.27,3.2,3.04,38,2.1,2.02,1.88,1.76,25,-0.25,2.09,2.02,1.87,1.82
E1,29/08/15,Rotherham,Fulham,1,3,A,0,2,A,G Eltringham,13,15,7,6,10,13,2,6,1,2,0,0,2.5,3.4,3,2.3,3.3,2.9,2.3,3.1,2.8,2.5,3.3,2.8,2.42,3.57,3.02,2.5,3.1,3,2.45,3.5,3,40,2.51,2.4,3.57,3.32,3.02,2.92,39,2,1.92,1.98,1.86,26,0,1.8,1.74,2.17,2.11
E1,29/08/15,Sheffield Weds,Middlesbrough,1,3,A,0,1,A,M Heywood,10,13,4,5,16,18,5,9,2,3,0,0,3.6,3.4,2.2,3.4,3.2,2.1,3.3,3.2,2,3.3,3.3,2.25,3.56,3.36,2.24,3.5,3.1,2.2,3.6,3.4,2.2,40,3.65,3.46,3.4,3.26,2.25,2.15,34,2.27,2.19,1.7,1.64,25,0.25,2.04,1.98,1.92,1.86
E1,29/08/15,Wolves,Charlton,2,1,H,0,0,D,C Kavanagh,14,9,6,2,13,10,4,3,0,1,0,0,1.85,3.6,4.75,1.75,3.5,4.5,1.7,3.4,4.3,1.85,3.5,4.33,1.88,3.62,4.63,1.85,3.4,4.5,1.9,3.6,4.6,40,1.91,1.84,3.62,3.44,5,4.43,38,2.14,2.04,1.82,1.74,26,-0.5,1.91,1.85,2.07,1.99
E1,11/09/15,Reading,Ipswich,5,1,H,2,1,H,R East,10,12,6,3,10,10,3,2,0,4,0,0,2.25,3.3,3.6,2.25,3.1,3.2,2.1,3.1,3.2,2.25,3.25,3.5,2.28,3.35,3.53,2.25,3.1,3.4,2.3,3.3,3.5,37,2.3,2.23,3.35,3.19,3.65,3.41,32,2.33,2.21,1.72,1.65,24,-0.25,1.96,1.91,1.99,1.92
E1,12/09/15,Birmingham,Bristol City,4,2,H,3,1,H,M Brown,14,10,6,2,11,17,6,3,2,3,0,0,2.55,3.5,2.88,2.4,3.25,2.8,2.4,3.1,2.7,2.5,3.2,2.8,2.51,3.48,2.95,2.5,3.2,2.88,2.55,3.5,2.88,37,2.6,2.46,3.5,3.31,3,2.83,33,2.03,1.97,1.88,1.81,25,0,1.85,1.8,2.1,2.03
E1,12/09/15,Bolton,Wolves,2,1,H,2,0,H,S Duncan,11,21,5,9,12,11,8,9,1,1,0,0,3,3.3,2.6,2.85,3.2,2.4,2.7,3.1,2.4,2.88,3.1,2.5,2.91,3.39,2.59,2.88,3,2.62,2.9,3.3,2.63,37,3,2.86,3.39,3.21,2.63,2.5,32,2.14,2.06,1.8,1.74,25,0,2.08,2.03,1.86,1.8
E1,12/09/15,Brighton,Hull,1,0,H,1,0,H,S Hooper,14,12,3,3,15,10,3,5,3,2,0,0,2.7,3.25,2.88,2.5,3.1,2.8,2.5,3.1,2.6,2.6,2.9,2.9,2.71,3.16,2.95,2.7,2.9,2.9,2.63,3.25,3,37,2.71,2.59,3.25,3.08,3,2.85,27,2.56,2.4,1.6,1.54,25,0,1.88,1.82,2.13,2
E1,12/09/15,Burnley,Sheffield Weds,3,1,H,1,1,D,S Martin,12,13,6,2,10,10,5,6,0,2,0,0,2,3.4,4.33,1.95,3.3,3.75,2,3.2,3.3,1.95,3.25,4,2.02,3.46,4.15,2.05,3.1,4,2,3.4,4.33,37,2.05,1.97,3.5,3.3,4.33,3.98,26,2.32,2.22,1.66,1.62,25,-0.5,2.02,1.96,1.93,1.88
E1,12/09/15,Cardiff,Huddersfield,2,0,H,0,0,D,P Tierney,12,8,6,0,12,7,1,5,1,1,0,0,2.05,3.5,4,1.95,3.3,3.75,1.9,3.2,3.6,2,3.2,3.8,2.07,3.47,3.93,2.1,3.1,3.8,2.05,3.5,3.9,37,2.1,2.02,3.5,3.31,4,3.75,32,2.15,2.07,1.83,1.73,25,-0.5,2.08,2.02,1.87,1.82
E1,12/09/15,Charlton,Rotherham,1,1,D,0,1,A,K Stroud,21,7,8,4,9,10,8,6,2,2,0,0,2,3.6,4,2,3.3,3.6,2,3.2,3.3,1.95,3.25,3.8,2.07,3.52,3.88,2,3.4,3.75,2,3.6,3.9,38,2.07,2,3.6,3.37,4,3.74,33,2.14,2.05,1.82,1.74,25,-0.5,2.07,2.01,1.87,1.83
E1,12/09/15,Leeds,Brentford,1,1,D,0,1,A,N Miller,17,15,5,2,12,18,2,4,2,3,0,0,2.38,3.4,3.25,2.3,3.25,2.95,2.3,3.1,2.8,2.3,3.25,3.1,2.34,3.5,3.21,2.38,3.2,3.1,2.38,3.5,3.13,38,2.39,2.29,3.5,3.33,3.25,3.07,34,2.01,1.93,1.94,1.85,24,-0.25,2.06,1.99,1.91,1.85
E1,12/09/15,Middlesbrough,Milton Keynes Dons,2,0,H,0,0,D,J Simpson,17,8,7,5,11,12,8,6,1,2,0,0,1.57,4,7,1.53,3.9,6,1.55,3.7,5,1.55,3.8,6.5,1.56,4.19,6.94,1.6,3.6,6.5,1.57,4.1,6.5,37,1.6,1.54,4.2,3.93,7,6.27,32,1.98,1.92,1.94,1.87,26,-1,2.02,1.96,1.93,1.88
E1,12/09/15,Preston,Derby,1,2,A,0,2,A,R Clark,19,14,6,4,17,17,5,1,2,2,0,0,2.75,3.3,2.8,2.6,3.2,2.6,2.55,3.1,2.55,2.5,3.1,2.8,2.64,3.33,2.89,2.75,3,2.75,2.63,3.4,2.88,37,2.75,2.59,3.4,3.19,2.9,2.76,27,2.28,2.2,1.7,1.64,25,0,1.88,1.84,2.07,1.99
E1,12/09/15,QPR,Nott'm Forest,1,2,A,0,0,D,K Hill,9,21,2,7,11,16,4,4,1,2,1,0,1.91,3.8,4.2,1.87,3.5,3.8,1.85,3.2,3.8,1.85,3.5,4,1.9,3.86,4.16,1.91,3.4,4.2,1.9,3.8,4.2,38,1.92,1.87,3.86,3.58,4.4,4.06,34,1.9,1.8,2.08,1.98,25,-0.5,1.92,1.86,2.03,1.98
E1,13/09/15,Fulham,Blackburn,2,1,H,2,0,H,T Harrington,16,23,9,9,12,13,4,7,1,4,0,0,2.5,3.4,3,2.4,3.2,2.85,2.3,3.1,2.8,2.4,3.2,2.9,2.51,3.49,2.94,2.5,3.2,2.88,2.5,3.4,2.9,37,2.54,2.45,3.49,3.3,3,2.84,33,2.04,1.97,1.89,1.8,24,0,1.87,1.8,2.1,2.02
E1,15/09/15,Birmingham,Nott'm Forest,0,1,A,0,0,D,M Heywood,6,13,1,3,11,12,3,6,4,2,0,0,2.25,3.6,3.3,2.15,3.3,3.2,2.3,3.1,2.8,2.2,3.3,3.2,2.27,3.59,3.26,2.3,3.2,3.2,2.3,3.6,3.25,42,2.3,2.21,3.6,3.4,3.4,3.16,38,1.85,1.79,2.08,2,25,-0.25,1.98,1.91,1.99,1.92
E1,15/09/15,Bolton,Sheffield Weds,0,0,D,0,0,D,P Bankes,14,10,4,3,8,17,6,2,2,4,0,0,2.6,3.4,2.9,2.35,3.2,2.9,2.4,3.1,2.7,2.5,3.1,2.8,2.6,3.35,2.93,2.6,3,2.9,2.6,3.4,2.9,42,2.6,2.5,3.4,3.23,2.93,2.81,37,2.13,2.03,1.81,1.75,26,0,1.89,1.82,2.08,2
E1,15/09/15,Brighton,Rotherham,2,1,H,1,0,H,J Linington,21,6,8,1,14,10,7,3,1,1,0,0,1.67,3.8,6,1.62,3.7,5.25,1.7,3.4,4.3,1.62,3.6,6,1.61,4.03,6.36,1.62,3.5,6.5,1.65,4,6,42,1.7,1.61,4.03,3.74,7,5.78,37,2.1,2.01,1.87,1.78,26,-1,2.18,2.1,1.8,1.75
E1,15/09/15,Burnley,Milton Keynes Dons,2,1,H,1,1,D,K Wright,17,10,7,1,18,8,8,3,0,3,0,0,1.73,3.8,5.5,1.67,3.6,5,1.75,3.3,4.2,1.67,3.5,5.5,1.69,3.83,5.76,1.73,3.4,5.5,1.73,3.8,5.5,42,1.8,1.69,3.83,3.61,5.76,5.21,37,2.17,2.05,1.85,1.74,25,-1,2.4,2.3,1.67,1.63
E1,15/09/15,Cardiff,Hull,0,2,A,0,1,A,C Sarginson,15,13,3,5,11,10,12,3,4,3,0,0,2.88,3.3,2.7,2.6,3.2,2.6,2.5,3.1,2.6,2.75,3,2.7,2.85,3.24,2.74,2.7,3.1,2.7,2.88,3.25,2.7,42,2.88,2.76,3.3,3.11,2.75,2.64,35,2.42,2.32,1.63,1.58,26,0,2.04,1.97,1.92,1.86
E1,15/09/15,Charlton,Huddersfield,1,2,A,1,2,A,C Breakspear,18,16,4,5,13,12,2,8,1,4,0,0,2.3,3.4,3.4,2.25,3.2,3.1,2.1,3.1,3.2,2.3,3.1,3.25,2.27,3.4,3.44,2.25,3.2,3.3,2.3,3.5,3.3,42,2.3,2.24,3.5,3.26,3.44,3.23,37,2.16,2.07,1.8,1.73,25,0,1.65,1.61,2.43,2.34
E1,15/09/15,Leeds,Ipswich,0,1,A,0,1,A,J Adcock,11,12,1,4,10,14,5,3,3,1,0,0,2.7,3.4,2.8,2.45,3.2,2.8,2.4,3.1,2.7,2.62,3.1,2.7,2.7,3.38,2.79,2.6,3.1,2.8,2.7,3.4,2.75,42,2.72,2.6,3.4,3.2,2.88,2.73,37,2.13,2.03,1.85,1.76,26,0,1.96,1.88,1.99,1.94
E1,15/09/15,Middlesbrough,Brentford,3,1,H,1,0,H,G Salisbury,18,17,4,4,6,11,4,1,3,3,0,0,1.62,4.2,6,1.53,3.9,5.75,1.6,3.6,4.8,1.6,3.8,5.5,1.63,4.22,5.77,1.57,3.8,6,1.62,4.2,6,42,1.63,1.58,4.25,3.98,6.5,5.66,37,1.8,1.74,2.15,2.06,27,-1,2.08,2,1.89,1.83
E1,15/09/15,Preston,Bristol City,1,1,D,0,0,D,E Ilderton,13,15,3,5,7,12,5,12,0,0,0,0,2.38,3.3,3.3,2.2,3.25,3.1,2.4,3.1,2.7,2.25,3.1,3.3,2.31,3.34,3.41,2.3,3.2,3.2,2.38,3.4,3.3,42,2.4,2.26,3.4,3.25,3.41,3.19,37,2.2,2.1,1.77,1.71,25,0,1.75,1.62,2.42,2.31
E1,15/09/15,Reading,Derby,0,1,A,0,0,D,A Davies,12,10,2,2,13,8,7,5,2,2,1,0,2.5,3.4,3,2.35,3.25,2.9,2.5,3.1,2.6,2.4,3.2,2.9,2.51,3.4,3.02,2.5,3.2,2.9,2.5,3.4,3,42,2.55,2.45,3.5,3.25,3.02,2.88,38,2.06,1.98,1.88,1.8,25,0,1.82,1.76,2.19,2.08
E1,16/09/15,QPR,Blackburn,2,2,D,0,1,A,D Deadman,17,11,3,6,8,12,11,13,2,2,0,0,2,3.6,4,1.85,3.5,4,1.85,3.2,3.8,1.91,3.4,3.8,2,3.68,3.93,1.95,3.4,4,2,3.7,3.9,38,2.01,1.95,3.7,3.45,4,3.8,37,1.93,1.86,2.01,1.92,25,-0.5,2.02,1.95,1.92,1.88
E1,18/09/15,Ipswich,Birmingham,1,1,D,1,1,D,K Stroud,18,14,4,4,12,10,7,1,2,2,0,0,1.91,3.7,4.25,1.8,3.5,4.2,1.9,3.2,3.6,1.95,3.6,4,1.9,3.75,4.32,1.91,3.5,4,1.93,3.75,4.2,40,1.95,1.89,3.75,3.55,4.5,4.02,36,1.91,1.85,2.04,1.94,25,-0.5,1.92,1.88,2.02,1.96
E1,19/09/15,Blackburn,Charlton,3,0,H,1,0,H,C Boyeson,16,9,8,3,9,8,11,7,1,0,0,0,1.95,3.6,4.2,1.95,3.4,3.7,2,3.2,3.3,1.91,3.3,4,1.97,3.53,4.26,2,3.2,4,1.95,3.6,4.3,40,2.01,1.95,3.6,3.38,4.5,3.95,35,2.17,2.1,1.78,1.71,25,-0.5,1.99,1.94,1.97,1.9
E1,19/09/15,Brentford,Preston,2,1,H,0,1,A,T Robinson,14,13,7,4,14,11,6,5,3,4,0,0,2.45,3.4,3.1,2.45,3.2,2.8,2.2,3.1,3,2.3,3.25,3,2.37,3.4,3.23,2.4,3.1,3.1,2.45,3.4,3.13,40,2.45,2.33,3.4,3.24,3.23,3.05,35,2.17,2.08,1.79,1.73,24,-0.25,2.08,2.02,1.88,1.83
E1,19/09/15,Bristol City,Reading,0,2,A,0,2,A,S Martin,6,14,2,3,10,11,11,4,2,1,0,0,2.6,3.4,2.9,2.35,3.4,2.8,2.3,3.1,2.8,2.5,3.3,2.7,2.51,3.5,2.93,2.62,3.1,2.8,2.55,3.5,2.88,40,2.62,2.48,3.5,3.3,2.93,2.81,36,2,1.94,1.93,1.84,25,0,1.87,1.8,2.1,2.03
E1,19/09/15,Huddersfield,Bolton,4,1,H,1,1,D,T Kettle,16,7,7,2,8,11,2,1,0,2,0,1,2.25,3.4,3.5,2.2,3.25,3.1,2.2,3.1,3,2.15,3.3,3.3,2.2,3.53,3.48,2.3,3.2,3.2,2.2,3.5,3.5,40,2.3,2.18,3.53,3.33,3.6,3.28,35,2.11,2.02,1.87,1.77,23,-0.25,1.91,1.87,2.02,1.97
E1,19/09/15,Hull,QPR,1,1,D,1,1,D,O Langford,11,9,3,3,6,8,12,4,0,0,0,0,1.95,3.6,4.2,1.91,3.25,4,2,3.2,3.3,1.85,3.4,4.2,1.92,3.56,4.48,1.91,3.3,4.33,1.91,3.6,4.4,40,2,1.9,3.6,3.37,4.5,4.15,35,2.2,2.14,1.77,1.69,25,-0.5,1.95,1.9,2.03,1.95
E1,19/09/15,Milton Keynes Dons,Leeds,1,2,A,0,2,A,D Webb,26,14,8,5,8,12,13,3,1,2,1,0,2.4,3.4,3.2,2.35,3.2,2.9,2.3,3.1,2.8,2.3,3.25,3,2.41,3.41,3.21,2.5,3.2,2.9,2.4,3.4,3.2,40,2.5,2.36,3.5,3.25,3.21,3.01,35,2.15,2.07,1.8,1.73,23,-0.25,2.06,2.02,1.87,1.83
E1,19/09/15,Nott'm Forest,Middlesbrough,1,2,A,1,2,A,L Mason,21,11,8,9,10,16,11,1,2,6,0,0,3.75,3.5,2.1,3.7,3.4,1.95,3.6,3.2,1.9,3.5,3.4,2.05,3.8,3.59,2.07,3.6,3.3,2.1,3.6,3.5,2.15,40,3.85,3.59,3.59,3.38,2.2,2.05,35,2.12,2.04,1.83,1.75,25,0.5,1.85,1.81,2.1,2.04
E1,19/09/15,Rotherham,Cardiff,2,1,H,1,1,D,K Hill,18,5,5,3,10,14,5,4,2,2,0,1,3.2,3.3,2.45,3,3.1,2.35,2.7,3.1,2.4,3,3.25,2.3,3.21,3.39,2.39,2.9,3.2,2.5,3.1,3.3,2.5,40,3.21,2.98,3.39,3.22,2.5,2.39,35,2.22,2.11,1.8,1.71,24,0,2.26,2.15,1.75,1.71
E1,19/09/15,Sheffield Weds,Fulham,3,2,H,2,1,H,S Hooper,10,8,5,3,17,11,6,1,1,2,0,0,2.2,3.5,3.5,2.2,3.2,3.2,2,3.2,3.3,2.15,3.3,3.3,2.19,3.49,3.55,2.15,3.3,3.5,2.25,3.5,3.4,40,2.3,2.14,3.5,3.33,3.65,3.36,36,2.03,1.96,1.9,1.83,24,-0.5,2.23,2.14,1.79,1.73
E1,19/09/15,Wolves,Brighton,0,0,D,0,0,D,J Simpson,6,19,1,8,10,17,3,4,1,2,1,0,2.65,3.3,2.88,2.3,3.25,3,2.2,3.1,3,2.5,3.1,2.75,2.56,3.35,2.97,2.5,3.1,2.9,2.63,3.4,2.88,40,2.65,2.5,3.4,3.19,3.1,2.84,31,2.27,2.17,1.7,1.65,25,0,1.89,1.83,2.09,2
E1,21/09/15,Derby,Burnley,0,0,D,0,0,D,D Whitestone,21,9,4,3,4,10,7,5,0,0,0,0,2.1,3.3,3.5,2.05,3.3,3.5,,,,2.1,3.3,3.4,2.17,3.47,3.61,2.15,3.2,3.5,2.15,3.5,3.6,36,2.2,2.11,3.5,3.31,3.75,3.46,31,2.1,2,1.88,1.78,21,-0.25,1.89,1.83,2.07,2.01
E1,24/09/15,Huddersfield,Nott'm Forest,1,1,D,0,1,A,G Salisbury,13,8,2,4,13,11,11,2,1,1,0,0,2.38,3.25,3,2.45,3.25,2.75,2.55,3.1,2.55,2.4,3.25,2.9,2.52,3.41,2.94,2.3,3.3,3.1,2.5,3.4,3,39,2.63,2.4,3.41,3.24,3.1,2.89,34,2.06,1.98,1.88,1.8,24,-0.25,2.18,2.07,1.82,1.78
E1,25/09/15,Fulham,QPR,4,0,H,3,0,H,K Friend,13,7,7,2,5,10,5,2,0,1,0,0,2.8,3.5,2.63,2.7,3.25,2.5,2.6,3,2.6,2.75,3.4,2.6,2.86,3.44,2.63,2.8,3.1,2.6,2.88,3.5,2.5,41,2.95,2.75,3.55,3.33,2.66,2.54,36,1.79,1.71,2.19,2.1,25,0,2.08,2.01,1.89,1.82
E1,26/09/15,Birmingham,Rotherham,0,2,A,0,1,A,A Woolmer,17,18,1,6,10,11,8,2,0,0,0,0,2.05,3.6,3.8,1.95,3.4,3.6,2,3.2,3.3,2,3.4,3.75,2.04,3.59,3.9,2.05,3.3,3.75,2.05,3.6,3.8,41,2.1,2.01,3.6,3.42,4,3.67,37,2.02,1.92,1.95,1.86,25,-0.5,2.07,2,1.88,1.84
E1,26/09/15,Bolton,Brighton,2,2,D,1,2,A,M Haywood,15,11,8,3,7,8,9,4,1,2,0,1,3.5,3.4,2.25,3.1,3.25,2.2,2.8,3.1,2.3,3.4,3.2,2.2,3.55,3.32,2.26,3.2,3.2,2.3,3.5,3.4,2.25,41,3.55,3.31,3.4,3.21,2.3,2.23,34,2.32,2.23,1.72,1.63,24,0.25,1.99,1.93,1.95,1.9
E1,26/09/15,Brentford,Sheffield Weds,1,2,A,0,1,A,G Eltringham,11,15,5,6,8,19,6,3,2,1,1,1,2.38,3.4,3.2,2.3,3.3,2.9,2.2,3.1,3,2.3,3.4,2.8,2.41,3.58,3.07,2.4,3.1,3.1,2.45,3.5,3,41,2.45,2.34,3.58,3.38,3.25,2.96,37,1.86,1.81,2.13,1.97,24,0,1.78,1.72,2.23,2.15
E1,26/09/15,Burnley,Reading,1,2,A,0,2,A,T Harrington,9,17,5,6,8,9,7,3,1,2,0,0,2.5,3.4,3,2.35,3.2,2.9,2.3,3.1,2.8,2.4,3.1,2.9,2.5,3.28,3.12,2.5,3.1,3,2.55,3.3,3,41,2.55,2.44,3.4,3.17,3.12,2.96,34,2.38,2.26,1.71,1.61,25,0,1.81,1.75,2.17,2.1
E1,26/09/15,Cardiff,Charlton,2,1,H,0,0,D,A Madley,20,13,5,7,6,6,9,4,1,1,0,0,1.85,3.75,4.75,1.9,3.4,3.9,1.9,3.2,3.6,1.85,3.3,4.33,1.91,3.54,4.58,1.91,3.4,4.2,1.95,3.5,4.4,41,1.95,1.89,3.75,3.4,4.75,4.2,36,2.3,2.18,1.77,1.66,25,-0.5,1.93,1.88,2.02,1.96
E1,26/09/15,Hull,Blackburn,1,1,D,0,0,D,A Haines,23,14,4,3,9,15,6,7,2,3,0,0,2.05,3.5,4,1.95,3.3,3.75,2,3.2,3.3,1.95,3.3,3.8,2.03,3.5,4.05,2.05,3.3,3.75,2.05,3.5,4,41,2.1,2.02,3.5,3.36,4.05,3.73,35,2.2,2.13,1.77,1.69,25,-0.5,2.1,1.99,1.9,1.85
E1,26/09/15,Ipswich,Bristol City,2,2,D,0,0,D,P Bankes,20,10,5,3,8,7,11,7,0,3,0,0,2.1,3.5,3.75,2,3.4,3.5,2.1,3.1,3.2,2.05,3.5,3.4,2.04,3.79,3.7,2.1,3.3,3.5,2.1,3.75,3.5,41,2.1,2.04,3.79,3.54,3.75,3.46,36,1.82,1.74,2.16,2.05,25,-0.5,2.11,2.03,1.88,1.81
E1,26/09/15,Milton Keynes Dons,Derby,1,3,A,0,0,D,C Kavanagh,26,10,4,5,11,18,8,2,1,3,0,0,4,3.6,2,3.8,3.4,1.91,3.3,3.2,2,3.75,3.5,1.95,3.88,3.67,2.02,3.8,3.3,2,4.1,3.6,2,41,4.1,3.71,3.7,3.51,2.05,1.97,37,1.95,1.87,2.01,1.91,25,0.5,1.96,1.89,2.01,1.96
E1,26/09/15,Preston,Wolves,1,1,D,1,0,H,T Kettle,8,15,2,4,12,12,3,7,3,2,2,0,2.4,3.4,3.2,2.3,3.25,2.95,2.2,3.1,3,2.3,3.25,3.1,2.37,3.36,3.28,2.4,3.1,3.1,2.38,3.4,3.3,41,2.4,2.31,3.4,3.23,3.32,3.13,36,2.22,2.14,1.78,1.69,23,-0.25,2.02,1.97,1.92,1.87
E1,27/09/15,Middlesbrough,Leeds,3,0,H,2,0,H,N Swarbrick,6,12,2,6,16,12,8,4,3,0,0,0,1.5,4.5,7.5,1.55,3.75,6,1.5,3.8,5.5,1.48,4.2,6.5,1.5,4.5,7.36,1.53,3.75,7,1.5,4.5,7.5,40,1.55,1.48,4.5,4.2,7.5,6.7,36,1.91,1.84,2.06,1.94,25,-1,1.87,1.8,2.11,2.04
E1,29/09/15,Brentford,Birmingham,0,2,A,0,0,D,K Hill,12,17,3,3,10,6,5,6,2,1,0,0,2.25,3.5,3.4,2.2,3.3,3.1,2.3,3.1,2.8,2.25,3.5,3.25,2.21,3.62,3.38,2.2,3.4,3.2,2.25,3.6,3.3,42,2.3,2.18,3.62,3.44,3.4,3.21,38,1.83,1.77,2.11,2.02,24,0,1.7,1.6,2.48,2.36
E1,29/09/15,Fulham,Wolves,0,3,A,0,0,D,D Drysdale,5,16,3,9,11,14,1,3,0,0,1,0,2.3,3.5,3.3,2.25,3.3,3,2.3,3.1,2.8,2.3,3.5,3.1,2.32,3.56,3.19,2.25,3.4,3.1,2.38,3.5,3.13,42,2.38,2.28,3.57,3.4,3.3,3.05,38,1.87,1.8,2.09,1.98,24,0,1.73,1.68,2.32,2.21
E1,02/10/15,Rotherham,Burnley,1,2,A,0,1,A,P Bankes,15,12,3,5,11,9,3,4,3,1,0,0,3.2,3.4,2.38,3.2,3.2,2.2,3,3.1,2.2,3.25,3.3,2.38,3.25,3.39,2.4,3.2,3.2,2.3,3.2,3.4,2.4,42,3.3,3.1,3.41,3.25,2.44,2.34,37,2.21,2.14,1.75,1.68,25,0.25,1.88,1.83,2.08,2.01
E1,03/10/15,Blackburn,Ipswich,2,0,H,2,0,H,A Marriner,15,10,4,3,11,15,5,8,2,3,0,0,2.2,3.6,3.4,2.2,3.3,3.1,2.1,3.1,3.2,2.15,3.3,3.25,2.19,3.55,3.5,2.15,3.5,3.25,2.2,3.6,3.4,43,2.25,2.16,3.6,3.4,3.5,3.26,39,1.92,1.85,2.03,1.92,24,-0.25,1.9,1.87,2.04,1.97
E1,03/10/15,Brighton,Cardiff,1,1,D,1,1,D,C Breakspear,20,6,8,3,6,12,11,2,0,4,0,0,1.85,3.6,4.75,1.8,3.5,4.2,1.9,3.2,3.6,1.85,3.3,4.33,1.93,3.54,4.49,1.91,3.3,4.2,1.9,3.6,4.6,43,1.92,1.86,3.6,3.39,4.75,4.29,37,2.25,2.18,1.72,1.66,25,-0.5,1.93,1.87,2.03,1.97
E1,03/10/15,Bristol City,Milton Keynes Dons,1,1,D,1,0,H,D Bond,6,11,3,4,13,13,1,3,3,5,0,0,1.91,3.8,4.2,1.83,3.5,4.1,1.9,3.2,3.6,1.85,3.6,3.8,1.94,3.8,4.05,1.95,3.2,4.2,1.95,3.8,4,43,1.95,1.9,3.8,3.57,4.2,3.89,38,1.81,1.73,2.19,2.07,26,-0.5,1.95,1.9,1.99,1.94
E1,03/10/15,Derby,Brentford,2,0,H,2,0,H,J Simpson,21,11,6,5,11,14,12,3,3,3,0,0,1.7,4,5.5,1.67,3.5,5,1.65,3.5,4.5,1.67,3.8,4.5,1.72,4.2,4.88,1.73,3.8,4.6,1.7,4.2,5,43,1.73,1.68,4.2,3.84,5.5,4.78,37,1.79,1.7,2.26,2.11,24,-0.75,1.93,1.89,2,1.95
E1,03/10/15,Leeds,Birmingham,0,2,A,0,1,A,P Tierney,13,13,4,5,17,17,13,5,3,1,0,0,2.35,3.5,3.2,2.2,3.25,3.1,2.2,3.1,3,2.3,3.3,3,2.34,3.47,3.23,2.38,3.2,3,2.38,3.5,3.13,43,2.38,2.28,3.5,3.32,3.25,3.08,38,2.09,2,1.87,1.79,24,0,1.7,1.66,2.35,2.24
E1,03/10/15,Nott'm Forest,Hull,0,1,A,0,1,A,N Miller,28,15,8,8,11,8,9,8,2,3,1,0,2.8,3.2,2.8,2.55,3.25,2.65,2.6,3,2.6,2.62,3.1,2.7,2.69,3.39,2.79,2.75,3,2.75,2.8,3.3,2.75,44,2.8,2.66,3.39,3.15,2.8,2.69,38,2.25,2.15,1.73,1.68,25,0,1.98,1.91,1.99,1.91
E1,03/10/15,QPR,Bolton,4,3,H,2,2,D,D Drysdale,19,11,10,4,15,14,4,3,3,0,0,0,2.15,3.6,3.6,2.05,3.3,3.4,2,3.2,3.3,2.05,3.3,3.5,2.11,3.55,3.72,2.2,3.2,3.4,2.15,3.5,3.6,43,2.2,2.1,3.6,3.37,3.72,3.44,38,2.11,2.02,1.93,1.77,25,-0.5,2.16,2.1,1.81,1.76
E1,03/10/15,Reading,Middlesbrough,2,0,H,1,0,H,K Stroud,14,6,4,1,17,11,3,3,1,2,0,0,2.6,3.4,2.9,2.5,3.2,2.7,2.6,3.1,2.5,2.4,3.3,2.8,2.62,3.4,2.87,2.7,3.1,2.7,2.6,3.4,2.88,43,2.7,2.56,3.4,3.19,2.91,2.78,37,2.25,2.15,1.77,1.67,25,0,1.93,1.83,2.09,2
E1,03/10/15,Sheffield Weds,Preston,3,1,H,1,0,H,A Woolmer,13,10,6,4,9,13,6,8,0,1,0,0,2.2,3.5,3.5,2.1,3.5,3.1,2.1,3.1,3.2,2.15,3.3,3.3,2.19,3.5,3.54,2.25,3.2,3.3,2.2,3.5,3.5,43,2.25,2.15,3.5,3.31,3.6,3.35,38,2.25,2.14,1.75,1.69,25,-0.5,2.2,2.14,1.79,1.73
E1,03/10/15,Wolves,Huddersfield,3,0,H,1,0,H,C Kavanagh,14,12,8,6,14,13,6,4,3,2,0,0,2.05,3.6,3.8,2,3.3,3.6,2,3.2,3.3,2,3.4,3.6,2.06,3.55,3.86,2.05,3.4,3.6,2.1,3.6,3.75,44,2.1,2.02,3.6,3.41,3.86,3.62,40,2.04,1.97,1.9,1.82,25,-0.5,2.09,2.02,1.87,1.82
E1,04/10/15,Charlton,Fulham,2,2,D,0,1,A,J Linington,21,18,7,8,8,8,10,5,1,1,0,0,2.6,3.5,2.8,2.6,3.3,2.55,2.5,3.1,2.6,2.5,3.3,2.62,2.69,3.52,2.74,2.7,3.1,2.7,2.63,3.5,2.8,43,2.7,2.59,3.52,3.32,2.8,2.65,38,1.9,1.81,2.04,1.96,25,0,1.94,1.88,2.02,1.94
E1,16/10/15,Bristol City,Nott'm Forest,2,0,H,2,0,H,L Mason,14,18,7,5,11,14,6,10,1,2,0,0,2.25,3.5,3.4,2.2,3.4,3,2.1,3.1,3.2,2.25,3.4,3.25,2.24,3.54,3.43,2.25,3.2,3.3,2.3,3.5,3.25,45,2.3,2.22,3.65,3.39,3.55,3.21,41,1.95,1.87,1.97,1.91,25,-0.25,1.99,1.91,1.99,1.93
E1,17/10/15,Birmingham,QPR,2,1,H,1,1,D,C Boyeson,8,8,3,4,8,18,5,2,1,2,0,0,2.3,3.6,3.2,2.3,3.25,2.95,2.2,3.1,3,2.25,3.3,3.1,2.28,3.56,3.28,2.3,3.2,3.2,2.3,3.6,3.2,46,2.38,2.27,3.6,3.34,3.28,3.12,42,2.01,1.93,1.91,1.84,26,-0.25,2.02,1.95,1.94,1.88
E1,17/10/15,Brentford,Rotherham,2,1,H,1,0,H,I Williamson,8,14,4,6,20,15,5,4,2,2,0,0,2.15,3.6,3.6,2.1,3.4,3.25,2,3.2,3.3,2.05,3.4,3.4,2.09,3.68,3.64,2,3.4,3.4,2.1,3.7,3.6,46,2.15,2.08,3.7,3.49,3.64,3.39,42,1.86,1.8,2.09,1.98,27,-0.5,2.15,2.08,1.83,1.77
E1,17/10/15,Burnley,Bolton,2,0,H,0,0,D,G Scott,10,14,7,7,13,10,5,4,2,3,0,0,1.85,3.75,4.5,1.8,3.4,4.25,1.8,3.2,4,1.8,3.5,4.33,1.83,3.79,4.69,1.75,3.5,4.33,1.87,3.75,4.5,46,1.85,1.8,3.79,3.57,4.69,4.35,42,2,1.93,1.92,1.85,27,-0.5,1.85,1.8,2.11,2.04
E1,17/10/15,Ipswich,Huddersfield,0,0,D,0,0,D,A Davies,11,7,4,3,13,8,4,6,3,1,0,1,1.91,3.75,4.2,1.9,3.4,3.9,1.85,3.2,3.8,1.85,3.5,3.8,1.96,3.72,4.06,1.95,3.5,3.8,1.93,3.75,4.2,46,1.96,1.9,3.77,3.56,4.2,3.92,42,1.92,1.86,2,1.92,27,-0.5,1.96,1.89,2.01,1.94
E1,17/10/15,Leeds,Brighton,1,2,A,1,1,D,D Deadman,6,14,2,5,10,13,3,7,0,2,0,0,3.4,3.2,2.38,3,3.2,2.3,3,3.1,2.2,3.25,3.1,2.25,3.47,3.29,2.31,3.1,3.1,2.4,3.4,3.3,2.38,46,3.47,3.23,3.3,3.18,2.4,2.3,35,2.41,2.27,1.66,1.6,26,0.25,1.95,1.89,2,1.94
E1,17/10/15,Middlesbrough,Fulham,0,0,D,0,0,D,P Bankes,18,13,6,3,10,5,6,1,3,3,0,0,1.55,4.33,6.5,1.53,3.9,6,1.6,3.6,4.8,1.55,4,5.75,1.56,4.44,6.24,1.57,3.8,6,1.55,4.5,6.25,46,1.6,1.54,4.5,4.11,6.5,5.97,41,1.79,1.74,2.17,2.05,28,-1,1.99,1.92,1.96,1.9
E1,17/10/15,Milton Keynes Dons,Blackburn,3,0,H,1,0,H,J Linington,21,10,9,3,9,8,8,4,2,2,0,1,2.9,3.5,2.55,2.75,3.2,2.45,2.8,3.1,2.3,2.8,3.3,2.4,2.97,3.49,2.49,2.9,3.2,2.5,2.9,3.5,2.5,46,2.97,2.84,3.5,3.33,2.6,2.44,42,1.92,1.86,2.01,1.92,27,0,2.15,2.06,1.81,1.78
E1,17/10/15,Preston,Cardiff,0,0,D,0,0,D,S Atwell,18,17,1,2,4,8,6,1,0,1,0,0,2.35,3.4,3.3,2.35,3.1,3,2.3,3.1,2.8,2.3,3.1,3.2,2.35,3.32,3.35,2.4,3.1,3.1,2.3,3.4,3.4,46,2.4,2.32,3.4,3.19,3.4,3.16,39,2.38,2.24,1.72,1.62,26,-0.25,2.02,1.96,1.95,1.87
E1,17/10/15,Reading,Charlton,1,0,H,0,0,D,R Lewis,23,2,4,1,4,19,7,1,0,2,0,1,1.53,4.33,7,1.5,3.75,6.75,1.55,3.7,5,1.5,4,6.5,1.52,4.32,7.34,1.53,3.75,7,1.55,4.2,7,46,1.55,1.51,4.33,4.05,7.34,6.59,42,2.03,1.95,1.93,1.83,28,-1,1.94,1.88,2.01,1.95
E1,17/10/15,Sheffield Weds,Hull,1,1,D,1,0,H,K Stroud,10,16,2,6,13,13,5,6,2,2,0,0,2.7,3.3,2.88,2.45,3.2,2.75,2.5,3.1,2.6,2.62,3.1,2.7,2.77,3.26,2.8,2.7,3.1,2.7,2.75,3.3,2.8,45,2.77,2.64,3.3,3.15,2.88,2.74,34,2.38,2.26,1.65,1.6,26,0,1.94,1.88,2,1.94
E1,18/10/15,Derby,Wolves,4,2,H,3,1,H,A Madley,20,7,11,2,8,16,7,2,1,2,0,0,1.85,3.75,4.5,1.75,3.5,4.5,1.7,3.4,4.3,1.8,3.6,4.33,1.83,3.81,4.59,1.85,3.5,4.33,1.83,3.8,4.6,46,1.87,1.81,3.81,3.6,4.6,4.36,42,2.04,1.94,1.92,1.83,26,-0.75,2.11,2.04,1.86,1.8
E1,20/10/15,Bolton,Birmingham,0,1,A,0,1,A,G Eltringham,16,14,6,8,22,10,6,4,4,3,0,0,2.6,3.4,2.9,2.35,3.4,2.75,2.5,3.1,2.6,2.4,3.25,2.8,2.57,3.39,2.94,2.5,3.2,2.9,2.55,3.5,2.88,46,2.6,2.47,3.5,3.27,2.95,2.83,42,2.07,1.97,1.9,1.81,27,0,1.85,1.79,2.13,2.05
E1,20/10/15,Brighton,Bristol City,2,1,H,0,1,A,I Williamson,18,8,6,5,10,9,4,5,3,3,0,0,1.91,3.6,4.5,1.91,3.4,3.75,1.7,3.4,4.3,1.85,3.4,4.2,1.91,3.6,4.47,1.91,3.3,4.33,1.93,3.6,4.4,45,1.93,1.88,3.6,3.46,4.5,4.15,42,2.06,1.97,1.88,1.81,27,-0.5,1.93,1.88,2.03,1.95
E1,20/10/15,Cardiff,Middlesbrough,1,0,H,0,0,D,D Whitestone,14,17,5,5,11,12,5,6,2,2,0,0,3.5,3.4,2.25,3.25,3.25,2.15,3.2,3.1,2.1,3.4,3.25,2.15,3.51,3.41,2.24,3.4,3.1,2.25,3.5,3.4,2.25,44,3.52,3.34,3.41,3.26,2.27,2.19,39,2.35,2.21,1.71,1.64,24,0,2.49,2.39,1.62,1.58
E1,20/10/15,Charlton,Preston,0,3,A,0,2,A,S Hooper,8,18,1,5,9,13,2,6,2,3,0,0,2.7,3.4,2.75,2.6,3.25,2.6,2.3,3.1,2.8,2.62,3.1,2.62,2.72,3.31,2.82,2.7,3,2.8,2.75,3.2,2.88,45,2.8,2.63,3.4,3.16,2.88,2.72,41,2.25,2.17,1.73,1.66,27,0,1.92,1.87,2.01,1.95
E1,20/10/15,Huddersfield,Milton Keynes Dons,2,0,H,0,0,D,P Bankes,9,9,5,1,13,9,4,5,4,2,0,0,2.15,3.6,3.5,2.1,3.3,3.3,2.1,3.1,3.2,2.05,3.4,3.4,2.08,3.61,3.73,2.15,3.1,3.6,2.1,3.6,3.6,45,2.15,2.08,3.61,3.4,3.73,3.45,42,1.98,1.88,1.97,1.89,26,-0.5,2.13,2.07,1.84,1.78
E1,20/10/15,Hull,Ipswich,3,0,H,2,0,H,C Kavanagh,15,15,5,2,9,13,2,4,2,1,0,0,2,3.4,4.33,1.95,3.4,3.7,1.9,3.2,3.6,1.95,3.3,4,1.99,3.48,4.26,2,3.1,4.2,2.05,3.4,4.1,45,2.05,1.96,3.5,3.34,4.33,3.96,39,2.3,2.2,1.72,1.64,26,-0.5,2.04,1.95,1.95,1.89
E1,20/10/15,Nott'm Forest,Burnley,1,1,D,0,0,D,S Atwell,12,15,5,2,8,6,5,6,3,2,1,0,2.88,3.4,2.6,2.6,3.2,2.6,2.5,3.1,2.6,2.7,3.3,2.5,2.77,3.45,2.68,2.75,3,2.75,2.75,3.4,2.7,44,2.88,2.71,3.45,3.26,2.75,2.59,41,2.06,1.96,1.88,1.81,26,0,2.05,1.97,1.92,1.85
E1,20/10/15,QPR,Sheffield Weds,0,0,D,0,0,D,A Haines,19,6,2,0,14,9,5,4,1,0,0,0,2.6,3.4,2.88,2.35,3.3,2.85,2.5,3.1,2.6,2.5,3.25,2.75,2.61,3.4,2.87,2.6,3.1,2.88,2.63,3.4,2.88,44,2.64,2.52,3.4,3.25,2.91,2.8,40,2.11,1.99,1.9,1.78,26,0,1.9,1.83,2.07,1.99
E1,20/10/15,Rotherham,Reading,1,1,D,0,1,A,J Simpson,19,17,6,6,14,8,6,6,2,1,0,0,4.5,3.5,1.95,3.8,3.25,1.95,3.6,3.2,1.9,4.2,3.4,1.85,4.62,3.52,1.92,4,3.25,2,4.4,3.5,1.95,44,4.62,4.11,3.6,3.38,2,1.91,40,2.25,2.14,1.75,1.68,26,0.5,2.02,1.95,1.92,1.88
E1,21/10/15,Blackburn,Derby,0,0,D,0,0,D,D Drysdale,10,10,3,1,9,12,6,2,4,2,0,0,3,3.4,2.5,2.9,3.3,2.3,3,3.1,2.2,2.9,3.3,2.38,3.01,3.5,2.46,3,3.25,2.4,3,3.6,2.45,46,3.1,2.9,3.6,3.33,2.5,2.38,42,1.93,1.86,2,1.92,26,0,2.19,2.11,1.78,1.73
E1,21/10/15,Fulham,Leeds,1,1,D,1,0,H,K Hill,11,16,2,8,16,10,3,6,4,1,0,0,2.15,3.5,3.6,2.05,3.4,3.3,2,3.2,3.3,2.05,3.4,3.4,2.12,3.62,3.61,2.15,3.25,3.5,2.15,3.5,3.6,46,2.15,2.08,3.62,3.41,3.7,3.42,42,2.02,1.93,1.93,1.84,27,-0.5,2.12,2.06,1.84,1.79
E1,21/10/15,Wolves,Brentford,0,2,A,0,1,A,P Tierney,15,15,3,7,7,13,4,3,1,2,0,0,1.95,3.7,4.1,1.9,3.5,3.75,1.85,3.2,3.8,1.85,3.5,3.8,1.93,3.78,4.11,2,3.25,4,1.95,3.75,4.1,45,2,1.91,3.8,3.56,4.11,3.84,41,1.84,1.76,2.1,2.02,26,-0.5,1.96,1.91,1.99,1.93
E1,23/10/15,Rotherham,Sheffield Weds,1,2,A,0,0,D,M Jones,11,16,3,6,13,18,1,1,2,4,0,0,3,3.4,2.5,2.9,3.2,2.35,2.8,3.1,2.3,3.1,3.3,2.4,3.02,3.39,2.54,2.9,3.25,2.5,3,3.4,2.5,43,3.13,2.95,3.4,3.21,2.55,2.46,38,2.2,2.11,1.75,1.71,23,0.25,1.8,1.76,2.17,2.1
E1,24/10/15,Blackburn,Burnley,0,1,A,0,0,D,K Stroud,18,5,6,2,10,12,4,0,0,0,0,0,2.5,3.4,3,2.45,3.1,2.85,2.5,3.1,2.6,2.4,3.2,2.9,2.49,3.36,3.06,2.5,3.1,2.9,2.5,3.4,3,43,2.53,2.44,3.4,3.22,3.06,2.92,38,2.17,2.06,1.8,1.73,24,0,1.82,1.76,2.17,2.1
E1,24/10/15,Bolton,Leeds,1,1,D,1,0,H,S Hooper,8,12,3,3,15,8,4,7,0,1,1,0,2.45,3.4,3.1,2.3,3.2,3,2.2,3.1,3,2.4,3.25,2.9,2.5,3.4,3.02,2.5,3.2,2.88,2.5,3.4,3,44,2.5,2.4,3.4,3.24,3.15,2.96,39,2.16,2.07,1.81,1.73,24,-0.25,2.16,2.1,1.81,1.77
E1,24/10/15,Brighton,Preston,0,0,D,0,0,D,A Davies,10,11,1,3,9,8,6,7,1,3,0,0,1.8,3.6,5.25,1.7,3.5,4.75,1.8,3.2,4,1.75,3.4,4.75,1.79,3.66,5.23,1.83,3.4,4.5,1.83,3.6,5,43,1.83,1.78,3.66,3.5,5.25,4.7,36,2.3,2.18,1.73,1.65,24,-0.5,1.8,1.77,2.17,2.09
E1,24/10/15,Charlton,Brentford,0,3,A,0,1,A,S Atwell,13,16,6,4,11,9,1,4,1,0,0,0,2.8,3.5,2.6,2.6,3.25,2.6,2.4,3.1,2.7,2.62,3.3,2.6,2.79,3.55,2.6,2.7,3.1,2.7,2.75,3.5,2.63,44,2.8,2.67,3.55,3.33,2.7,2.58,40,1.91,1.81,2.1,1.96,25,0,2.03,1.95,1.92,1.88
E1,24/10/15,Fulham,Reading,4,2,H,0,1,A,F Graham,11,9,7,4,12,9,10,3,2,3,0,0,3.5,3.5,2.2,3.2,3.4,2.1,3.2,3.1,2.1,3.3,3.4,2.1,3.75,3.55,2.1,3.4,3.2,2.2,3.4,3.6,2.2,44,3.75,3.4,3.6,3.38,2.2,2.12,40,2.05,1.94,1.93,1.83,24,0.25,2.11,2.02,1.87,1.82
E1,24/10/15,Huddersfield,Derby,1,2,A,1,1,D,T Harrington,15,17,6,8,9,9,8,9,2,0,0,0,3.6,3.6,2.15,3.6,3.2,2.05,3.3,3.2,2,3.3,3.4,2.1,3.43,3.58,2.2,3.4,3.3,2.15,3.7,3.6,2.1,44,3.7,3.41,3.6,3.42,2.2,2.1,40,2.05,1.95,1.91,1.83,25,0.5,1.82,1.77,2.2,2.09
E1,24/10/15,Hull,Birmingham,2,0,H,2,0,H,E Ilderton,15,7,6,3,9,9,7,5,2,2,0,0,1.8,3.75,5,1.8,3.5,4.2,1.75,3.3,4.2,1.75,3.4,4.75,1.79,3.69,5.2,1.83,3.5,4.33,1.8,3.7,5,44,1.83,1.77,3.75,3.53,5.2,4.7,39,2.23,2.13,1.76,1.68,24,-0.5,1.81,1.76,2.16,2.1
E1,24/10/15,Nott'm Forest,Ipswich,1,1,D,0,0,D,P Tierney,18,9,5,3,9,15,8,4,0,4,0,0,2.4,3.5,3.1,2.4,3.25,2.8,2.3,3.1,2.8,2.3,3.3,3,2.45,3.44,3.06,2.4,3.2,3,2.45,3.5,3,44,2.45,2.36,3.5,3.33,3.14,2.96,40,2,1.89,1.97,1.88,24,-0.25,2.14,2.06,1.84,1.79
E1,24/10/15,QPR,Milton Keynes Dons,3,0,H,0,0,D,S Duncan,21,4,7,1,13,4,11,8,1,1,0,0,2.1,3.6,3.75,1.95,3.5,3.6,2,3.2,3.3,2,3.4,3.6,2.08,3.61,3.81,2.1,3.2,3.6,2.1,3.6,3.7,43,2.1,2.04,3.61,3.43,3.84,3.57,40,1.96,1.88,1.99,1.89,24,-0.25,1.82,1.78,2.14,2.08
E1,24/10/15,Wolves,Middlesbrough,1,3,A,1,0,H,J Linington,18,15,5,8,11,12,7,3,2,5,0,0,3.4,3.4,2.3,2.95,3.2,2.35,2.8,3.1,2.3,3.1,3.3,2.25,3.43,3.47,2.27,3,3.2,2.4,3.3,3.4,2.38,43,3.43,3.18,3.47,3.24,2.4,2.27,38,2.28,2.14,1.75,1.68,23,0.25,1.99,1.92,2.01,1.92
E1,26/10/15,Cardiff,Bristol City,0,0,D,0,0,D,C Pawson,9,20,0,6,9,12,4,9,1,0,0,0,2.35,3.4,3.25,2.2,3.2,3.2,2.2,3.1,3,2.3,3.3,3,2.35,3.52,3.17,2.3,3.3,3.1,2.38,3.5,3.13,41,2.39,2.29,3.52,3.32,3.4,3.09,37,2.01,1.92,1.94,1.85,22,-0.25,2.08,2.01,1.89,1.84
E1,29/10/15,Leeds,Blackburn,0,2,A,0,2,A,T Robinson,8,9,2,4,9,20,3,1,1,2,0,0,2.55,3.25,2.75,2.45,3.3,2.7,2.5,3.1,2.6,2.6,3.1,2.7,2.68,3.33,2.84,2.7,3,2.8,2.55,3.3,2.8,42,2.7,2.55,3.4,3.22,2.88,2.74,37,2.2,2.11,1.76,1.7,26,0,1.9,1.84,2.05,1.98
E1,30/10/15,Brentford,QPR,1,0,H,0,0,D,S Hooper,11,7,5,2,6,12,2,1,2,3,0,0,2.5,3.6,2.88,2.3,3.3,2.9,2.2,3.1,3,2.38,3.5,2.9,2.49,3.58,2.96,2.5,3.4,2.75,2.5,3.6,2.9,46,2.62,2.43,3.6,3.39,3,2.84,40,1.8,1.75,2.16,2.05,27,-0.25,2.17,2.09,1.83,1.76
E1,31/10/15,Birmingham,Wolves,0,2,A,0,1,A,P Bankes,15,13,1,6,10,10,8,6,0,1,0,0,2.63,3.3,2.9,2.45,3.25,2.75,2.5,3.1,2.6,2.5,3.25,2.7,2.6,3.32,2.95,2.7,3.1,2.7,2.6,3.4,2.88,46,2.7,2.54,3.4,3.25,2.95,2.76,41,2.07,1.97,1.88,1.81,28,0,1.88,1.83,2.1,2
E1,31/10/15,Bristol City,Fulham,1,4,A,0,4,A,A Woolmer,15,10,3,7,11,5,7,1,2,1,0,0,1.95,3.8,4,1.95,3.4,3.6,2,3.2,3.3,1.95,3.6,3.6,2.04,3.78,3.69,2,3.4,3.8,2.05,3.8,3.7,46,2.08,1.98,3.8,3.55,4,3.62,39,1.77,1.7,2.29,2.12,28,-0.5,2.09,1.99,1.89,1.85
E1,31/10/15,Burnley,Huddersfield,2,1,H,2,0,H,O Langford,12,12,6,3,6,10,4,13,1,2,0,0,1.75,3.75,5.25,1.72,3.6,4.5,1.7,3.4,4.3,1.7,3.5,5,1.73,3.78,5.5,1.8,3.5,4.5,1.73,3.75,5.5,46,1.83,1.74,3.78,3.57,5.5,4.86,40,2.23,2.12,1.77,1.7,27,-0.5,1.8,1.72,2.23,2.15
E1,31/10/15,Derby,Rotherham,3,0,H,2,0,H,S Duncan,16,6,5,3,10,19,8,0,1,2,0,0,1.44,4.75,8,1.4,4.33,7.25,1.4,4,6.5,1.44,4.33,6.5,1.47,4.72,7.46,1.44,4.2,8,1.45,4.8,7.5,46,1.5,1.44,4.8,4.42,8,7.09,40,1.77,1.73,2.16,2.07,26,-1,1.77,1.72,2.2,2.14
E1,31/10/15,Ipswich,Cardiff,0,0,D,0,0,D,D Coote,8,9,2,3,9,11,3,4,3,5,0,0,2.15,3.4,3.8,2.1,3.25,3.4,2.1,3.1,3.2,2.05,3.25,3.6,2.06,3.43,4.03,2.15,3.1,3.6,2.15,3.4,3.8,47,2.15,2.06,3.43,3.3,4.03,3.64,40,2.25,2.14,1.74,1.68,27,-0.5,2.13,2.05,1.85,1.79
E1,31/10/15,Middlesbrough,Charlton,3,0,H,0,0,D,A Madley,25,5,10,1,3,16,15,2,1,5,0,0,1.4,5,9,1.34,4.75,8,1.35,4.2,7.5,1.36,4.5,9,1.41,4.77,9.19,1.4,4.5,8,1.4,5,9,45,1.44,1.38,5,4.58,9.25,8.45,40,1.91,1.83,2.02,1.94,28,-1.5,2.26,2.15,1.76,1.72
E1,31/10/15,Milton Keynes Dons,Hull,0,2,A,0,1,A,G Scott,8,8,1,4,13,12,4,1,3,2,0,0,3.75,3.5,2.1,3.6,3.3,2,3.3,3.2,2,3.5,3.25,2.1,3.9,3.42,2.1,3.3,3.3,2.2,3.8,3.5,2.1,46,4,3.58,3.5,3.29,2.2,2.08,35,2.25,2.18,1.7,1.65,27,0.5,1.83,1.78,2.15,2.07
E1,31/10/15,Preston,Bolton,0,0,D,0,0,D,D Whitestone,12,8,5,2,12,10,9,3,1,1,0,0,1.91,3.6,4.5,1.85,3.5,4,1.9,3.2,3.6,1.85,3.4,4.33,1.9,3.56,4.6,1.83,3.5,4.33,1.9,3.6,4.6,46,1.95,1.86,3.6,3.44,4.6,4.28,40,2.21,2.14,1.75,1.69,28,-0.5,1.91,1.85,2.07,1.99
E1,31/10/15,Reading,Brighton,1,1,D,0,0,D,N Swarbrick,21,10,5,2,3,10,4,9,0,0,0,0,2.15,3.4,3.75,2.1,3.3,3.3,2,3.2,3.3,2.15,3.1,3.5,2.2,3.31,3.72,2.25,3.1,3.4,2.2,3.4,3.6,46,2.25,2.15,3.4,3.23,3.75,3.49,38,2.36,2.21,1.7,1.64,27,-0.5,2.25,2.16,1.76,1.72
E1,31/10/15,Sheffield Weds,Nott'm Forest,1,0,H,0,0,D,J Simpson,21,5,5,1,11,11,6,2,3,4,0,0,2.15,3.5,3.6,2,3.4,3.5,2.2,3.1,3,2.1,3.3,3.4,2.19,3.47,3.56,2.2,3.3,3.3,2.2,3.5,3.5,46,2.2,2.11,3.5,3.33,3.7,3.47,40,2.21,2.13,1.74,1.69,28,-0.5,2.18,2.09,1.83,1.76
E1,03/11/15,Birmingham,Blackburn,0,0,D,0,0,D,C Kavanagh,15,7,3,1,12,10,12,2,2,2,0,0,2.8,3.3,2.75,2.6,3.1,2.7,2.5,3.1,2.6,2.62,3.25,2.62,2.72,3.37,2.77,2.7,3.1,2.7,2.7,3.4,2.75,41,2.85,2.66,3.4,3.24,2.77,2.64,36,2.17,2.09,1.79,1.72,23,0,1.96,1.91,1.97,1.91
E1,03/11/15,Brentford,Hull,0,2,A,0,0,D,G Ward,12,23,5,9,8,11,1,9,0,2,0,0,3.1,3.4,2.45,3.1,3.2,2.25,3,3.1,2.2,3,3.2,2.4,3.19,3.37,2.41,3.1,3.1,2.4,3.13,3.4,2.45,41,3.2,3.01,3.4,3.23,2.47,2.38,36,2.25,2.16,1.75,1.67,22,0,2.27,2.18,1.74,1.69
E1,03/11/15,Bristol City,Wolves,1,0,H,1,0,H,S Hooper,11,7,5,2,15,12,1,7,1,0,0,0,2.5,3.4,3,2.45,3.3,2.7,2.3,3.1,2.8,2.4,3.3,2.88,2.52,3.5,2.92,2.5,3.2,2.9,2.5,3.5,2.9,41,2.6,2.45,3.5,3.3,3,2.85,36,1.9,1.83,2.03,1.95,23,0,1.83,1.78,2.12,2.06
E1,03/11/15,Burnley,Fulham,3,1,H,2,0,H,A Madley,14,14,5,4,5,8,5,11,0,0,0,0,1.91,3.75,4.2,1.87,3.5,3.8,1.8,3.2,4,1.91,3.5,3.8,1.97,3.74,4,1.83,3.4,4,1.95,3.75,4.1,42,2,1.9,3.75,3.56,4.33,3.92,36,1.83,1.76,2.12,2.03,23,-0.5,1.97,1.91,1.97,1.92
E1,03/11/15,Derby,QPR,1,0,H,0,0,D,K Stroud,15,11,4,1,9,15,8,4,4,3,0,1,1.67,4,5.75,1.6,3.7,5.5,1.6,3.6,4.8,1.62,3.8,5.25,1.63,4.2,5.76,1.6,3.75,5,1.67,4.1,5.5,42,1.73,1.63,4.2,3.84,5.76,5.25,37,1.89,1.82,2.07,1.97,23,-1,2.2,2.12,1.78,1.74
E1,03/11/15,Ipswich,Bolton,2,0,H,1,0,H,D Deadman,21,10,10,2,13,12,6,6,2,2,0,0,1.85,3.75,4.5,1.87,3.4,4,1.8,3.2,4,1.85,3.6,4.2,1.83,3.77,4.65,1.83,3.5,4.33,1.87,3.7,4.5,41,1.91,1.85,3.77,3.54,4.65,4.24,37,2.1,2.02,1.85,1.77,23,-0.5,1.9,1.85,2.09,1.99
E1,03/11/15,Leeds,Cardiff,1,0,H,0,0,D,C Boyeson,10,6,2,2,11,9,3,4,1,1,0,0,2.5,3.3,3.1,2.45,3.1,2.85,2.4,3.1,2.7,2.4,3.1,3.1,2.44,3.28,3.22,2.5,3.2,2.9,2.4,3.4,3.2,41,2.5,2.42,3.4,3.2,3.22,2.96,36,2.3,2.22,1.71,1.64,22,0,1.77,1.71,2.26,2.16
E1,03/11/15,Middlesbrough,Rotherham,1,0,H,1,0,H,P Tierney,19,8,3,1,9,9,4,2,0,1,0,0,1.4,5,9,1.36,4.6,7.75,1.4,4,6.5,1.35,4.75,9.5,1.36,5.27,10.16,1.4,4.5,8,1.36,5,10,42,1.4,1.37,5.27,4.69,10.16,8.61,36,1.79,1.73,2.2,2.08,22,-1.25,1.85,1.82,2.11,2.03
E1,03/11/15,Milton Keynes Dons,Charlton,1,0,H,1,0,H,A Davies,16,8,4,3,12,19,4,3,1,5,0,0,2.15,3.5,3.6,2.1,3.3,3.3,2,3.2,3.3,2.15,3.3,3.4,2.2,3.45,3.54,2.1,3.3,3.5,2.2,3.5,3.5,41,2.2,2.11,3.5,3.35,3.75,3.44,36,2.08,2.02,1.84,1.77,23,-0.5,2.2,2.12,1.81,1.75
E1,03/11/15,Preston,Nott'm Forest,1,0,H,1,0,H,T Harrington,10,15,4,6,9,14,0,6,2,1,0,0,2.25,3.3,3.6,2.1,3.2,3.4,2,3.2,3.3,2.2,3.2,3.3,2.29,3.34,3.47,2.25,3.2,3.3,2.25,3.4,3.4,42,2.3,2.2,3.4,3.22,3.6,3.37,35,2.33,2.24,1.67,1.63,22,-0.5,2.28,2.2,1.75,1.69
E1,03/11/15,Reading,Huddersfield,2,2,D,1,2,A,B Malone,19,6,6,4,9,11,5,2,1,3,0,0,1.7,3.9,5.5,1.7,3.6,4.75,1.75,3.3,4.2,1.67,3.6,5.5,1.63,4.06,6.08,1.67,3.6,5.5,1.67,4,5.75,42,1.75,1.66,4.06,3.71,6.08,5.31,37,2.05,1.99,1.9,1.8,22,-0.75,1.89,1.83,2.11,2.01
E1,03/11/15,Sheffield Weds,Brighton,0,0,D,0,0,D,K Wright,9,8,2,1,9,11,4,2,0,0,0,0,2.7,3.25,2.9,2.5,3.1,2.8,2.6,3,2.6,2.5,3.1,2.8,2.62,3.31,2.93,2.6,3,2.7,2.63,3.3,2.9,41,2.7,2.56,3.31,3.12,3,2.83,33,2.45,2.33,1.64,1.57,23,0,1.86,1.82,2.09,2.01
E1,06/11/15,Nott'm Forest,Derby,1,0,H,1,0,H,S Hooper,15,14,4,2,16,9,2,5,3,1,0,0,3.75,3.4,2.15,3.4,3.25,2.1,3.2,3.1,2.1,3.6,3.4,2.1,3.77,3.52,2.12,3.6,3.4,2.05,3.75,3.5,2.1,43,3.8,3.56,3.52,3.36,2.15,2.08,38,2.08,2.01,1.86,1.78,23,0.5,1.85,1.78,2.13,2.07
E1,07/11/15,Blackburn,Brentford,1,1,D,1,1,D,A Woolmer,10,10,4,4,9,15,8,3,1,3,0,0,1.95,3.8,4,1.9,3.5,3.75,1.9,3.2,3.6,1.85,3.5,4,1.93,3.69,4.25,2,3.2,4,1.93,3.8,4.1,43,2,1.91,3.8,3.54,4.25,3.91,37,1.86,1.79,2.11,1.99,24,-0.5,1.95,1.9,2,1.94
E1,07/11/15,Bolton,Bristol City,0,0,D,0,0,D,S Atwell,10,9,4,1,15,14,2,6,3,2,0,0,2.9,3.4,2.6,2.55,3.3,2.6,2.6,3.1,2.5,2.8,3.3,2.5,2.95,3.42,2.54,2.8,3.1,2.62,2.88,3.5,2.55,43,2.95,2.78,3.5,3.3,2.63,2.5,38,1.95,1.87,2.01,1.9,24,0,2.12,2.02,1.86,1.82
E1,07/11/15,Brighton,Milton Keynes Dons,2,1,H,2,1,H,D Whitestone,21,7,6,2,10,12,6,3,2,2,0,0,1.67,3.8,6,1.62,3.75,5,1.6,3.6,4.8,1.65,3.75,5.5,1.67,3.93,5.87,1.7,3.2,6,1.67,4,5.75,43,1.7,1.64,4.1,3.73,6,5.43,38,2.04,1.94,1.91,1.85,24,-1,2.26,2.14,1.78,1.73
E1,07/11/15,Cardiff,Reading,2,0,H,1,0,H,K Stroud,10,19,5,10,14,11,4,8,3,1,0,0,3.3,3.3,2.38,3.1,3.1,2.3,2.8,3.1,2.3,3.1,3.2,2.3,3.14,3.31,2.47,3.1,3.1,2.4,3.25,3.4,2.38,43,3.3,3.08,3.4,3.22,2.47,2.34,34,2.28,2.2,1.7,1.65,23,0,2.31,2.22,1.73,1.67
E1,07/11/15,Charlton,Sheffield Weds,3,1,H,2,0,H,G Ward,13,10,4,2,15,8,3,2,2,3,0,0,4,3.5,2.05,3.4,3.3,2.05,3.2,3.1,2.1,3.6,3.3,2.05,3.94,3.43,2.08,3.6,3.2,2.1,3.8,3.5,2.1,43,4,3.61,3.5,3.33,2.15,2.06,37,2.24,2.13,1.75,1.69,24,0.5,1.84,1.79,2.13,2.06
E1,07/11/15,Fulham,Birmingham,2,5,A,0,3,A,I Williamson,16,19,6,8,9,12,3,6,2,0,1,0,2.3,3.6,3.2,2.2,3.3,3.1,2.2,3.1,3,2.2,3.5,3,2.31,3.69,3.12,2.4,3.1,3.1,2.3,3.6,3.2,43,2.4,2.24,3.69,3.44,3.2,3.07,38,1.8,1.74,2.2,2.06,23,-0.25,2.01,1.95,1.94,1.89
E1,07/11/15,Huddersfield,Leeds,0,3,A,0,2,A,G Scott,19,8,6,4,10,9,3,6,1,2,0,0,2.3,3.4,3.4,2.2,3.2,3.2,2.1,3.1,3.2,2.25,3.25,3.25,2.42,3.35,3.2,2.4,3.1,3.1,2.38,3.4,3.3,43,2.42,2.27,3.4,3.23,3.4,3.21,36,2.33,2.17,1.72,1.66,23,-0.25,2.07,1.96,1.92,1.88
E1,07/11/15,Hull,Middlesbrough,3,0,H,1,0,H,J Simpson,16,6,6,1,14,12,7,3,1,0,0,0,2.5,3.3,3.1,2.5,3.1,2.8,2.4,3.1,2.7,2.5,3,2.9,2.62,3.18,3.04,2.62,3.1,2.8,2.55,3.25,3.1,43,2.62,2.5,3.3,3.11,3.2,2.92,31,2.53,2.39,1.6,1.55,24,0,1.85,1.78,2.17,2.06
E1,07/11/15,QPR,Preston,0,0,D,0,0,D,R Lewis,8,6,1,2,13,7,5,4,2,0,0,0,2.25,3.5,3.4,2.15,3.1,3.4,2.2,3.1,3,2.25,3.2,3.3,2.31,3.32,3.44,2.3,3.1,3.3,2.25,3.3,3.5,43,2.31,2.23,3.5,3.23,3.5,3.28,35,2.38,2.23,1.71,1.63,23,-0.5,2.31,2.22,1.71,1.68
E1,07/11/15,Rotherham,Ipswich,2,5,A,0,3,A,D Drysdale,11,19,2,10,5,5,5,6,1,0,0,0,3.3,3.3,2.38,3.1,3.25,2.2,2.8,3.1,2.3,3.2,3.25,2.25,3.37,3.39,2.31,3.1,3.1,2.4,3.3,3.4,2.3,43,3.37,3.12,3.4,3.25,2.4,2.29,38,2.15,2.05,1.81,1.75,23,0.25,1.94,1.87,2.03,1.97
E1,07/11/15,Wolves,Burnley,0,0,D,0,0,D,J Moss,11,6,2,4,8,10,3,1,2,2,0,0,2.5,3.4,3,2.5,3.1,2.8,2.4,3.1,2.7,2.4,3.2,3,2.7,3.33,2.83,2.6,3.1,2.88,2.5,3.4,3,43,2.7,2.46,3.4,3.24,3,2.86,37,2.19,2.1,1.77,1.71,23,0,1.89,1.78,2.13,2.06
E1,20/11/15,Middlesbrough,QPR,1,0,H,0,0,D,C Kavanagh,11,6,1,5,10,13,9,3,1,3,0,1,1.7,3.9,5.5,1.65,3.6,5,1.6,3.6,4.8,1.67,3.75,5.5,1.68,3.85,5.82,1.62,3.6,5,1.7,3.9,5.5,43,1.7,1.66,3.9,3.68,6,5.33,36,2.11,2.01,1.85,1.77,24,-0.75,1.92,1.88,2.02,1.97
E1,21/11/15,Birmingham,Charlton,0,1,A,0,0,D,D Drysdale,21,8,6,4,2,9,7,4,0,0,0,0,1.8,3.75,5,1.67,3.6,5,1.75,3.3,4.2,1.75,3.6,4.75,1.76,3.79,5.15,1.8,3.3,5,1.75,3.75,5.2,44,1.82,1.75,3.79,3.58,5.2,4.79,38,2.12,2.03,1.84,1.76,24,-0.75,2.02,1.97,1.93,1.88
E1,21/11/15,Brentford,Nott'm Forest,2,1,H,0,0,D,B Malone,12,17,5,8,8,12,3,6,1,0,1,0,2.3,3.5,3.3,2.2,3.4,3,2,3.2,3.3,2.25,3.4,3,2.36,3.58,3.1,2.3,3.2,3.2,2.38,3.5,3.13,44,2.39,2.27,3.58,3.36,3.3,3.08,39,1.95,1.83,2.06,1.94,25,-0.25,2.05,1.99,1.9,1.86
E1,21/11/15,Bristol City,Hull,1,1,D,1,0,H,P Tierney,4,18,2,4,15,13,1,12,1,4,0,0,3.4,3.4,2.3,3.25,3.1,2.2,2.8,3.1,2.3,3.1,3.2,2.3,3.4,3.32,2.33,3.2,3.2,2.3,3.3,3.3,2.38,44,3.4,3.22,3.4,3.2,2.38,2.28,36,2.32,2.23,1.74,1.63,25,0.25,1.92,1.88,2.02,1.97
E1,21/11/15,Derby,Cardiff,2,0,H,0,0,D,E Ilderton,20,9,10,2,5,7,8,3,1,1,0,0,1.57,4,7,1.55,3.75,6,1.5,3.8,5.5,1.55,3.8,6.5,1.6,4.03,6.68,1.57,3.75,6.5,1.6,4,6.5,43,1.62,1.56,4.03,3.83,7,6.25,38,2.14,2.04,1.88,1.75,25,-1,2.09,2.01,1.89,1.83
E1,21/11/15,Ipswich,Wolves,2,2,D,1,1,D,G Ward,14,12,6,4,13,8,3,3,1,2,0,0,2.25,3.4,3.5,2.05,3.4,3.3,2.1,3.1,3.2,2.15,3.3,3.3,2.22,3.51,3.45,2.25,3.2,3.3,2.2,3.5,3.5,44,2.27,2.17,3.51,3.32,3.52,3.33,37,2.12,2.03,1.85,1.75,25,-0.25,1.94,1.87,2.03,1.98
E1,21/11/15,Leeds,Rotherham,0,1,A,0,0,D,K Stroud,14,9,3,3,14,21,9,4,3,4,1,1,1.85,3.6,4.75,1.75,3.5,4.5,1.75,3.3,4.2,1.85,3.4,4.33,1.9,3.56,4.58,1.85,3.4,4.5,1.87,3.6,4.75,44,1.9,1.84,3.6,3.44,5,4.42,38,2.23,2.12,1.78,1.7,24,-0.5,1.9,1.85,2.05,2
E1,21/11/15,Milton Keynes Dons,Fulham,1,1,D,1,1,D,D Handley,11,14,7,5,9,11,5,2,0,2,0,0,2.4,3.6,3,2.4,3.3,2.75,2.3,3.1,2.8,2.4,3.4,2.8,2.49,3.58,2.9,2.5,3.1,3,2.5,3.6,2.9,44,2.55,2.41,3.6,3.38,3,2.85,38,1.82,1.75,2.13,2.04,24,-0.25,2.17,2.09,1.82,1.78
E1,21/11/15,Preston,Blackburn,1,2,A,0,1,A,M Dean,9,11,2,3,13,15,4,2,2,2,1,0,2.7,3.25,2.88,2.55,3.1,2.75,2.45,3,2.55,2.6,3.1,2.8,2.75,3.13,2.93,2.7,3,2.8,2.7,3.25,2.88,44,2.75,2.61,3.3,3.09,2.93,2.81,32,2.5,2.37,1.65,1.56,25,0,1.91,1.86,2.05,1.98
E1,21/11/15,Reading,Bolton,2,1,H,2,0,H,J Linington,19,14,4,5,14,18,10,3,1,1,0,0,1.62,4,6.5,1.62,3.75,5,1.6,3.6,4.8,1.6,3.8,5.75,1.61,4.06,6.34,1.62,3.6,6,1.65,4,6,43,1.67,1.6,4.06,3.8,6.5,5.74,38,2.1,2,1.9,1.79,25,-1,2.19,2.11,1.82,1.76
E1,21/11/15,Sheffield Weds,Huddersfield,3,1,H,0,0,D,C Boyeson,15,7,10,4,12,15,3,6,2,3,0,0,1.83,3.6,5,1.83,3.4,4.2,1.65,3.5,4.5,1.83,3.4,4.5,1.86,3.6,4.75,1.8,3.5,4.5,1.9,3.6,4.6,44,1.9,1.82,3.65,3.45,5,4.53,38,2.25,2.15,1.77,1.68,24,-0.75,2.15,2.09,1.81,1.77
E1,22/11/15,Burnley,Brighton,1,1,D,1,1,D,S Hooper,11,14,3,3,12,18,8,5,1,3,0,0,2.5,3.2,3.2,2.55,3.2,2.7,2.2,3.1,3,2.5,3,3,2.55,3.2,3.13,2.4,3.1,3.1,2.55,3.25,3.1,44,2.6,2.47,3.25,3.1,3.2,2.99,33,2.53,2.39,1.65,1.55,26,0,1.8,1.74,2.2,2.13
E1,27/11/15,Hull,Derby,0,2,A,0,2,A,G Eltringham,23,9,2,4,10,8,10,4,0,0,0,0,2.35,3.3,3.4,2.3,3.25,2.95,2.4,3.1,2.7,2.38,3.2,3.3,2.31,3.34,3.49,2.3,3,3.1,2.38,3.3,3.3,50,2.38,2.3,3.34,3.19,3.5,3.23,44,2.4,2.3,1.65,1.59,28,-0.25,2.02,1.96,1.95,1.88
E1,28/11/15,Blackburn,Sheffield Weds,2,2,D,2,1,H,F Graham,12,9,5,2,13,14,8,3,1,2,0,0,2.3,3.4,3.4,2.1,3.3,3.3,2.2,3.1,3,2.15,3.2,3.5,2.26,3.31,3.56,2.3,3.2,3.2,2.25,3.4,3.5,49,2.3,2.2,3.4,3.22,3.56,3.36,42,2.3,2.2,1.71,1.65,28,-0.25,1.96,1.9,2.02,1.94
E1,28/11/15,Brighton,Birmingham,2,1,H,1,1,D,G Ward,22,15,9,5,9,10,9,6,4,4,0,0,1.75,3.8,5.25,1.7,3.5,4.75,1.75,3.3,4.2,1.75,3.6,4.75,1.79,3.75,5.02,1.75,3.5,5,1.8,3.7,5,50,1.81,1.74,3.8,3.55,5.25,4.84,45,2.2,2.11,1.75,1.7,28,0.75,2.06,2,1.92,1.84
E1,28/11/15,Cardiff,Burnley,2,2,D,1,0,H,D Drysdale,18,11,7,3,9,6,8,4,1,0,0,0,2.9,3.25,2.7,2.85,3,2.55,2.7,3.1,2.4,2.8,3.1,2.6,2.92,3.21,2.7,3,3,2.5,2.88,3.25,2.7,50,3,2.85,3.3,3.09,2.75,2.58,38,2.45,2.32,1.62,1.57,27,0,2.08,1.99,1.91,1.85
E1,28/11/15,Charlton,Ipswich,0,3,A,0,2,A,S Duncan,14,14,6,7,7,9,7,4,2,0,0,0,3.7,3.6,2.1,3.4,3.5,2,3.3,3.2,2,3.5,3.4,2.05,3.67,3.55,2.12,3.5,3.2,1.95,3.6,3.5,2.15,50,3.7,3.44,3.6,3.4,2.2,2.08,45,2.15,2.06,1.82,1.74,28,0.5,1.81,1.76,2.19,2.11
E1,28/11/15,Fulham,Preston,1,1,D,0,1,A,G Horwood,11,17,3,3,9,12,3,6,2,2,0,0,2.38,3.4,3.2,2.3,3.2,3,2.2,3.1,3,2.38,3.25,3,2.46,3.36,3.12,2.3,3.2,3.2,2.45,3.4,3.13,50,2.46,2.35,3.4,3.24,3.2,3.05,46,2.16,2.02,1.85,1.76,27,-0.25,2.09,2.01,1.88,1.84
E1,28/11/15,Huddersfield,Middlesbrough,0,2,A,0,1,A,E Ilderton,6,3,3,3,10,11,3,2,3,1,0,0,4,3.5,2.05,3.8,3.25,1.95,3.8,3.2,1.85,3.6,3.3,2.05,3.68,3.49,2.14,3.8,3.3,2,3.9,3.5,2.05,50,4,3.73,3.5,3.3,2.14,2.04,45,2.23,2.12,1.76,1.7,29,0.5,1.88,1.81,2.14,2.04
E1,28/11/15,Nott'm Forest,Reading,3,1,H,2,1,H,K Hill,12,20,5,6,17,13,4,9,1,3,1,0,2.75,3.4,2.75,2.55,3.1,2.75,2.6,3.1,2.5,2.7,3.2,2.62,2.69,3.34,2.82,2.7,3.1,2.7,2.7,3.4,2.75,50,2.8,2.65,3.4,3.21,2.82,2.68,45,2.16,2.06,1.81,1.74,27,0,1.98,1.91,2,1.92
E1,28/11/15,QPR,Leeds,1,0,H,0,0,D,P Bankes,20,7,4,1,12,12,8,1,0,3,0,0,2.1,3.5,3.75,2.05,3.25,3.5,2,3.2,3.3,2,3.3,3.75,2.07,3.45,3.96,2.1,3.2,3.75,2.1,3.4,3.9,50,2.11,2.05,3.5,3.27,3.96,3.71,42,2.3,2.21,1.75,1.64,29,-0.5,2.12,2.04,1.87,1.81
E1,28/11/15,Rotherham,Bristol City,3,0,H,2,0,H,T Robinson,12,10,5,2,12,13,2,5,1,4,0,0,3.1,3.4,2.45,3,3.2,2.3,2.8,3.1,2.3,3,3.3,2.3,3.12,3.47,2.4,3.1,3.1,2.4,3.13,3.4,2.4,50,3.15,3.03,3.47,3.27,2.5,2.34,46,2.07,1.99,1.88,1.79,28,0.25,1.89,1.83,2.07,2.01
E1,28/11/15,Wolves,Milton Keynes Dons,0,0,D,0,0,D,N Miller,16,6,6,3,7,23,5,1,0,5,0,0,1.83,3.75,4.75,1.8,3.4,4.4,1.85,3.2,3.8,1.8,3.6,4.5,1.85,3.77,4.57,1.83,3.4,4.5,1.83,3.75,4.8,50,1.85,1.79,3.77,3.55,4.8,4.47,46,2.04,1.95,1.91,1.82,28,-0.5,1.85,1.79,2.12,2.06
E1,30/11/15,Bolton,Brentford,1,1,D,0,1,A,C Boyeson,25,11,8,6,15,15,10,4,3,2,0,0,2.75,3.6,2.6,2.7,3.2,2.5,2.7,3.1,2.4,2.7,3.3,2.6,2.77,3.48,2.65,2.7,3.3,2.6,2.7,3.6,2.7,46,2.8,2.67,3.6,3.34,2.7,2.58,42,1.94,1.85,2.02,1.92,24,0,2,1.93,1.98,1.9
E1,03/12/15,Reading,QPR,0,1,A,0,0,D,A Madley,10,9,0,2,11,17,3,7,1,2,0,0,2.1,3.4,3.4,2,3.3,3.6,2,3.2,3.3,2.05,3.25,3.6,2.12,3.39,3.88,2.1,3.3,3.5,2.15,3.4,3.75,47,2.15,2.07,3.5,3.29,3.88,3.58,39,2.31,2.17,1.72,1.66,27,-0.25,1.85,1.8,2.11,2.04
E1,04/12/15,Ipswich,Middlesbrough,0,2,A,0,0,D,T Robinson,12,15,5,8,7,13,5,3,1,2,0,0,3,3.3,2.55,2.8,3.2,2.6,2.7,3.1,2.4,2.9,3.25,2.6,2.96,3.28,2.63,2.88,3.2,2.5,2.9,3.4,2.6,49,3,2.85,3.4,3.17,2.64,2.55,43,2.25,2.15,1.75,1.67,28,0,2.07,2.01,1.87,1.82
E1,05/12/15,Birmingham,Huddersfield,0,2,A,0,1,A,S Martin,6,13,2,2,13,10,8,5,1,2,0,0,2.2,3.5,3.5,2.05,3.3,3.4,2.1,3.1,3.2,2.1,3.4,3.4,2.15,3.57,3.57,2.05,3.4,3.5,2.2,3.5,3.5,49,2.25,2.12,3.57,3.35,3.57,3.4,44,2.05,1.94,1.92,1.84,26,-0.5,2.17,2.11,1.8,1.75
E1,05/12/15,Bolton,Cardiff,2,3,A,1,1,D,T Harrington,18,16,5,7,14,12,4,5,1,2,1,0,2.63,3.3,2.9,2.6,3.2,2.6,2.5,3.1,2.6,2.5,3.2,2.8,2.56,3.38,2.95,2.7,3.1,2.7,2.6,3.4,2.88,49,2.7,2.55,3.4,3.22,2.95,2.77,42,2.3,2.16,1.75,1.66,28,0,1.88,1.83,2.09,2
E1,05/12/15,Brentford,Milton Keynes Dons,2,0,H,1,0,H,O Langford,19,9,6,3,12,7,7,4,1,1,0,0,1.8,3.8,4.75,1.78,3.5,4.25,1.85,3.2,3.8,1.8,3.5,4.33,1.85,3.73,4.65,1.83,3.6,4.2,1.83,3.8,4.6,49,1.85,1.81,3.8,3.56,5,4.36,44,1.98,1.89,1.97,1.87,27,-0.5,1.84,1.8,2.11,2.03
E1,05/12/15,Brighton,Charlton,3,2,H,0,2,A,K Stroud,21,7,7,5,6,17,11,1,3,4,0,1,1.44,4.75,8,1.42,4.4,6.75,1.4,4,6.5,1.44,4.33,7.5,1.47,4.55,8.07,1.44,3.8,9,1.45,4.6,8.5,49,1.47,1.43,4.75,4.29,9,7.71,44,2.05,1.92,1.94,1.85,26,-1.25,2.09,2.03,1.84,1.81
E1,05/12/15,Bristol City,Blackburn,0,2,A,0,0,D,G Eltringham,7,14,1,7,12,13,4,4,0,1,1,0,2.6,3.4,2.9,2.45,3.3,2.7,2.5,3.1,2.6,2.5,3.2,2.8,2.67,3.33,2.85,2.62,3.1,2.8,2.6,3.4,2.9,49,2.67,2.53,3.4,3.24,3,2.79,43,2.12,2.03,1.86,1.76,28,0,1.86,1.81,2.09,2.02
E1,05/12/15,Burnley,Preston,0,2,A,0,0,D,K Friend,8,10,2,3,11,12,9,3,2,2,0,0,2.1,3.4,4,2,3.2,3.7,2,3.2,3.3,2.1,3.1,3.6,2.13,3.3,3.97,2,3.3,3.75,2.15,3.3,3.9,49,2.15,2.07,3.4,3.17,4,3.77,39,2.67,2.5,1.55,1.5,26,-0.25,1.83,1.8,2.11,2.05
E1,05/12/15,Leeds,Hull,2,1,H,2,0,H,C Kavanagh,11,16,6,5,10,9,2,6,3,0,0,0,4,3.4,2.1,3.7,3.2,2,3.2,3.1,2.1,3.8,3.1,2.05,4.17,3.32,2.06,3.75,3.1,2.1,4.1,3.4,2.05,49,4.2,3.86,3.4,3.2,2.1,2.04,38,2.5,2.38,1.62,1.55,27,0.5,1.87,1.82,2.1,2.02
E1,05/12/15,Nott'm Forest,Fulham,3,0,H,1,0,H,C Boyeson,11,11,5,4,11,10,6,7,0,0,0,0,2,3.7,3.9,1.95,3.5,3.5,2,3.2,3.3,1.95,3.6,3.75,1.99,3.74,3.92,2,3.3,3.75,2,3.7,3.8,49,2.04,1.97,3.74,3.51,4,3.67,43,1.78,1.72,2.19,2.07,27,-0.5,2.06,1.97,1.93,1.87
E1,05/12/15,Rotherham,Wolves,1,2,A,1,2,A,D Deadman,13,12,2,5,6,6,5,7,0,1,0,0,3.5,3.4,2.25,3.25,3.25,2.15,2.8,3.1,2.3,3.3,3.3,2.2,3.54,3.42,2.22,3.2,3.3,2.25,3.4,3.4,2.3,49,3.54,3.32,3.42,3.25,2.3,2.21,43,2.2,2.06,1.8,1.73,26,0.25,2,1.92,1.96,1.9
E1,06/12/15,Sheffield Weds,Derby,0,0,D,0,0,D,G Scott,10,8,1,2,13,9,5,2,4,2,0,0,3.3,3.3,2.38,3.1,3.25,2.2,2.8,3.1,2.3,3.25,3.2,2.25,3.29,3.31,2.38,3.1,3.1,2.4,3.3,3.4,2.38,49,3.35,3.13,3.4,3.22,2.45,2.31,42,2.24,2.15,1.73,1.67,26,0,2.32,2.24,1.7,1.66
E1,11/12/15,Blackburn,Rotherham,1,0,H,1,0,H,T Harrington,7,11,4,3,15,12,7,4,0,1,0,0,1.65,4,6,1.57,3.6,6,1.55,3.7,5,1.62,3.75,5.5,1.66,4,5.98,1.61,3.75,5.5,1.65,4.1,5.75,49,1.68,1.62,4.1,3.81,6.2,5.68,44,2.03,1.97,1.89,1.81,29,-1,2.2,2.11,1.79,1.75
E1,11/12/15,Wolves,Nott'm Forest,1,1,D,1,0,H,K Stroud,14,10,4,3,8,16,7,5,2,4,0,0,2.3,3.4,3.4,2.2,3.2,3.2,2.1,3.1,3.2,2.25,3.3,3.4,2.35,3.36,3.37,2.15,3.1,3.3,2.38,3.4,3.25,49,2.38,2.26,3.4,3.24,3.5,3.26,44,2.2,2.07,1.8,1.73,27,-0.5,2.36,2.29,1.68,1.64
E1,12/12/15,Cardiff,Sheffield Weds,2,2,D,2,0,H,C Breakspear,15,14,6,6,12,10,3,6,3,1,0,0,2.7,3.25,2.9,2.55,3.2,2.65,2.5,3.1,2.6,2.62,3.1,2.75,2.76,3.25,2.82,2.7,3.1,2.7,2.7,3.3,2.88,49,2.76,2.62,3.3,3.15,2.9,2.76,37,2.41,2.27,1.63,1.59,26,0,1.94,1.87,2.05,1.96
E1,12/12/15,Charlton,Leeds,0,0,D,0,0,D,A Davies,14,18,6,3,12,11,4,8,3,5,0,0,2.88,3.4,2.6,2.7,3.25,2.5,2.55,3.1,2.55,2.75,3.1,2.62,2.83,3.3,2.71,2.7,3.2,2.6,2.8,3.4,2.7,49,3,2.78,3.4,3.2,2.71,2.57,43,2.27,2.15,1.74,1.67,26,0,2.02,1.97,1.92,1.86
E1,12/12/15,Derby,Brighton,2,2,D,1,1,D,L Mason,19,8,7,3,9,11,7,4,1,1,0,0,2,3.5,4.2,1.9,3.4,3.9,1.9,3.2,3.6,2,3.3,3.8,2.03,3.5,4.07,2,3.2,4,2,3.5,4.1,49,2.1,1.99,3.5,3.34,4.2,3.89,44,2.25,2.15,1.74,1.67,27,-0.5,2.05,1.99,1.91,1.86
E1,12/12/15,Fulham,Brentford,2,2,D,1,1,D,D Coote,8,14,3,6,11,9,10,4,2,2,0,0,2.5,3.6,2.9,2.4,3.4,2.7,2.4,3.1,2.7,2.5,3.4,2.7,2.47,3.61,2.91,2.5,3.2,2.9,2.5,3.7,2.8,49,2.6,2.44,3.7,3.44,2.91,2.78,38,1.7,1.62,2.41,2.24,26,0,1.85,1.8,2.11,2.03
E1,12/12/15,Huddersfield,Bristol City,1,2,A,0,2,A,J Simpson,23,11,7,5,10,9,7,2,1,2,0,0,2.3,3.4,3.4,2.25,3.4,2.95,2.3,3.1,2.8,2.15,3.3,3.4,2.25,3.44,3.44,2.3,3.2,3.2,2.25,3.4,3.4,49,2.3,2.21,3.5,3.3,3.5,3.28,44,2.15,2.04,1.85,1.75,27,-0.5,2.25,2.18,1.76,1.7
E1,12/12/15,Hull,Bolton,1,0,H,1,0,H,M Bull,11,8,5,2,17,16,2,1,2,2,0,0,1.5,4.33,8,1.48,4.1,6.25,1.5,3.8,5.5,1.48,4,7,1.51,4.35,7.65,1.5,4,7,1.5,4.33,8,49,1.53,1.48,4.35,4.12,8,7.05,44,2.12,2.04,1.83,1.75,28,-1,1.88,1.84,2.07,2
E1,12/12/15,Middlesbrough,Birmingham,0,0,D,0,0,D,D Bond,20,15,7,3,10,8,8,7,2,2,1,0,1.55,4.33,6.5,1.5,4,6.25,1.5,3.8,5.5,1.5,4,6,1.56,4.3,6.5,1.57,3.8,6,1.53,4.33,7,49,1.6,1.53,4.33,4.03,7,6.23,44,2.06,1.97,1.87,1.81,28,-1,1.98,1.91,1.99,1.92
E1,12/12/15,Milton Keynes Dons,Ipswich,0,1,A,0,1,A,G Ward,20,10,5,2,8,17,14,2,0,3,0,0,3.5,3.5,2.2,3.2,3.2,2.2,2.8,3.1,2.3,3.3,3.3,2.2,3.39,3.43,2.28,3.2,3.2,2.3,3.4,3.5,2.25,43,3.5,3.23,3.5,3.3,2.3,2.22,44,2.09,2,1.9,1.78,27,0.5,1.74,1.69,2.29,2.2
E1,12/12/15,Preston,Reading,1,0,H,0,0,D,G Eltringham,15,11,4,3,13,17,4,4,0,3,0,0,2.7,3.2,2.9,2.5,3.1,2.8,2.4,3.1,2.7,2.5,3.1,2.88,2.68,3.2,2.94,2.7,3,2.7,2.7,3.2,2.9,49,2.7,2.59,3.3,3.09,3,2.85,36,2.67,2.48,1.53,1.51,26,0,1.88,1.83,2.05,2
E1,12/12/15,QPR,Burnley,0,0,D,0,0,D,S Atwell,17,9,4,2,8,6,6,5,0,0,0,0,2.3,3.3,3.5,2.25,3.2,3.1,2.4,3.1,2.7,2.3,3.1,3.25,2.41,3.2,3.36,2.3,3.2,3.2,2.38,3.25,3.4,49,2.41,2.29,3.4,3.15,3.5,3.28,37,2.54,2.38,1.6,1.55,26,-0.5,2.38,2.26,1.7,1.66
E1,14/12/15,Blackburn,Nott'm Forest,0,0,D,0,0,D,C Kavanagh,10,10,5,3,9,7,8,1,3,2,0,0,2.2,3.3,3.8,2.15,3.3,3.5,2.1,3.1,3.2,2.15,3.3,3.6,2.21,3.29,3.79,2.05,3.25,3.8,2.2,3.4,3.6,49,2.21,2.15,3.4,3.23,3.8,3.54,42,2.31,2.2,1.7,1.64,28,-0.25,1.92,1.86,2.04,1.98
E1,15/12/15,Cardiff,Brentford,3,2,H,2,0,H,S Hooper,16,10,8,4,11,8,4,9,1,1,0,0,2.5,3.4,3,2.35,3.1,3,2.2,3.1,3,2.4,3.3,2.8,2.52,3.47,2.99,2.4,3.1,3.1,2.5,3.4,3,48,2.54,2.44,3.47,3.26,3.1,2.92,43,2.01,1.94,1.92,1.83,26,-0.25,2.16,2.1,1.81,1.76
E1,15/12/15,Charlton,Bolton,2,2,D,2,2,D,G Horwood,12,18,5,6,14,14,3,8,3,1,0,0,2.5,3.4,3,2.45,3.1,2.85,2.5,3.1,2.6,2.4,3.25,3,2.48,3.4,3.09,2.4,3.2,3,2.55,3.4,3,48,2.55,2.45,3.4,3.21,3.12,2.94,42,2.2,2.09,1.78,1.71,26,-0.25,2.17,2.09,1.82,1.77
E1,15/12/15,Derby,Bristol City,4,0,H,1,0,H,A Woolmer,15,6,6,1,14,10,5,3,1,1,0,0,1.55,4.2,7,1.57,3.8,5.5,1.5,3.8,5.5,1.55,4,6,1.56,4.26,6.83,1.57,3.6,6.5,1.57,4.2,6.5,48,1.57,1.55,4.26,4,7.01,6.15,43,1.96,1.88,1.97,1.89,29,-1,1.99,1.93,1.97,1.9
E1,15/12/15,Fulham,Ipswich,1,2,A,1,1,D,T Kettle,15,11,2,4,5,9,10,5,0,0,0,0,2.88,3.6,2.5,2.65,3.3,2.5,2.5,3.1,2.6,2.75,3.4,2.4,2.89,3.61,2.52,2.8,3.1,2.6,2.8,3.5,2.55,48,2.9,2.77,3.61,3.39,2.6,2.48,42,1.8,1.69,2.25,2.11,26,0,2.14,2.05,1.87,1.79
E1,15/12/15,Huddersfield,Rotherham,2,0,H,1,0,H,M Brown,11,11,3,3,14,11,5,4,1,1,0,0,2,3.5,4.2,1.95,3.4,3.7,1.85,3.2,3.8,1.95,3.5,3.8,2.01,3.63,4.02,1.95,3.5,3.8,2,3.6,4,48,2.01,1.96,3.63,3.44,4.2,3.88,43,2.03,1.94,1.92,1.83,27,-0.5,2.02,1.94,1.94,1.89
E1,15/12/15,Middlesbrough,Burnley,1,0,H,0,0,D,G Eltringham,17,7,5,2,5,16,7,2,0,2,0,0,1.95,3.4,4.5,1.83,3.25,4.4,1.9,3.2,3.6,1.85,3.2,4.5,1.93,3.37,4.89,1.91,3.2,4.5,1.93,3.4,4.75,48,1.95,1.89,3.5,3.27,5,4.47,36,2.57,2.41,1.56,1.53,27,-0.5,1.93,1.89,2.01,1.95
E1,15/12/15,Milton Keynes Dons,Sheffield Weds,2,1,H,1,0,H,D Deadman,9,8,3,2,8,13,6,3,0,2,0,0,3.4,3.4,2.3,3.25,3.1,2.2,3,3.1,2.2,3.1,3.2,2.3,3.27,3.3,2.43,3.2,3.2,2.3,3.3,3.3,2.38,48,3.5,3.21,3.4,3.18,2.43,2.3,41,2.4,2.27,1.65,1.61,26,0.25,1.9,1.86,2.06,1.99
E1,15/12/15,Preston,Birmingham,1,1,D,1,0,H,K Wright,10,18,4,6,14,12,5,7,2,3,0,0,2.1,3.4,4,2.05,3.2,3.6,2,3.2,3.3,2,3.1,4.2,2.05,3.33,4.31,2.1,3.2,3.75,2.05,3.4,3.9,48,2.1,2.04,3.4,3.21,4.31,3.91,39,2.5,2.39,1.58,1.55,27,-0.5,2.06,2,1.89,1.84
E1,15/12/15,QPR,Brighton,2,2,D,0,0,D,P Tierney,21,14,7,6,10,10,10,7,3,0,0,1,2.7,3.25,2.88,2.55,3.1,2.75,2.5,3.1,2.6,2.7,3.2,2.8,2.72,3.23,2.92,2.7,3.1,2.7,2.7,3.25,2.88,48,2.72,2.64,3.3,3.09,2.96,2.82,40,2.55,2.36,1.6,1.55,26,0,1.9,1.85,2.04,1.98
E1,16/12/15,Hull,Reading,2,1,H,0,1,A,O Langford,16,9,10,3,13,7,6,3,1,1,0,0,1.91,3.5,4.6,1.83,3.2,4.5,1.8,3.2,4,1.85,3.3,4.75,1.93,3.4,4.73,1.91,3.2,4.5,1.93,3.5,4.5,47,1.94,1.88,3.5,3.28,4.75,4.46,36,2.55,2.4,1.65,1.54,26,-0.5,1.94,1.88,2.02,1.96
E1,17/12/15,Wolves,Leeds,2,3,A,1,1,D,S Atwell,10,14,3,6,4,10,6,2,0,1,0,0,2,3.5,4.2,1.95,3.3,3.75,2,3.2,3.3,1.91,3.3,4.2,1.95,3.5,4.43,1.95,3.25,4.2,1.95,3.5,4.4,45,2,1.94,3.5,3.36,4.43,4.1,35,2.3,2.21,1.7,1.63,26,-0.5,2.02,1.92,1.99,1.92
E1,18/12/15,Birmingham,Cardiff,1,0,H,1,0,H,K Stroud,14,10,3,3,12,14,7,4,3,1,0,0,2.63,3.25,3,2.55,3.2,2.9,2.4,3.1,2.7,2.5,3.25,3,2.6,3.32,2.95,2.45,3.1,3,2.55,3.3,3,48,2.64,2.51,3.32,3.2,3,2.9,43,2.25,2.15,1.78,1.68,27,-0.25,2.22,2.15,2.46,1.75
E1,19/12/15,Bolton,Fulham,2,2,D,0,1,A,N Miller,16,13,3,4,9,9,5,5,0,1,0,0,2.5,3.6,2.9,2.4,3.3,2.8,2.4,3.1,2.7,2.4,3.4,2.8,2.45,3.56,2.97,2.5,3.2,2.9,2.5,3.6,2.9,48,2.51,2.42,3.6,3.37,3,2.85,43,1.83,1.74,2.17,2.05,26,0,1.82,1.78,2.15,2.07
E1,19/12/15,Brentford,Huddersfield,4,2,H,3,0,H,P Gibbs,11,11,8,4,12,11,5,5,1,2,0,0,2.05,3.6,3.8,1.9,3.5,3.8,1.9,3.2,3.6,2,3.5,3.6,2.05,3.74,3.7,2.05,3.6,3.4,2.05,3.6,3.8,48,2.06,2,3.74,3.51,3.85,3.62,44,1.83,1.76,2.15,2.03,28,-0.5,2.05,2,1.9,1.84
E1,19/12/15,Brighton,Middlesbrough,0,3,A,0,2,A,C Pawson,14,10,2,6,6,7,3,4,0,1,0,0,2.75,3.2,2.88,2.4,3.1,2.9,2.5,3.1,2.6,2.62,3,2.8,2.73,3.25,2.85,2.7,3,2.8,2.75,3.2,2.88,48,2.8,2.64,3.3,3.1,2.9,2.8,36,2.55,2.39,1.61,1.54,26,0,1.93,1.88,2.01,1.96
E1,19/12/15,Bristol City,QPR,1,1,D,0,0,D,M Haywood,11,8,5,4,5,6,7,5,0,0,0,0,2.7,3.4,2.75,2.6,3.1,2.65,2.5,3.1,2.6,2.62,3.2,2.7,2.8,3.36,2.7,2.7,3.1,2.7,2.7,3.4,2.75,48,2.8,2.65,3.4,3.22,2.8,2.68,43,2.2,2.11,1.8,1.71,26,0,1.99,1.92,1.98,1.92
E1,19/12/15,Burnley,Charlton,4,0,H,1,0,H,P Tierney,19,12,7,6,7,7,7,5,0,0,0,0,1.57,4,7,1.5,4,6.25,1.5,3.8,5.5,1.5,4,6.5,1.6,4.02,6.67,1.53,3.75,7,1.55,4.2,7,48,1.6,1.55,4.2,3.86,7,6.37,43,2.15,2.05,1.81,1.73,28,-1,2.09,2,1.89,1.84
E1,19/12/15,Ipswich,Derby,0,1,A,0,1,A,K Hill,11,7,2,4,8,11,9,3,2,2,0,0,3.25,3.3,2.4,2.9,3.25,2.35,2.8,3.1,2.3,3.2,3.25,2.25,3.34,3.36,2.35,3.1,3.1,2.4,3.25,3.4,2.38,48,3.34,3.14,3.4,3.23,2.4,2.31,43,2.2,2.13,1.76,1.69,27,0.25,1.92,1.87,2.03,1.97
E1,19/12/15,Nott'm Forest,Milton Keynes Dons,2,1,H,2,0,H,S Hooper,12,13,4,4,12,9,4,6,1,1,0,0,1.83,3.6,5,1.78,3.6,4.2,1.75,3.3,4.2,1.75,3.5,4.75,1.77,3.75,5.2,1.85,3.4,4.5,1.8,3.75,5,48,1.85,1.77,3.75,3.56,5.2,4.7,44,2.11,2.02,1.83,1.76,27,-0.5,1.81,1.76,2.19,2.1
E1,19/12/15,Rotherham,Hull,2,0,H,1,0,H,E Ilderton,12,18,5,3,9,8,3,10,2,1,0,0,5,3.5,1.85,4.25,3.3,1.85,3.8,3.2,1.85,4.75,3.4,1.8,5.17,3.58,1.81,4.5,3.4,1.85,5,3.6,1.83,48,5.26,4.66,3.6,3.39,1.9,1.82,36,2.38,2.28,1.63,1.59,28,0.5,2.13,2.04,1.87,1.81
E1,20/12/15,Leeds,Preston,1,0,H,0,0,D,G Ward,12,9,2,7,9,17,8,5,1,5,0,1,2.63,3.2,3,2.4,3.1,2.9,2.3,3.1,2.8,2.62,3,2.9,2.67,3.14,3.01,2.5,3.1,3,2.7,3.13,3,48,2.7,2.57,3.3,3.07,3.1,2.91,35,2.67,2.51,1.53,1.49,27,0,1.88,1.82,2.13,2.02
E1,20/12/15,Reading,Blackburn,1,0,H,1,0,H,P Bankes,13,8,7,3,8,12,6,1,1,4,0,0,2.4,3.3,3.25,2.3,3.3,2.9,2.2,3.1,3,2.3,3.1,3.1,2.39,3.29,3.3,2.4,3.1,3.1,2.45,3.3,3.2,48,2.45,2.35,3.4,3.19,3.3,3.11,36,2.42,2.27,1.65,1.59,27,-0.25,2.09,2.02,1.87,1.82
E1,20/12/15,Sheffield Weds,Wolves,4,1,H,2,1,H,D Whitestone,24,11,8,2,13,15,2,3,0,2,0,0,2.38,3.3,3.3,2.3,3.3,2.95,2.3,3.1,2.8,2.3,3.2,3.25,2.38,3.31,3.3,2.3,3.2,3.2,2.38,3.3,3.3,49,2.4,2.31,3.31,3.19,3.35,3.16,37,2.31,2.24,1.66,1.61,27,-0.25,2.03,1.98,1.9,1.86
E1,26/12/15,Brentford,Brighton,0,0,D,0,0,D,D Deadman,20,4,4,3,8,14,10,1,1,3,0,0,2.45,3.3,2.8,2.4,3.3,2.75,2.4,3.1,2.7,2.4,3.4,2.75,2.51,3.6,2.87,2.5,3.2,2.9,2.55,3.6,2.8,48,2.55,2.45,3.6,3.38,2.9,2.78,43,1.98,1.88,1.98,1.89,28,-0.25,2.23,2.14,1.77,1.73
E1,26/12/15,Bristol City,Charlton,1,1,D,1,0,H,O Langford,18,7,2,4,6,18,7,3,2,1,0,0,1.8,3.5,4.5,1.8,3.3,4.5,1.8,3.2,4,1.75,3.5,4.75,1.76,3.79,5.17,1.83,3.2,5,1.8,3.75,5,49,1.83,1.78,3.79,3.51,5.17,4.68,43,2.16,2.06,1.81,1.74,28,-0.5,1.82,1.77,2.18,2.08
E1,26/12/15,Derby,Fulham,2,0,H,0,0,D,S Duncan,19,11,1,4,8,7,4,4,1,1,0,0,1.4,4.75,7,1.45,4.2,6.5,1.45,3.9,6,1.44,4.33,7,1.48,4.68,7.39,1.5,4.2,6.5,1.45,4.8,7.5,49,1.5,1.44,4.8,4.44,7.5,6.86,36,1.67,1.61,2.38,2.25,30,-1,1.79,1.7,2.25,2.18
E1,26/12/15,Huddersfield,Preston,3,1,H,1,0,H,C Kavanagh,21,10,11,4,10,9,4,4,4,3,0,0,2.5,3.1,2.9,2.5,3.2,2.75,2.3,3.1,2.8,2.62,3,2.88,2.66,3.18,2.99,2.6,3,2.9,2.7,3.13,3,49,2.7,2.56,3.2,3.06,3,2.89,36,2.64,2.51,1.55,1.49,28,-0.25,2.26,2.19,1.75,1.7
E1,26/12/15,Hull,Burnley,3,0,H,0,0,D,M Clattenburg,17,8,6,2,12,14,8,2,0,0,0,0,1.95,3.3,4,1.9,3.25,4.1,2.1,3.1,3.2,1.95,3.2,4.2,1.99,3.41,4.34,2.05,3.1,4,2,3.4,4.4,48,2.1,1.97,3.41,3.23,4.5,4.06,36,2.6,2.48,1.55,1.5,29,-0.5,2.02,1.97,1.93,1.88
E1,26/12/15,Ipswich,QPR,2,1,H,0,1,A,D Drysdale,15,13,2,5,6,8,6,5,1,2,0,0,2.1,3.3,3.5,2.1,3.25,3.4,2.2,3.1,3,2.1,3.2,3.6,2.14,3.4,3.8,2.2,3.2,3.4,2.15,3.4,3.8,49,2.2,2.12,3.4,3.24,3.8,3.52,36,2.44,2.32,1.61,1.56,28,-0.25,1.87,1.82,2.09,2.02
E1,26/12/15,Milton Keynes Dons,Cardiff,2,1,H,0,0,D,I Williamson,10,15,2,4,11,14,1,3,3,2,0,0,2.7,3.2,2.63,2.65,3.25,2.55,2.55,3.1,2.55,2.62,3.1,2.7,2.69,3.32,2.84,2.7,3.1,2.7,2.75,3.3,2.8,49,2.8,2.66,3.32,3.16,2.84,2.7,36,2.36,2.28,1.64,1.59,28,0,1.95,1.89,2,1.93
E1,26/12/15,Rotherham,Bolton,4,0,H,0,0,D,G Eltringham,18,7,10,2,19,14,12,1,1,1,0,0,2.38,3.25,3,2.35,3.25,2.9,2.3,3.1,2.8,2.3,3.3,3,2.44,3.45,3.07,2.3,3.2,3.2,2.45,3.4,3.1,49,2.48,2.35,3.45,3.29,3.2,3,43,2.2,2.08,1.78,1.72,28,-0.25,2.11,2.04,1.86,1.8
E1,26/12/15,Sheffield Weds,Birmingham,3,0,H,2,0,H,T Harrington,18,11,8,2,14,15,3,4,0,2,0,0,2,3.4,3.75,1.95,3.4,3.6,1.9,3.2,3.6,1.95,3.3,4,1.98,3.46,4.34,1.95,3.25,4.2,2,3.4,4.33,49,2,1.95,3.5,3.33,4.34,4.01,36,2.38,2.27,1.65,1.59,29,-0.5,2,1.95,1.95,1.9
E1,26/12/15,Wolves,Reading,1,0,H,1,0,H,S Hooper,6,24,1,3,12,9,9,8,2,1,0,0,2.5,3.2,2.88,2.35,3.2,2.9,2.4,3.1,2.7,2.6,3.1,2.8,2.59,3.27,3.01,2.62,3.1,2.8,2.63,3.3,2.9,48,2.63,2.52,3.3,3.18,3.01,2.85,39,2.25,2.17,1.71,1.66,28,0,1.86,1.81,2.12,2.02
E1,27/12/15,Nott'm Forest,Leeds,1,1,D,1,0,H,J Linington,16,15,3,2,16,8,5,6,3,2,0,0,2,3.3,3.8,1.95,3.3,3.75,2,3.2,3.3,2,3.1,4,2.09,3.29,4.13,2,3.2,4,2.05,3.4,4.1,48,2.09,2.01,3.4,3.22,4.2,3.92,36,2.5,2.37,1.6,1.55,28,-0.25,1.79,1.73,2.21,2.13
E1,28/12/15,Birmingham,Milton Keynes Dons,1,0,H,0,0,D,A Davies,17,7,6,2,13,15,11,2,1,4,0,0,2.1,3.5,3.75,2,3.25,3.7,2,3.2,3.3,2.1,3.3,3.5,2.23,3.44,3.49,2.05,3.4,3.6,2.15,3.5,3.6,50,2.23,2.1,3.5,3.34,3.8,3.51,44,2.25,2.14,1.76,1.68,29,-0.25,1.92,1.83,2.06,2.01
E1,28/12/15,Bolton,Blackburn,1,0,H,0,0,D,J Moss,12,15,3,1,14,16,2,7,4,3,0,0,3.8,3.3,2.2,3.3,3.2,2.15,3.3,3.2,2,3.75,3.25,2.05,3.94,3.38,2.11,3.4,3.2,2.2,3.9,3.3,2.15,48,4,3.6,3.45,3.23,2.3,2.12,37,2.4,2.27,1.64,1.6,28,0.25,2.13,2.06,1.82,1.79
E1,28/12/15,Burnley,Bristol City,4,0,H,2,0,H,A Madley,18,14,4,3,13,8,8,3,1,1,0,0,1.91,3.6,4.5,1.75,3.6,4.25,1.85,3.2,3.8,1.85,3.4,4.5,1.9,3.62,4.49,1.85,3.4,4.4,1.87,3.6,4.75,50,1.91,1.85,3.62,3.46,4.75,4.33,39,2.3,2.2,1.71,1.64,29,-0.5,1.9,1.86,2.05,1.99
E1,28/12/15,Charlton,Wolves,0,2,A,0,0,D,M Buonassisi,10,9,2,3,10,9,6,8,1,0,0,0,3.5,3.4,2.25,3.2,3.2,2.2,3,3.1,2.2,3.3,3.3,2.2,3.27,3.42,2.34,3.3,3.2,2.25,3.4,3.4,2.3,50,3.5,3.24,3.42,3.28,2.34,2.23,44,2.23,2.13,1.76,1.69,28,0.25,1.95,1.9,2.01,1.93
E1,28/12/15,Middlesbrough,Sheffield Weds,1,0,H,1,0,H,D Coote,5,6,2,1,12,23,3,5,1,4,0,0,1.67,3.8,6,1.67,3.7,4.75,1.7,3.4,4.3,1.7,3.6,5.25,1.69,3.77,5.94,1.67,3.6,5.5,1.7,3.8,5.75,51,1.75,1.67,3.8,3.63,6,5.44,41,2.31,2.18,1.71,1.65,28,-0.75,1.94,1.87,2.03,1.97
E1,28/12/15,Preston,Hull,1,0,H,0,0,D,P Bankes,16,10,4,4,11,12,2,6,0,4,0,0,3.5,3.25,2.3,3.3,3.2,2.15,2.7,3.1,2.4,3.3,3,2.3,3.67,3.22,2.26,3.3,3.1,2.3,3.5,3.25,2.3,50,3.67,3.37,3.25,3.12,2.4,2.25,37,2.64,2.5,1.56,1.5,28,0.25,1.98,1.91,1.98,1.93
E1,28/12/15,QPR,Huddersfield,1,1,D,0,0,D,B Malone,11,11,2,4,10,10,4,8,0,2,0,0,2.05,3.5,4,1.91,3.3,3.9,2,3.2,3.3,2,3.3,3.75,2.1,3.46,3.84,2.1,3.25,3.6,2.05,3.5,4,50,2.1,2.03,3.5,3.34,4,3.74,41,2.25,2.13,1.75,1.68,29,-0.5,2.1,2.02,1.88,1.83
E1,28/12/15,Reading,Brentford,1,2,A,0,1,A,K Stroud,15,10,4,4,13,18,12,3,2,4,1,0,2.2,3.5,3.5,2.2,3.25,3.1,2.2,3.1,3,2.15,3.4,3.3,2.2,3.51,3.5,2.2,3.3,3.3,2.2,3.5,3.5,50,2.25,2.18,3.51,3.34,3.54,3.29,45,2.08,1.99,1.9,1.8,28,-0.25,1.91,1.87,2.03,1.96
E1,29/12/15,Brighton,Ipswich,0,1,A,0,1,A,S Atwell,14,11,3,4,5,8,5,8,1,1,0,0,2.15,3.4,3.75,2,3.2,3.8,2,3.2,3.3,2.05,3.25,3.6,2.16,3.42,3.7,2.1,3.25,3.6,2.1,3.4,3.9,50,2.16,2.08,3.42,3.28,3.9,3.6,40,2.3,2.19,1.72,1.64,29,-0.5,2.16,2.08,1.83,1.77
E1,29/12/15,Cardiff,Nott'm Forest,1,1,D,1,1,D,T Robinson,17,6,5,2,10,7,4,1,1,1,0,0,2.45,3.3,3.2,2.4,3,3,2.5,3.1,2.6,2.4,3.1,3,2.46,3.28,3.19,2.5,3.2,2.9,2.5,3.3,3.1,51,2.55,2.43,3.3,3.16,3.2,2.98,39,2.4,2.3,1.64,1.59,28,0,1.8,1.73,2.24,2.12
E1,29/12/15,Fulham,Rotherham,4,1,H,2,1,H,S Hooper,16,22,8,8,5,11,4,8,0,0,0,0,2.1,3.7,3.6,2,3.5,3.4,2,3.2,3.3,2.05,3.5,3.5,2.08,3.69,3.65,2.05,3.6,3.4,2.15,3.7,3.5,50,2.15,2.05,3.7,3.52,3.65,3.42,43,1.83,1.73,2.2,2.06,29,-0.25,1.83,1.78,2.15,2.07
E1,29/12/15,Leeds,Derby,2,2,D,1,1,D,M Heywood,12,13,4,4,13,13,3,9,3,2,0,0,4.2,3.4,2.05,3.8,3.3,1.95,3.6,3.2,1.9,4,3.3,1.95,4.22,3.38,2.03,4.2,3.25,1.95,4.2,3.4,2.05,49,4.33,4.04,3.4,3.26,2.05,1.97,36,2.36,2.26,1.66,1.6,29,0.5,1.9,1.86,2.05,1.98
E1,01/01/16,Brighton,Wolves,0,1,A,0,1,A,C Kavanagh,19,6,6,4,9,9,10,4,1,1,0,0,2.2,3.4,3.6,2.2,3.3,3.4,2.1,3.1,3.2,2.2,3.3,3.5,2.18,3.42,3.73,2.2,3.1,3.6,2.2,3.4,3.6,49,2.25,2.16,3.42,3.24,3.73,3.51,43,2.31,2.23,1.72,1.63,29,-0.25,1.9,1.86,2.05,1.98
E1,01/01/16,QPR,Hull,1,2,A,0,0,D,K Stroud,14,12,2,2,10,10,6,8,1,1,0,0,3.2,3.25,2.5,2.95,3.1,2.55,2.8,3.1,2.3,3,3.2,2.5,3.25,3.22,2.49,2.9,3,2.6,3.13,3.2,2.55,49,3.25,3.04,3.25,3.08,2.6,2.46,37,2.61,2.44,1.6,1.52,29,0.25,1.83,1.76,2.17,2.1
E1,02/01/16,Birmingham,Brentford,2,1,H,0,0,D,G Scott,10,15,3,3,14,11,0,5,4,2,0,0,2.75,3.4,2.7,2.5,3.3,2.65,2.5,3.1,2.6,2.7,3.3,2.6,2.8,3.42,2.67,2.75,3.2,2.6,2.75,3.5,2.63,49,2.8,2.67,3.5,3.31,2.7,2.58,44,1.94,1.87,2,1.91,28,0,2.01,1.95,1.94,1.88
E1,02/01/16,Bolton,Huddersfield,0,2,A,0,0,D,A Haines,14,18,1,4,14,18,2,7,2,1,0,0,2.8,3.4,2.7,2.55,3.2,2.65,2.5,3.1,2.6,2.62,3.25,2.62,2.83,3.45,2.62,2.7,3.1,2.7,2.8,3.5,2.63,49,2.83,2.68,3.5,3.27,2.72,2.59,44,2.08,2,1.85,1.78,28,0,2.01,1.95,1.93,1.88
E1,02/01/16,Burnley,Ipswich,0,0,D,0,0,D,P Bankes,8,14,1,3,10,13,2,8,2,0,0,0,2.15,3.4,3.75,2,3.4,3.5,2.1,3.1,3.2,2.1,3.3,3.5,2.1,3.5,3.78,2.2,3.3,3.3,2.15,3.5,3.7,49,2.2,2.08,3.5,3.34,3.78,3.52,43,2.16,2.05,1.8,1.74,28,-0.5,2.13,2.07,1.83,1.78
E1,02/01/16,Cardiff,Blackburn,1,0,H,0,0,D,A Woolmer,13,10,5,2,8,11,6,5,1,2,0,0,2.63,3.3,2.9,2.6,3.2,2.6,2.5,3.1,2.6,2.6,3.1,2.8,2.67,3.2,2.96,2.7,3,2.8,2.63,3.3,2.9,49,2.75,2.58,3.3,3.11,2.96,2.8,36,2.36,2.26,1.64,1.6,28,0,1.88,1.83,2.08,2
E1,02/01/16,Charlton,Nott'm Forest,1,1,D,0,1,A,T Kettle,11,16,4,6,16,9,6,8,0,1,1,0,3.4,3.5,2.25,3.3,3.2,2.15,3,3.1,2.2,3.4,3.3,2.15,3.5,3.44,2.22,3.3,3.2,2.25,3.5,3.5,2.2,49,3.5,3.32,3.5,3.31,2.25,2.17,44,2.17,2.08,1.79,1.72,28,0.5,1.78,1.73,2.21,2.15
E1,02/01/16,Fulham,Sheffield Weds,0,1,A,0,1,A,K Johnson,11,14,1,6,15,14,4,7,2,1,0,0,2.7,3.5,2.7,2.55,3.4,2.55,2.5,3.1,2.6,2.62,3.3,2.5,2.74,3.55,2.64,2.5,3.4,2.7,2.7,3.5,2.7,49,2.74,2.61,3.55,3.37,2.7,2.6,43,1.83,1.77,2.12,2.01,28,0,1.99,1.92,1.96,1.91
E1,02/01/16,Leeds,Milton Keynes Dons,1,1,D,0,1,A,J Simpson,3,7,0,2,15,13,6,5,2,5,0,0,1.95,3.5,4.33,1.91,3.4,3.8,1.9,3.2,3.6,1.85,3.3,4.33,1.96,3.48,4.39,1.95,3.2,4.33,1.95,3.5,4.4,49,1.97,1.91,3.52,3.34,4.4,4.12,42,2.3,2.21,1.71,1.64,29,-0.5,1.98,1.92,1.98,1.92
E1,02/01/16,Middlesbrough,Derby,2,0,H,0,0,D,N Swarbrick,16,10,4,2,13,6,5,7,0,2,0,0,2.3,3.25,3.5,2.2,3.1,3.3,2.2,3.1,3,2.25,3.1,3.3,2.29,3.26,3.55,2.3,3.2,3.2,2.3,3.13,3.75,49,2.3,2.25,3.3,3.16,3.75,3.29,36,2.52,2.38,1.6,1.54,27,-0.25,2.01,1.95,1.94,1.89
E1,02/01/16,Preston,Rotherham,2,1,H,0,1,A,C Breakspear,17,7,6,3,11,10,7,5,0,1,0,0,1.91,3.5,4.75,1.72,3.5,4.6,1.85,3.2,3.8,1.83,3.4,4.5,1.9,3.51,4.68,1.85,3.4,4.5,1.85,3.6,4.8,49,1.91,1.84,3.6,3.38,4.8,4.48,36,2.39,2.29,1.63,1.58,29,-0.5,1.9,1.84,2.08,2.01
E1,02/01/16,Reading,Bristol City,1,0,H,0,0,D,D Handley,19,8,3,0,7,14,6,5,3,0,0,0,1.91,3.6,4.5,1.9,3.25,4.1,1.9,3.2,3.6,1.85,3.4,4.33,1.89,3.68,4.44,1.83,3.4,4.5,1.93,3.6,4.4,49,1.95,1.88,3.68,3.41,4.5,4.19,43,2.15,2.05,1.81,1.74,29,-0.5,1.93,1.88,2.03,1.96
E1,12/01/16,Blackburn,QPR,1,1,D,0,1,A,E Ilderton,14,10,7,3,11,10,7,3,0,0,0,0,2.2,3.25,3.8,2.1,3.2,3.4,2.1,3.1,3.2,2.05,3.1,3.8,2.17,3.29,3.91,2.2,3.1,3.5,2.15,3.25,4,48,2.2,2.13,3.29,3.16,4,3.66,36,2.6,2.46,1.56,1.51,28,-0.5,2.18,2.09,1.82,1.76
E1,12/01/16,Brentford,Middlesbrough,0,1,A,0,0,D,G Ward,13,10,6,6,7,14,11,5,1,3,0,0,3.4,3.4,2.3,3,3.3,2.25,3,3.1,2.2,3.25,3.3,2.2,3.47,3.46,2.26,3.3,3.1,2.3,3.5,3.4,2.25,48,3.5,3.25,3.46,3.28,2.3,2.24,42,2.19,2.09,1.79,1.72,28,0.25,2.01,1.94,1.95,1.9
E1,12/01/16,Bristol City,Preston,1,2,A,0,0,D,J Linington,9,5,5,2,10,12,8,2,2,0,0,0,2.45,3.3,3.2,2.35,3.25,2.9,2.2,3.1,3,2.4,3.1,3,2.47,3.3,3.2,2.5,3.1,3,2.5,3.3,3.13,48,2.51,2.43,3.3,3.15,3.2,3.04,41,2.43,2.3,1.66,1.59,28,-0.25,2.12,2.06,1.84,1.79
E1,12/01/16,Derby,Reading,1,1,D,1,1,D,D Coote,8,14,2,5,14,14,4,7,3,2,0,0,1.67,3.9,6,1.62,3.6,5.5,1.65,3.5,4.5,1.67,3.6,5.5,1.7,3.84,5.8,1.67,3.6,5.5,1.7,3.8,5.75,48,1.71,1.66,3.9,3.65,6,5.45,42,2.25,2.15,1.75,1.68,28,-1,2.32,2.22,1.72,1.67
E1,12/01/16,Huddersfield,Charlton,5,0,H,2,0,H,G Eltringham,15,7,7,2,13,16,7,3,0,3,0,1,1.7,3.9,5.5,1.67,3.6,5,1.65,3.5,4.5,1.67,3.8,5,1.68,4.04,5.57,1.67,3.6,5.5,1.7,4,5.5,48,1.7,1.66,4.04,3.75,5.57,5.23,43,1.98,1.9,1.96,1.87,27,-0.75,1.9,1.85,2.06,1.99
E1,12/01/16,Ipswich,Leeds,2,1,H,0,1,A,F Graham,17,4,7,2,7,4,7,2,2,1,0,0,1.95,3.5,4.33,1.85,3.5,4,1.9,3.2,3.6,1.91,3.3,4.2,1.95,3.55,4.41,1.95,3.25,4.2,1.95,3.6,4.3,48,2,1.93,3.6,3.39,4.41,4.09,41,2.3,2.2,1.71,1.64,28,-0.5,1.98,1.93,1.97,1.9
E1,12/01/16,Milton Keynes Dons,Burnley,0,5,A,0,1,A,S Martin,16,13,5,7,4,16,4,4,0,2,1,0,3.3,3.3,2.38,3.2,3.3,2.15,3,3.1,2.2,3.25,3.2,2.25,3.34,3.38,2.35,3.2,3.2,2.3,3.4,3.4,2.3,48,3.4,3.19,3.4,3.22,2.4,2.29,42,2.38,2.28,1.66,1.6,28,0.25,1.95,1.89,2,1.95
E1,12/01/16,Nott'm Forest,Birmingham,1,1,D,1,1,D,M Brown,14,7,4,4,13,16,0,4,4,2,1,0,2.15,3.4,3.8,2,3.3,3.6,2.1,3.1,3.2,2.1,3.3,3.5,2.18,3.42,3.71,2.15,3.2,3.6,2.15,3.4,3.75,48,2.18,2.12,3.42,3.26,3.8,3.56,42,2.26,2.19,1.72,1.65,28,-0.25,1.86,1.82,2.08,2.02
E1,12/01/16,Rotherham,Brighton,2,0,H,1,0,H,O Langford,14,8,8,2,10,12,3,7,0,0,0,0,3.3,3.4,2.35,2.95,3.3,2.3,3,3.1,2.2,3.2,3.25,2.25,3.41,3.44,2.29,3.2,3.2,2.3,3.4,3.4,2.3,48,3.41,3.19,3.44,3.28,2.35,2.26,42,2.25,2.13,1.75,1.69,28,0.25,1.95,1.89,1.99,1.94
E1,12/01/16,Sheffield Weds,Bolton,3,2,H,1,1,D,S Hooper,13,14,7,5,17,13,2,0,2,1,0,0,1.62,4.1,6,1.55,3.8,5.75,1.6,3.6,4.8,1.57,3.8,6,1.62,4.15,6.14,1.6,3.75,6,1.6,4.2,6.25,48,1.65,1.59,4.2,3.89,6.3,5.75,43,2.05,1.98,1.87,1.8,29,-1,2.12,2.05,1.83,1.79
E1,12/01/16,Wolves,Fulham,3,2,H,2,1,H,R Lewis,17,11,8,4,4,12,4,5,0,3,0,0,2.1,3.6,3.75,2,3.4,3.5,1.9,3.2,3.6,2.05,3.5,3.4,2.13,3.61,3.64,2.1,3.25,3.6,2.1,3.6,3.5,48,2.13,2.07,3.61,3.44,3.75,3.5,42,1.84,1.78,2.08,1.99,28,-0.25,1.85,1.8,2.09,2.04
E1,13/01/16,Hull,Cardiff,2,0,H,1,0,H,S Duncan,19,5,8,0,12,8,6,1,1,0,0,0,1.75,3.8,5.25,1.72,3.6,4.6,1.75,3.3,4.2,1.7,3.5,5.25,1.75,3.66,5.55,1.75,3.5,5,1.73,3.7,5.75,48,1.75,1.72,3.8,3.51,5.75,5.13,36,2.4,2.28,1.64,1.59,27,-0.5,1.75,1.71,2.26,2.18
E1,15/01/16,Brentford,Burnley,1,3,A,0,3,A,C Kavanagh,19,17,3,6,7,10,3,3,0,0,0,0,2.6,3.4,2.9,2.6,3.4,2.75,2.3,3.1,2.8,2.6,3.4,2.8,2.63,3.48,2.83,2.45,3.2,2.7,2.7,3.4,2.75,44,2.7,2.55,3.48,3.29,2.9,2.75,41,2.17,2.07,1.79,1.73,27,-0.25,2.35,2.23,1.71,1.67
E1,16/01/16,Blackburn,Brighton,0,1,A,0,1,A,K Wright,15,8,2,3,12,16,5,6,2,1,0,0,2.3,3.3,3.5,2.35,3,3.1,2.4,3.1,2.7,2.3,3,3.3,2.37,3.19,3.45,2.4,3.1,3.1,2.38,3.25,3.4,44,2.4,2.3,3.3,3.11,3.5,3.26,35,2.57,2.39,1.57,1.54,27,-0.25,2.03,1.98,1.9,1.87
E1,16/01/16,Bristol City,Middlesbrough,1,0,H,0,0,D,C Boyeson,17,12,5,2,10,14,7,3,2,2,0,0,4.33,3.5,1.95,3.8,3.25,1.95,3.6,3.2,1.9,4.2,3.3,1.91,4.32,3.46,1.98,4.33,3.1,1.95,4.33,3.6,1.95,44,4.5,4.08,3.6,3.34,1.98,1.92,37,2.33,2.21,1.67,1.63,27,0.5,1.98,1.91,1.98,1.93
E1,16/01/16,Derby,Birmingham,0,3,A,0,0,D,T Robinson,14,11,4,8,14,16,6,3,2,1,0,0,1.57,4.2,6.5,1.55,3.9,5.75,1.55,3.7,5,1.6,3.8,6,1.57,4.1,6.9,1.62,3.4,6.5,1.6,4.2,6.25,44,1.62,1.56,4.33,3.86,6.9,6.07,42,2.06,1.94,1.91,1.84,28,-1,2.07,2.02,1.88,1.82
E1,16/01/16,Huddersfield,Fulham,1,1,D,1,1,D,C Sarginson,9,13,3,3,11,11,7,2,2,1,0,0,2,3.8,3.75,1.95,3.5,3.5,2,3.2,3.3,1.95,3.6,3.6,1.99,3.79,3.88,2.05,3.2,3.75,2,3.8,3.8,44,2.05,1.96,3.81,3.59,3.88,3.62,40,1.72,1.65,2.3,2.19,27,-0.5,2.01,1.95,1.94,1.89
E1,16/01/16,Hull,Charlton,6,0,H,4,0,H,R Clark,27,6,10,3,5,17,6,1,0,2,0,0,1.33,5.25,12,1.33,4.5,9.25,1.35,4.2,7.5,1.36,4.5,10,1.36,5.14,10.75,1.36,4.2,11,1.33,5.25,12,44,1.36,1.32,5.25,4.76,12,10.2,42,2,1.91,1.98,1.86,28,-1.5,2.09,2.02,1.86,1.81
E1,16/01/16,Ipswich,Preston,1,1,D,1,1,D,S Hooper,19,12,6,3,10,15,5,2,1,3,0,0,1.95,3.5,4.33,1.95,3.25,3.8,2,3.2,3.3,1.95,3.25,4.2,2,3.39,4.33,1.95,3.1,4.33,2,3.5,4.2,44,2.02,1.95,3.5,3.3,4.35,4.03,35,2.39,2.28,1.66,1.59,27,-0.5,2.02,1.96,1.92,1.89
E1,16/01/16,Milton Keynes Dons,Reading,1,0,H,0,0,D,C Breakspear,10,14,4,4,17,12,7,8,2,3,0,0,3.5,3.3,2.3,3,3.2,2.3,2.7,3.1,2.4,3.3,3.1,2.25,3.36,3.29,2.36,3.3,3.1,2.3,3.4,3.3,2.38,44,3.5,3.23,3.3,3.19,2.4,2.27,37,2.31,2.22,1.68,1.62,27,0.25,1.94,1.88,2.02,1.96
E1,16/01/16,Nott'm Forest,Bolton,3,0,H,2,0,H,E Ilderton,22,3,6,1,8,10,5,4,0,1,0,1,1.8,3.75,5,1.65,3.6,5,1.65,3.5,4.5,1.73,3.6,4.75,1.82,3.7,4.86,1.75,3.2,5.5,1.8,3.8,4.8,44,1.82,1.74,3.8,3.57,5.5,4.78,41,2.11,2.01,1.87,1.77,26,-0.75,2.08,2,1.88,1.85
E1,16/01/16,Rotherham,QPR,0,3,A,0,0,D,J Adcock,21,8,3,3,10,10,9,2,1,0,0,0,2.75,3.3,2.8,2.75,3.2,2.5,2.6,3.1,2.5,2.62,3.25,2.62,2.78,3.36,2.72,2.7,3.2,2.62,2.7,3.4,2.75,44,2.8,2.67,3.4,3.23,2.8,2.63,40,2.23,2.13,1.75,1.68,26,0,2,1.92,1.97,1.91
E1,16/01/16,Sheffield Weds,Leeds,2,0,H,0,0,D,A Taylor,11,12,5,4,11,9,2,7,2,2,0,0,1.91,3.6,4.5,1.95,3.4,4.25,1.9,3.2,3.6,1.91,3.3,4.2,1.96,3.44,4.44,1.83,3.5,4.33,1.93,3.6,4.4,44,1.96,1.9,3.6,3.37,4.5,4.16,40,2.31,2.2,1.7,1.64,27,-0.5,1.96,1.91,1.98,1.93
E1,16/01/16,Wolves,Cardiff,1,3,A,1,2,A,D Whitestone,18,17,2,7,7,9,7,5,1,2,0,0,2.2,3.4,3.6,2.1,3.2,3.4,2.1,3.1,3.2,2.1,3.25,3.6,2.15,3.43,3.72,2.25,3.1,3.4,2.15,3.4,3.75,44,2.25,2.15,3.43,3.26,3.75,3.44,37,2.33,2.23,1.7,1.62,27,-0.25,1.9,1.84,2.08,2.01
