Div,Date,HomeTeam,AwayTeam,FTHG,FTAG,FTR,HTHG,HTAG,HTR,Referee,HS,AS,HST,AST,HF,AF,HC,AC,HY,AY,HR,AR,B365H,B365D,B365A,BWH,BWD,BWA,IWH,IWD,IWA,LBH,LBD,LBA,PSH,PSD,PSA,WHH,WHD,WHA,VCH,VCD,VCA,Bb1X2,BbMxH,BbAvH,BbMxD,BbAvD,BbMxA,BbAvA,BbOU,BbMx>2.5,BbAv>2.5,BbMx<2.5,BbAv<2.5,BbAH,BbAHh,BbMxAHH,BbAvAHH,BbMxAHA,BbAvAHA
E3,08/08/15,Accrington,Luton,1,1,D,0,0,D,G Eltringham,12,10,4,4,12,15,3,4,1,0,0,0,3.2,3.4,2.4,3.1,3.2,2.15,2.8,3.1,2.2,3.1,3.25,2.4,3.08,3.34,2.46,2.9,3.2,2.5,3,3.4,2.5,44,3.25,2.96,3.4,3.19,2.5,2.38,37,2.28,2.16,1.7,1.65,25,0.25,1.82,1.77,2.14,2.06
E3,08/08/15,AFC Wimbledon,Plymouth,0,2,A,0,1,A,B Toner,14,11,3,6,9,7,11,5,1,0,0,0,2.5,3.4,3,2.35,3.25,2.75,2.4,3.1,2.5,2.5,3.2,3,2.58,3.26,2.98,2.5,3.1,3,2.6,3.4,2.9,44,2.6,2.48,3.4,3.16,3,2.83,37,2.38,2.23,1.67,1.61,27,0,1.86,1.8,2.11,2.01
E3,08/08/15,Bristol Rvs,Northampton,0,1,A,0,0,D,M Heywood,2,11,2,3,11,8,1,9,1,1,0,0,2.35,3.4,3.3,2.2,3.25,2.95,2.2,3.1,2.8,2.38,3.25,3.2,2.33,3.41,3.24,2.3,3.1,3.3,2.38,3.4,3.25,44,2.38,2.28,3.41,3.24,3.3,3.09,41,2.2,2.1,1.8,1.7,26,-0.25,2.01,1.95,1.93,1.86
E3,08/08/15,Cambridge,Newport County,3,0,H,1,0,H,D Handley,10,14,7,2,9,12,3,7,1,2,0,0,1.95,3.6,4.33,1.85,3.4,3.75,1.85,3.2,3.5,1.91,3.25,4.5,2.03,3.57,3.9,1.95,3.25,4.2,2.05,3.6,3.9,44,2.05,1.93,3.6,3.36,4.5,3.89,41,2.2,2.1,1.76,1.69,27,-0.5,2.04,1.95,1.92,1.86
E3,08/08/15,Exeter,Yeovil,3,2,H,2,0,H,G Ward,9,6,4,3,5,10,5,5,1,0,0,0,2.45,3.4,3.1,2.4,3.2,2.7,2.3,3.1,2.6,2.4,3.25,3.1,2.47,3.36,3.05,2.5,3.1,3,2.45,3.4,3.1,44,2.5,2.4,3.4,3.21,3.1,2.91,38,2.17,2.09,1.77,1.69,27,0,1.8,1.73,2.2,2.11
E3,08/08/15,Hartlepool,Morecambe,2,0,H,1,0,H,D England,11,15,5,4,12,14,4,4,4,2,0,0,2.45,3.4,3.1,2.4,3.25,2.65,2.2,3.1,2.8,2.5,3.2,3,2.51,3.36,2.99,2.4,3.1,3.1,2.55,3.4,2.9,44,2.55,2.41,3.4,3.2,3.2,2.9,41,2.2,2.09,1.8,1.71,26,-0.25,2.16,2.09,1.79,1.75
E3,08/08/15,Leyton Orient,Barnet,2,0,H,0,0,D,I Williamson,9,8,5,2,9,13,1,3,4,1,0,0,2.15,3.5,3.6,2,3.3,3.4,2,3.2,3.1,2.1,3.25,3.75,2.06,3.42,3.96,2.1,3.1,3.4,2.15,3.5,3.6,44,2.2,2.05,3.5,3.28,3.96,3.55,37,2.27,2.16,1.7,1.65,27,-0.5,2.14,2.05,1.86,1.78
E3,08/08/15,Mansfield,Carlisle,1,1,D,1,1,D,L Swabey,14,10,6,3,13,12,6,5,0,1,0,0,2.45,3.4,3.1,2.4,3.2,2.7,2.4,3.1,2.5,2.4,3.25,3.1,2.5,3.28,3.09,2.5,3.1,3,2.45,3.4,3.1,44,2.5,2.39,3.4,3.19,3.1,2.94,38,2.29,2.18,1.7,1.64,27,0,1.76,1.71,2.28,2.14
E3,08/08/15,Oxford,Crawley Town,1,1,D,0,0,D,J Simpson,9,6,6,2,11,16,6,3,1,3,0,0,1.8,3.75,5,1.72,3.5,4.25,1.8,3.3,3.6,1.8,3.4,5,1.76,3.79,5.06,1.75,3.5,4.6,1.75,3.75,5,39,1.83,1.74,3.79,3.55,5.06,4.63,39,2.11,2.01,1.85,1.76,26,-0.5,1.81,1.75,2.21,2.09
E3,08/08/15,Portsmouth,Dag and Red,3,0,H,0,0,D,C Boyeson,12,4,5,0,3,6,11,2,0,0,0,0,1.7,3.9,5.5,1.62,3.5,5,1.55,3.5,4.8,1.67,3.75,5.5,1.75,3.82,5.11,1.67,3.6,5.5,1.75,3.9,5,44,1.75,1.67,3.9,3.64,6,5.05,43,2.16,2.04,1.82,1.74,24,-0.75,1.99,1.91,1.94,1.9
E3,08/08/15,Stevenage,Notts County,0,2,A,0,1,A,G Salisbury,8,11,3,6,16,16,11,12,1,4,1,1,2.5,3.4,3,2.2,3.2,3,2.2,3.1,2.8,2.4,3.2,3.1,2.5,3.35,3.02,2.5,3.1,3,2.5,3.4,3,44,2.5,2.41,3.4,3.2,3.1,2.9,38,2.29,2.17,1.7,1.64,26,-0.25,2.17,2.08,1.81,1.76
E3,08/08/15,Wycombe,York,3,0,H,2,0,H,O Langford,7,6,3,0,14,13,6,3,3,1,0,0,2.25,3.4,3.5,2.15,3.25,3.1,2.1,3.1,3,2.25,3.2,3.4,2.27,3.37,3.42,2.25,3.1,3.4,2.25,3.4,3.5,44,2.3,2.19,3.4,3.22,3.5,3.28,38,2.28,2.16,1.7,1.65,26,-0.25,1.96,1.89,1.99,1.92
E3,14/08/15,Notts County,Mansfield,0,2,A,0,1,A,T Robinson,13,10,4,4,14,16,3,5,3,4,0,0,1.95,3.6,4.2,1.9,3.4,3.6,1.8,3.3,3.6,1.95,3.5,4,1.94,3.63,4.24,2,3.3,3.6,1.95,3.6,4.33,44,2,1.91,3.63,3.42,4.33,3.86,43,2.05,1.96,1.9,1.8,27,-0.5,1.97,1.91,1.99,1.9
E3,15/08/15,Barnet,Wycombe,0,2,A,0,0,D,C Breakspear,15,12,2,5,10,13,7,2,1,4,0,0,2.9,3.4,2.6,2.6,3.2,2.5,2.3,3.1,2.6,2.7,3.2,2.7,2.95,3.28,2.59,2.8,3.1,2.5,2.9,3.4,2.6,45,2.95,2.77,3.4,3.16,2.88,2.52,39,2.32,2.2,1.68,1.63,28,0,2.11,2,1.9,1.8
E3,15/08/15,Carlisle,Cambridge,4,4,D,2,3,A,R Clark,13,13,5,7,12,14,4,6,2,1,0,0,2.75,3.4,2.75,2.55,3.2,2.55,2.5,3,2.5,2.7,3.2,2.7,2.81,3.35,2.66,2.7,3.1,2.7,2.8,3.5,2.63,45,2.81,2.67,3.5,3.22,2.75,2.58,44,2.15,2.05,1.81,1.73,28,0,2.03,1.94,1.92,1.87
E3,15/08/15,Crawley Town,AFC Wimbledon,1,2,A,1,0,H,D Whitestone,10,11,3,6,6,14,2,6,3,1,0,0,2.4,3.5,3.1,2.3,3.2,2.8,2.2,3.1,2.8,2.4,3.2,3.1,2.45,3.39,3.06,2.4,3.1,3.1,2.45,3.5,3,45,2.45,2.36,3.5,3.24,3.1,2.93,44,2.11,2.02,1.85,1.76,27,-0.25,2.14,2.04,1.83,1.79
E3,15/08/15,Dag and Red,Leyton Orient,1,3,A,0,2,A,G Ward,12,15,4,5,9,7,4,4,0,0,0,0,4,3.4,2.1,3.4,3.3,2,3.1,3.2,2,3.6,3.3,2.1,4.05,3.47,2.02,3.6,3.2,2.1,4,3.4,2.05,45,4.05,3.75,3.47,3.28,2.1,2,39,2.26,2.15,1.71,1.65,24,0.25,2.23,2.14,1.76,1.71
E3,15/08/15,Luton,Oxford,2,2,D,1,0,H,M Brown,13,15,5,5,9,11,10,10,0,1,0,0,2.38,3.3,3.3,2.05,3.25,3.25,2,3.2,3.1,2.25,3.2,3.4,2.4,3.3,3.23,2.3,3.1,3.3,2.4,3.4,3.2,40,2.42,2.29,3.4,3.17,3.4,3.14,36,2.39,2.25,1.66,1.6,26,-0.25,2.07,1.98,1.9,1.84
E3,15/08/15,Morecambe,Accrington,1,0,H,1,0,H,S Attwell,7,15,4,4,7,6,5,6,1,1,0,0,2.25,3.6,3.3,2.1,3.2,3.2,2.2,3.1,2.8,2.25,3.2,3.4,2.23,3.5,3.38,2.3,3.1,3.3,2.25,3.6,3.3,45,2.3,2.2,3.6,3.3,3.4,3.19,44,2.09,2.01,1.85,1.77,27,-0.25,1.97,1.91,1.99,1.91
E3,15/08/15,Newport County,Stevenage,2,2,D,0,1,A,N Kinseley,12,11,4,3,8,9,9,4,0,2,0,0,2.9,3.4,2.6,2.55,3.2,2.55,2.45,3.1,2.45,2.7,3.2,2.7,2.9,3.29,2.62,2.8,3.1,2.62,2.9,3.4,2.6,45,2.9,2.77,3.4,3.16,2.7,2.52,39,2.29,2.19,1.7,1.63,28,0,2.1,2,1.86,1.81
E3,15/08/15,Northampton,Exeter,3,0,H,2,0,H,R Joyce,12,7,6,4,13,10,4,3,2,2,0,0,2.1,3.5,3.8,1.87,3.4,3.7,1.85,3.2,3.5,2.05,3.3,3.6,2.07,3.53,3.81,2.1,3.3,3.6,2.15,3.5,3.6,45,2.15,2.04,3.53,3.32,4,3.56,44,2.04,1.96,1.9,1.81,28,-0.5,2.12,2.04,1.86,1.79
E3,15/08/15,Plymouth,Portsmouth,1,2,A,0,1,A,S Martin,8,12,4,7,18,8,6,5,3,3,0,0,2.5,3.4,3,2.45,3.2,2.65,2.5,3.1,2.4,2.5,3.25,2.8,2.51,3.28,3.05,2.5,3.2,2.9,2.5,3.4,3,45,2.55,2.45,3.4,3.16,3.05,2.87,39,2.28,2.17,1.7,1.64,27,0,1.85,1.76,2.16,2.07
E3,15/08/15,Yeovil,Bristol Rvs,0,1,A,0,0,D,B Malone,4,16,1,8,9,7,3,11,0,0,1,0,2.6,3.4,2.9,2.35,3.3,2.7,2.3,3.1,2.6,2.4,3.25,2.9,2.64,3.27,2.89,2.6,3.1,2.8,2.6,3.4,2.9,45,2.64,2.5,3.4,3.16,3,2.81,39,2.32,2.22,1.68,1.61,24,-0.25,2.24,2.14,1.76,1.72
E3,15/08/15,York,Hartlepool,1,2,A,0,0,D,S Stockbridge,14,12,8,5,10,10,10,3,1,3,0,0,2.1,3.4,4,2,3.25,3.4,2,3.2,3.1,2.1,3.25,3.75,2.08,3.42,3.89,2.1,3.3,3.6,2.05,3.5,4,45,2.11,2.02,3.5,3.26,4.17,3.69,39,2.41,2.26,1.64,1.6,26,-0.25,1.79,1.74,2.2,2.11
E3,18/08/15,Accrington,Mansfield,1,0,H,1,0,H,D England,12,6,5,2,14,16,6,2,3,7,0,0,2.5,3.4,3,2.35,3.2,2.8,2.3,3.1,2.6,2.5,3.3,2.88,2.57,3.45,2.85,2.5,3.2,2.9,2.6,3.4,2.88,40,2.6,2.47,3.45,3.24,3,2.79,38,2.08,2.01,1.86,1.76,26,0,1.87,1.81,2.06,2
E3,18/08/15,AFC Wimbledon,Cambridge,1,2,A,1,0,H,A Woolmer,11,10,5,4,6,10,7,6,2,1,0,0,2.55,3.5,2.9,2.35,3.2,2.75,2.4,3.1,2.5,2.5,3.3,2.88,2.5,3.52,2.89,2.5,3.2,2.9,2.55,3.5,2.88,40,2.6,2.43,3.52,3.28,3,2.81,39,2.05,1.96,1.9,1.81,26,0,1.84,1.79,2.11,2.02
E3,18/08/15,Barnet,Northampton,2,0,H,0,0,D,L Swabey,10,8,4,5,8,12,6,4,1,1,0,1,3.1,3.4,2.45,2.7,3.2,2.4,2.45,3.1,2.45,2.88,3.3,2.5,3.12,3.45,2.38,2.8,3.1,2.6,3,3.4,2.5,40,3.12,2.87,3.45,3.24,2.6,2.41,38,2.12,2.03,1.81,1.74,24,0,2.24,2.09,1.85,1.73
E3,18/08/15,Crawley Town,Portsmouth,0,0,D,0,0,D,F Graham,4,9,1,3,12,6,0,8,2,0,0,0,4.2,3.6,1.95,3.25,3.25,2.05,3.1,3.2,2,3.6,3.4,2.05,3.94,3.64,1.99,3.6,3.3,2.05,3.8,3.6,2.05,40,4.2,3.7,3.64,3.41,2.05,1.97,39,2,1.92,1.91,1.84,26,0.5,1.95,1.87,2,1.94
E3,18/08/15,Dag and Red,Exeter,1,2,A,0,1,A,I Williamson,15,9,4,3,13,11,5,5,1,0,0,0,2.75,3.4,2.7,2.55,3.2,2.55,2.3,3.1,2.6,2.6,3.25,2.75,2.82,3.36,2.65,2.62,3.25,2.7,2.75,3.4,2.63,40,2.82,2.64,3.4,3.25,2.75,2.58,38,2.12,2.02,1.82,1.75,26,0,2.02,1.93,1.93,1.87
E3,18/08/15,Hartlepool,Newport County,1,0,H,0,0,D,B Toner,8,13,3,3,5,7,5,5,1,0,0,0,2.25,3.4,3.5,2.1,3.25,3.2,1.9,3.2,3.4,2.15,3.3,3.5,2.25,3.53,3.31,2.25,3.3,3.2,2.25,3.5,3.3,40,2.25,2.19,3.53,3.32,3.5,3.2,39,2.05,1.95,1.92,1.82,25,-0.25,1.97,1.9,1.97,1.91
E3,18/08/15,Leyton Orient,Stevenage,3,0,H,0,0,D,C Sarginson,12,7,4,2,10,9,8,13,1,4,0,0,1.8,3.7,5,1.8,3.4,4,1.9,3.2,3.4,1.83,3.5,4.5,1.81,3.72,4.77,1.83,3.4,4.5,1.87,3.7,4.6,40,1.9,1.79,3.72,3.49,5,4.45,38,2.12,2.01,1.84,1.76,26,-0.5,1.84,1.79,2.13,2.04
E3,18/08/15,Luton,Bristol Rvs,0,1,A,0,0,D,T Kettle,4,15,1,3,10,9,2,8,2,2,0,0,2.15,3.4,3.75,2.1,3.2,3.2,1.85,3.2,3.5,1.95,3.4,4,2.13,3.29,3.9,2.15,3.2,3.6,2.1,3.5,3.75,40,2.15,2.06,3.5,3.22,4,3.6,34,2.42,2.26,1.67,1.59,25,-0.25,1.84,1.79,2.12,2.03
E3,18/08/15,Morecambe,Wycombe,0,1,A,0,0,D,M Haywood,10,12,5,4,14,14,10,2,0,3,0,0,3.1,3.5,2.4,2.9,3.2,2.25,2.6,3.1,2.3,3.1,3.25,2.4,3.29,3.41,2.31,3.1,3.3,2.3,3.2,3.5,2.3,40,3.29,3.07,3.5,3.27,2.4,2.27,38,2.17,2.04,1.81,1.73,25,0.25,1.92,1.86,2.03,1.96
E3,18/08/15,Oxford,Notts County,3,1,H,1,1,D,R Lewis,16,7,8,3,10,11,11,4,1,3,0,0,2.05,3.6,3.8,2,3.25,3.4,2,3.2,3.1,2.05,3.4,3.6,2.07,3.54,3.79,2.1,3.3,3.5,2.1,3.6,3.7,35,2.1,2.01,3.6,3.37,3.85,3.61,35,2.12,2.03,1.81,1.74,25,-0.5,2.08,2.01,1.89,1.82
E3,18/08/15,Plymouth,Carlisle,4,1,H,1,0,H,O Langford,12,11,7,7,4,7,2,8,1,0,0,0,1.95,3.5,4.5,1.9,3.3,3.7,1.9,3.2,3.4,1.95,3.4,4,1.95,3.67,4.09,1.95,3.25,4.2,1.95,3.6,4.1,40,1.96,1.9,3.67,3.42,4.5,3.95,39,2.07,1.97,1.89,1.79,26,-0.5,1.97,1.9,1.98,1.92
E3,18/08/15,York,Yeovil,1,0,H,0,0,D,M Brown,13,4,5,1,10,15,7,1,1,0,0,0,1.95,3.5,4.33,1.95,3.2,3.6,1.9,3.2,3.4,1.95,3.4,4.2,1.93,3.47,4.42,1.91,3.25,4.33,1.95,3.5,4.33,40,2,1.9,3.5,3.34,4.42,4.06,36,2.28,2.19,1.7,1.64,26,-0.5,1.94,1.9,1.99,1.92
E3,22/08/15,Bristol Rvs,Barnet,3,1,H,1,0,H,R Joyce,15,8,7,2,6,13,9,1,2,1,0,0,2,3.5,4.2,2,3.2,3.5,1.9,3.2,3.4,2.05,3.3,3.8,2.04,3.45,4,2.05,3.25,3.8,2,3.6,4,40,2.05,1.97,3.6,3.32,4.2,3.82,34,2.32,2.22,1.67,1.62,18,-0.25,1.76,1.7,2.27,2.17
E3,22/08/15,Cambridge,Crawley Town,0,3,A,0,1,A,N Miller,12,10,6,3,9,11,7,4,1,1,0,1,1.7,4,5.5,1.67,3.4,4.75,1.65,3.4,4.2,1.73,3.6,5,1.68,3.95,5.54,1.73,3.6,5,1.7,4,5.4,40,1.73,1.66,4,3.66,5.54,5.06,39,2.05,1.97,1.88,1.79,19,-0.75,1.89,1.85,2.03,1.95
E3,22/08/15,Carlisle,AFC Wimbledon,1,1,D,0,1,A,D Drysdale,11,10,5,5,8,7,10,1,3,1,0,0,2.6,3.4,2.9,2.35,3.2,2.8,2.5,3,2.5,2.5,3.3,2.9,2.6,3.46,2.8,2.62,3.1,2.8,2.63,3.4,2.75,40,2.66,2.52,3.46,3.26,2.9,2.71,39,2.05,1.96,1.9,1.81,18,0,1.9,1.84,2.02,1.95
E3,22/08/15,Exeter,York,0,0,D,0,0,D,J Linington,15,7,5,2,7,9,6,3,1,3,0,0,2.5,3.4,3,2.2,3.25,2.95,2.5,3,2.5,2.4,3.25,3,2.44,3.46,3.02,2.5,3.1,3,2.5,3.4,3,39,2.6,2.42,3.46,3.25,3.02,2.86,38,2.16,2.06,1.8,1.73,23,-0.25,2.14,2.07,1.82,1.76
E3,22/08/15,Mansfield,Oxford,1,1,D,1,0,H,B Toner,7,9,2,4,19,9,1,3,6,3,0,0,3.4,3.4,2.3,3,3.2,2.2,2.8,3.1,2.2,3.25,3.25,2.3,3.37,3.4,2.28,3.3,3.1,2.3,3.3,3.5,2.3,35,3.4,3.19,3.5,3.27,2.31,2.21,31,2.23,2.12,1.74,1.68,24,0.25,1.97,1.9,1.98,1.91
E3,22/08/15,Newport County,Leyton Orient,2,3,A,2,2,D,B Malone,13,11,5,6,7,7,10,3,0,1,0,0,4.5,3.75,1.85,4.33,3.5,1.72,3.7,3.4,1.75,4.5,3.5,1.8,4.49,3.78,1.84,4.2,3.4,1.91,4.5,3.8,1.85,40,5,4.3,3.8,3.55,1.91,1.79,39,1.93,1.85,2.02,1.92,26,0.5,2.1,2.03,1.86,1.79
E3,22/08/15,Northampton,Plymouth,0,2,A,0,1,A,N Kinseley,6,12,3,6,11,11,3,7,1,1,1,0,2.25,3.4,3.5,2.05,3.2,3.3,2.2,3.1,2.8,2.15,3.25,3.5,2.22,3.42,3.49,2.3,3.1,3.3,2.25,3.4,3.4,40,2.3,2.19,3.42,3.23,3.5,3.26,34,2.25,2.15,1.75,1.66,25,-0.25,1.95,1.89,2.01,1.93
E3,22/08/15,Notts County,Accrington,1,1,D,0,0,D,L Swabey,14,10,4,7,13,12,6,11,1,2,1,0,2.1,3.5,3.8,1.87,3.3,3.8,2,3.2,3.1,2.1,3.25,3.75,2.11,3.54,3.66,2.1,3.3,3.6,2.1,3.5,3.7,40,2.11,2.03,3.54,3.35,4,3.58,39,2.11,2,1.86,1.77,26,-0.5,2.1,2.01,1.85,1.81
E3,22/08/15,Portsmouth,Morecambe,3,3,D,1,3,A,R East,20,9,9,5,6,12,16,2,1,3,1,0,1.6,4.2,6,1.48,4,5.75,1.5,3.7,5,1.62,3.75,6,1.6,4.16,6.08,1.62,3.6,6,1.62,4.2,6,40,1.62,1.56,4.2,3.91,6.25,5.71,39,1.98,1.88,1.97,1.88,26,-1,2.06,1.99,1.88,1.83
E3,22/08/15,Stevenage,Hartlepool,2,0,H,1,0,H,C Breakspear,9,8,2,2,9,7,5,3,1,0,0,0,2.15,3.5,3.6,2.05,3.25,3.3,2,3.2,3.1,2.25,3.3,3.3,2.2,3.43,3.52,2.25,3.1,3.4,2.15,3.5,3.6,40,2.25,2.12,3.5,3.26,3.6,3.38,34,2.23,2.14,1.71,1.66,24,-0.25,1.91,1.85,2.06,1.98
E3,22/08/15,Wycombe,Dag and Red,1,1,D,0,1,A,D England,16,4,4,4,16,18,8,0,1,2,0,1,1.67,3.8,6,1.55,3.7,5.5,1.55,3.5,4.8,1.67,3.75,5.5,1.65,3.97,5.89,1.67,3.4,6,1.62,4.2,6,40,1.67,1.6,4.2,3.72,6.25,5.66,39,2.14,2.03,1.82,1.74,23,-0.75,1.85,1.79,2.12,2.04
E3,22/08/15,Yeovil,Luton,3,2,H,1,2,A,S Hooper,9,7,7,2,11,13,5,5,1,2,0,0,3.8,3.5,2.1,3.3,3.2,2.05,3.4,3.2,1.9,3.6,3.3,2.1,3.89,3.51,2.05,3.6,3.3,2.1,3.75,3.5,2.1,40,3.89,3.6,3.51,3.34,2.1,2.02,39,2.17,2.06,1.81,1.73,22,0.25,2.18,2.08,1.81,1.76
E3,29/08/15,Accrington,Northampton,1,1,D,0,1,A,S Stockbridge,10,5,4,3,8,18,2,4,1,0,0,0,3.4,3.4,2.3,3.2,3.3,2.05,2.8,3.1,2.2,3.25,3.25,2.3,3.32,3.37,2.32,3.3,3.1,2.3,3.3,3.4,2.3,40,3.4,3.19,3.4,3.24,2.34,2.24,34,2.28,2.18,1.7,1.64,25,0.25,1.96,1.9,1.99,1.93
E3,29/08/15,AFC Wimbledon,Exeter,2,1,H,1,1,D,D England,14,6,3,1,12,15,16,2,1,1,0,0,2.38,3.4,3.25,2.25,3.2,2.9,2.2,3.1,2.8,2.38,3.25,3.2,2.39,3.44,3.11,2.4,3.1,3.1,2.45,3.4,3,40,2.47,2.33,3.44,3.25,3.25,2.99,38,2.18,2.05,1.83,1.73,25,-0.25,2.12,2.03,1.87,1.8
E3,29/08/15,Barnet,Cambridge,0,0,D,0,0,D,N Kinseley,6,6,1,4,8,3,9,5,1,1,0,0,2.63,3.4,2.88,2.4,3.25,2.65,2.4,3.1,2.5,2.62,3.25,2.75,2.62,3.38,2.84,2.62,3.1,2.8,2.63,3.4,2.8,40,2.7,2.56,3.4,3.22,2.89,2.72,39,2.11,2.03,1.81,1.75,26,0,1.9,1.84,2.04,1.97
E3,29/08/15,Crawley Town,Wycombe,0,0,D,0,0,D,L Swabey,17,15,6,5,13,14,6,8,3,1,0,0,3.6,3.4,2.2,3,3.3,2.15,3,3.1,2.1,3.3,3.25,2.25,3.71,3.46,2.12,3.3,3.2,2.1,3.5,3.4,2.2,40,3.71,3.37,3.46,3.3,2.25,2.12,39,2.11,2.02,1.85,1.76,25,0.25,2.08,1.99,1.9,1.84
E3,29/08/15,Dag and Red,Stevenage,1,1,D,1,0,H,T Robinson,11,7,4,5,16,11,11,6,4,2,0,0,3.25,3.4,2.38,3,3.2,2.2,2.8,3.1,2.2,3,3.25,2.4,3.17,3.36,2.4,3.1,3.1,2.4,3.13,3.4,2.4,39,3.27,3.04,3.4,3.23,2.4,2.3,38,2.14,2.05,1.81,1.74,24,0.25,1.89,1.84,2.05,1.99
E3,29/08/15,Hartlepool,Carlisle,2,3,A,1,0,H,A Haines,12,15,5,6,3,10,3,3,0,5,0,0,2.3,3.4,3.4,2.05,3.2,3.3,2.1,3.1,3,2.25,3.25,3.3,2.36,3.42,3.18,2.3,3.2,3.2,2.38,3.5,3.13,40,2.38,2.25,3.5,3.26,3.4,3.12,39,2.08,2,1.85,1.77,25,-0.25,2.04,1.97,1.92,1.85
E3,29/08/15,Leyton Orient,Bristol Rvs,2,0,H,2,0,H,D Drysdale,12,9,8,5,17,9,6,3,2,0,0,0,2.05,3.6,3.8,1.95,3.2,3.7,1.9,3.2,3.4,2,3.4,3.8,2.05,3.59,3.8,2.05,3.25,3.75,2.05,3.6,3.8,40,2.08,1.99,3.6,3.39,4,3.67,39,2.04,1.97,1.9,1.8,26,-0.5,2.06,1.99,1.89,1.83
E3,29/08/15,Luton,Portsmouth,1,2,A,1,1,D,P Bankes,7,10,1,5,10,7,5,4,3,0,0,0,2.9,3.4,2.6,2.55,3.2,2.55,2.6,3.1,2.3,2.75,3.2,2.62,2.97,3.39,2.51,2.88,3.1,2.6,2.9,3.4,2.55,40,2.97,2.8,3.4,3.22,2.63,2.49,39,2.11,2.02,1.9,1.76,26,0,2.13,2.03,1.84,1.79
E3,29/08/15,Morecambe,Notts County,4,1,H,1,1,D,R Joyce,10,21,5,7,12,8,2,5,2,3,0,0,2.6,3.4,2.9,2.4,3.25,2.65,2.4,3.1,2.5,2.6,3.2,2.88,2.55,3.45,2.88,2.6,3.2,2.75,2.55,3.4,2.88,40,2.6,2.49,3.45,3.26,3,2.76,39,2.02,1.93,1.91,1.84,26,0,1.86,1.81,2.09,2
E3,29/08/15,Oxford,Yeovil,2,0,H,1,0,H,K Johnson,15,3,8,1,8,14,5,2,1,3,0,0,1.6,4.33,6,1.5,3.8,5.75,1.5,3.7,5,1.62,3.8,6,1.55,4.32,6.53,1.62,3.8,5.5,1.57,4.33,6.25,35,1.62,1.53,4.33,3.99,6.53,6.05,35,1.97,1.9,1.95,1.86,22,-1,2.01,1.94,1.94,1.87
E3,29/08/15,Plymouth,Newport County,1,0,H,1,0,H,A Davies,20,11,9,7,9,8,5,2,1,0,0,0,1.75,3.8,5.25,1.65,3.6,4.6,1.65,3.4,4.2,1.8,3.5,5,1.78,3.92,4.72,1.8,3.4,4.8,1.8,3.9,4.75,40,1.8,1.72,3.92,3.65,5.25,4.68,39,1.95,1.84,2,1.92,25,-0.75,2.04,1.95,1.94,1.88
E3,29/08/15,York,Mansfield,1,2,A,1,2,A,T Harrington,11,6,1,3,15,16,6,3,1,2,0,0,2.15,3.5,3.6,2,3.2,3.5,2.1,3.1,3,2.2,3.2,3.5,2.14,3.45,3.66,2.2,3.1,3.5,2.1,3.6,3.7,40,2.2,2.09,3.6,3.3,3.7,3.48,39,2.14,2.05,1.81,1.74,24,-0.25,1.85,1.79,2.12,2.04
E3,05/09/15,Cambridge,Luton,1,3,A,1,1,D,G Salisbury,12,13,4,4,12,11,4,7,0,1,1,0,2.4,3.5,3.1,2.4,3.2,2.7,2.4,3.1,2.5,2.4,3.4,2.9,2.46,3.37,3.04,2.4,3.1,3.1,2.4,3.5,3.1,43,2.46,2.36,3.5,3.24,3.2,2.94,40,2.16,2.04,1.81,1.74,25,0,1.79,1.72,2.2,2.12
E3,05/09/15,Carlisle,Barnet,3,2,H,2,2,D,N Miller,9,28,5,11,4,7,6,15,1,0,0,0,2.4,3.4,3.2,2.25,3.2,2.95,2.2,3.1,2.8,2.4,3.3,3,2.41,3.45,3.08,2.4,3.1,3.1,2.4,3.4,3,43,2.41,2.34,3.45,3.24,3.2,2.97,40,1.98,1.88,1.99,1.88,25,-0.25,2.08,2.01,1.85,1.81
E3,05/09/15,Exeter,Leyton Orient,4,0,H,2,0,H,K Johnson,7,14,5,4,11,13,3,7,1,3,0,0,3.5,3.5,2.2,3.4,3.3,2,3,3.1,2.1,3.2,3.4,2.25,3.35,3.62,2.2,3.3,3.2,2.25,3.4,3.6,2.15,43,3.5,3.27,3.62,3.37,2.25,2.13,40,1.88,1.82,2.04,1.94,25,0.25,2.04,1.97,1.91,1.84
E3,05/09/15,Mansfield,AFC Wimbledon,1,1,D,1,1,D,R Joyce,8,12,3,4,15,17,8,3,4,3,0,1,2.7,3.4,2.8,2.5,3.2,2.6,2.4,3.1,2.5,2.5,3.3,2.8,2.65,3.34,2.83,2.62,3.1,2.8,2.63,3.4,2.8,43,2.7,2.54,3.4,3.2,2.9,2.72,40,2.2,2.08,1.8,1.71,22,-0.25,2.27,2.18,1.73,1.69
E3,05/09/15,Newport County,York,0,3,A,0,1,A,T Kettle,9,8,2,6,16,11,5,6,3,2,1,0,2.63,3.4,2.88,2.5,3.2,2.6,2.4,3.1,2.5,2.75,3.3,2.62,2.69,3.27,2.84,2.62,3.1,2.8,2.7,3.4,2.75,42,2.75,2.59,3.4,3.18,2.88,2.68,34,2.22,2.12,1.75,1.67,25,0,1.95,1.87,2,1.93
E3,05/09/15,Northampton,Dag and Red,1,2,A,1,2,A,C Breakspear,7,8,2,5,12,14,9,3,3,3,0,0,1.75,3.8,5.25,1.67,3.6,4.5,1.75,3.4,3.7,1.75,3.75,4.5,1.72,3.85,5.25,1.73,3.6,5,1.75,4,5,43,1.75,1.7,4,3.63,5.25,4.82,40,1.98,1.91,1.94,1.85,25,-0.5,1.73,1.69,2.28,2.18
E3,05/09/15,Portsmouth,Accrington,0,0,D,0,0,D,B Malone,9,9,3,2,11,19,4,4,2,5,0,0,1.65,4.2,5.5,1.5,4,5.5,1.5,3.7,5,1.62,3.8,6,1.65,4.09,5.51,1.62,3.6,6,1.67,4.2,5.25,43,1.67,1.6,4.2,3.84,6.1,5.31,40,1.89,1.81,2.04,1.94,24,-1,2.2,2.11,1.77,1.73
E3,05/09/15,Stevenage,Plymouth,2,1,H,2,0,H,G Sutton,8,14,2,2,13,13,7,6,1,0,0,0,2.9,3.3,2.63,2.6,3.1,2.55,2.4,3.1,2.5,2.7,3.3,2.62,2.81,3.32,2.68,2.88,3.2,2.5,2.88,3.4,2.6,43,2.9,2.75,3.4,3.17,2.68,2.53,35,2.27,2.15,1.7,1.65,26,0,2.04,1.98,1.88,1.82
E3,05/09/15,Wycombe,Hartlepool,2,1,H,1,1,D,D Deadman,11,11,4,6,12,13,9,3,1,3,0,1,1.83,3.6,5,1.72,3.4,4.4,1.7,3.4,3.9,1.85,3.5,4.5,1.83,3.65,4.74,1.83,3.3,4.8,1.85,3.75,4.6,43,1.85,1.78,3.75,3.48,5,4.45,40,2.16,2.05,1.81,1.73,26,-0.5,1.87,1.79,2.09,2.03
E3,05/09/15,Yeovil,Morecambe,2,4,A,2,0,H,N Kinseley,8,17,5,8,3,5,3,6,0,3,1,0,2.63,3.4,2.88,2.45,3.2,2.65,2.5,3,2.5,2.5,3.3,2.88,2.65,3.5,2.72,2.62,3.2,2.75,2.63,3.5,2.7,43,2.65,2.54,3.5,3.27,2.88,2.67,40,1.92,1.84,2,1.91,25,0,1.95,1.87,1.99,1.92
E3,06/09/15,Bristol Rvs,Oxford,0,1,A,0,0,D,J Linington,14,7,4,2,7,24,10,4,0,3,1,1,2.6,3.3,3,2.5,3.2,2.6,2.4,3.1,2.5,2.6,3.3,2.75,2.59,3.27,2.96,2.7,3.1,2.7,2.55,3.3,2.9,38,2.7,2.48,3.3,3.16,3,2.8,37,2.31,2.14,1.73,1.67,24,0,1.84,1.79,2.09,2.02
E3,12/09/15,Bristol Rvs,Accrington,0,1,A,0,0,D,K Johnson,4,6,1,2,11,9,9,5,1,2,0,0,1.85,3.6,4.75,1.75,3.4,4.2,1.8,3.3,3.6,1.91,3.3,4.33,1.93,3.58,4.43,1.85,3.2,4.8,1.91,3.6,4.5,37,1.94,1.84,3.6,3.35,5,4.33,27,2.41,2.3,1.62,1.58,25,-0.5,1.93,1.86,2.12,1.96
E3,12/09/15,Cambridge,Leyton Orient,1,1,D,0,0,D,O Langford,8,13,2,6,7,10,4,10,3,0,0,0,3.3,3.5,2.3,2.9,3.2,2.25,2.8,3.1,2.2,3.2,3.3,2.3,3.09,3.6,2.36,3.3,3.1,2.3,3.13,3.6,2.3,37,3.3,3.08,3.6,3.31,2.38,2.25,33,1.97,1.9,1.95,1.88,17,0,2.33,2.24,1.69,1.65
E3,12/09/15,Carlisle,Dag and Red,2,1,H,1,1,D,R Joyce,18,13,5,5,8,6,9,10,1,1,0,0,2.15,3.6,3.6,2,3.4,3.25,1.9,3.2,3.4,2.1,3.4,3.6,2.2,3.68,3.28,2.15,3.2,3.6,2.25,3.6,3.3,37,2.21,2.11,3.71,3.37,3.75,3.32,33,1.97,1.89,1.97,1.88,22,-0.5,2.23,2.14,1.82,1.72
E3,12/09/15,Exeter,Hartlepool,1,0,H,0,0,D,A Woolmer,12,8,5,2,5,9,5,11,0,1,0,0,1.91,3.75,4.2,1.83,3.4,3.9,1.8,3.3,3.6,1.91,3.4,4.33,1.88,3.83,4.27,1.91,3.3,4.33,1.87,3.8,4.4,37,1.91,1.84,3.83,3.5,4.4,4.1,33,2.02,1.93,1.91,1.84,25,-0.5,1.89,1.84,2.06,1.99
E3,12/09/15,Mansfield,Crawley Town,4,0,H,1,0,H,A Madley,12,6,8,2,21,13,6,3,0,0,0,1,2.25,3.4,3.5,2.1,3.3,3.1,2.1,3.1,3,2.25,3.2,3.4,2.25,3.38,3.45,2.2,3.1,3.5,2.25,3.5,3.4,37,2.25,2.15,3.5,3.26,3.57,3.32,27,2.28,2.19,1.72,1.63,24,-0.25,1.95,1.87,2.03,1.95
E3,12/09/15,Newport County,Morecambe,1,2,A,0,1,A,R Lewis,7,6,3,3,12,7,9,3,2,1,0,0,2.6,3.4,2.9,2.5,3.2,2.6,2.5,3,2.5,2.62,3.2,2.75,2.66,3.51,2.75,2.6,3.1,2.88,2.63,3.5,2.8,37,2.66,2.51,3.51,3.26,2.9,2.74,33,2.08,2.01,1.87,1.77,25,0,1.89,1.83,2.12,1.97
E3,12/09/15,Northampton,Oxford,1,0,H,1,0,H,N Swarbrick,4,6,3,3,13,13,6,6,1,3,1,0,2.88,3.4,2.63,2.45,3.25,2.6,2.5,3.1,2.4,2.8,3.1,2.7,2.85,3.37,2.63,2.8,3,2.7,2.8,3.4,2.7,34,2.88,2.7,3.4,3.22,2.7,2.57,25,2.26,2.14,1.71,1.66,24,0,2.01,1.95,1.92,1.87
E3,12/09/15,Notts County,Luton,3,2,H,1,0,H,B Toner,14,13,7,5,11,14,2,9,5,1,0,1,2.7,3.4,2.8,2.55,3.2,2.55,2.5,3,2.5,2.7,3.1,2.75,2.67,3.43,2.78,2.7,3,2.8,2.63,3.4,2.8,37,2.7,2.57,3.43,3.22,2.81,2.67,33,2.11,2.02,1.83,1.76,25,0,1.92,1.86,2.03,1.95
E3,12/09/15,Portsmouth,Barnet,3,1,H,1,1,D,D England,15,10,5,2,16,14,6,3,5,2,0,1,1.7,4,5.5,1.6,3.8,4.75,1.6,3.5,4.5,1.7,3.75,5,1.72,3.99,5.09,1.7,3.5,5.5,1.75,4,5,37,1.75,1.66,4,3.7,5.5,4.98,33,1.96,1.89,1.98,1.88,24,-0.75,1.94,1.88,1.99,1.94
E3,12/09/15,Stevenage,York,2,2,D,0,1,A,B Malone,9,10,6,6,5,7,6,7,1,0,0,0,2.63,3.4,2.88,2.3,3.25,2.8,2.3,3.1,2.6,2.6,3.1,2.9,2.53,3.41,2.92,2.6,3,2.88,2.55,3.4,2.9,37,2.63,2.47,3.41,3.21,2.94,2.8,32,2.2,2.11,1.75,1.69,21,-0.25,2.17,2.11,1.79,1.74
E3,12/09/15,Wycombe,Plymouth,1,2,A,1,2,A,T Robinson,9,10,2,4,8,13,5,4,2,4,0,0,2.3,3.5,3.3,2.15,3.25,3.1,2.2,3.1,2.8,2.3,3.3,3.2,2.33,3.51,3.22,2.38,3.1,3.2,2.3,3.5,3.3,37,2.38,2.24,3.51,3.28,3.33,3.11,28,2.25,2.14,1.73,1.66,24,-0.25,1.99,1.92,1.95,1.89
E3,12/09/15,Yeovil,AFC Wimbledon,1,1,D,1,0,H,L Swabey,6,16,3,7,6,16,1,7,0,1,0,0,3.5,3.5,2.2,3.25,3.2,2.1,2.8,3.1,2.2,3.4,3.25,2.2,3.4,3.51,2.22,3.5,3.1,2.2,3.5,3.5,2.2,37,3.6,3.31,3.51,3.28,2.25,2.15,28,2.17,2.1,1.78,1.68,24,0.25,2.06,1.95,1.92,1.87
E3,19/09/15,Accrington,Exeter,4,2,H,2,0,H,R Clark,14,13,8,4,13,10,3,5,1,2,0,0,2.4,3.5,3.1,2.35,3.2,2.8,2.4,3.1,2.5,2.25,3.4,3,2.43,3.54,3.01,2.4,3.1,3.1,2.4,3.5,3.1,39,2.5,2.33,3.54,3.29,3.2,2.92,34,2.04,1.95,1.88,1.81,23,0,1.76,1.71,2.23,2.13
E3,19/09/15,AFC Wimbledon,Notts County,2,1,H,0,1,A,A Davies,12,7,7,3,13,12,8,1,3,4,0,0,2.25,3.6,3.3,2.25,3.25,2.9,2.2,3.1,2.8,2.2,3.3,3.2,2.25,3.55,3.35,2.3,3.2,3.2,2.3,3.6,3.25,39,2.38,2.22,3.6,3.32,3.35,3.09,34,2.03,1.93,1.93,1.84,23,-0.25,1.97,1.92,1.96,1.9
E3,19/09/15,Barnet,Stevenage,3,2,H,0,1,A,J Adcock,11,10,6,4,11,7,9,4,2,1,0,0,2.25,3.6,3.3,2.15,3.3,3,2.2,3.1,2.8,2.25,3.3,3.1,2.29,3.57,3.23,2.3,3.2,3.2,2.3,3.6,3.13,39,2.35,2.22,3.6,3.33,3.3,3.07,34,2.02,1.91,1.94,1.86,23,-0.25,2,1.94,1.93,1.88
E3,19/09/15,Crawley Town,Yeovil,0,1,A,0,1,A,B Toner,22,11,0,5,6,15,6,2,0,0,0,0,2.05,3.75,3.75,2,3.25,3.4,2,3.2,3.1,2.05,3.6,3.3,2.14,3.74,3.44,2.05,3.3,3.75,2.1,3.75,3.5,39,2.14,2.04,3.75,3.41,3.75,3.41,34,2.02,1.94,1.91,1.83,23,-0.25,1.86,1.8,2.1,2.03
E3,19/09/15,Dag and Red,Newport County,0,0,D,0,0,D,G Salisbury,13,14,3,4,10,10,4,5,0,0,0,0,2.3,3.5,3.3,2.05,3.25,3.3,2,3.2,3.1,2.2,3.3,3.1,2.32,3.43,3.29,2.3,3.2,3.2,2.3,3.5,3.2,39,2.35,2.23,3.5,3.26,3.3,3.13,34,2.11,2.02,1.84,1.76,16,-0.5,2.32,2.22,1.72,1.67
E3,19/09/15,Hartlepool,Cambridge,0,0,D,0,0,D,G Eltringham,13,7,5,1,8,12,11,6,0,0,0,0,3.2,3.4,2.4,2.75,3.2,2.35,2.8,3.1,2.2,3,3.25,2.3,3.13,3.45,2.41,2.9,3.2,2.5,3.1,3.4,2.45,39,3.2,2.95,3.45,3.22,2.5,2.34,34,2.13,2.05,1.79,1.73,20,0,2.24,2.15,1.76,1.7
E3,19/09/15,Leyton Orient,Wycombe,1,1,D,0,1,A,J Linington,11,16,2,4,13,17,7,2,2,1,0,0,1.91,3.75,4.33,1.8,3.4,4,1.85,3.2,3.5,1.85,3.5,4,1.94,3.67,4.2,1.91,3.3,4.2,1.93,3.75,4.2,39,1.95,1.86,3.75,3.47,4.5,4.05,34,2.02,1.95,1.89,1.82,24,-0.5,1.94,1.85,2.04,1.96
E3,19/09/15,Luton,Mansfield,1,0,H,0,0,D,R Lewis,3,6,1,5,6,13,6,5,1,3,0,0,2.15,3.5,3.6,2.05,3.25,3.3,2,3.2,3.1,2.1,3.3,3.5,2.18,3.45,3.61,2.2,3.2,3.4,2.15,3.5,3.6,39,2.2,2.08,3.5,3.3,3.75,3.42,34,2.14,2.03,1.84,1.75,22,-0.5,2.16,2.06,1.83,1.78
E3,19/09/15,Morecambe,Northampton,2,4,A,0,2,A,E Ilderton,12,19,5,14,3,11,5,9,0,1,0,0,2.9,3.4,2.6,2.6,3.25,2.45,2.5,3.1,2.4,2.8,3.3,2.4,2.96,3.43,2.52,2.9,3.2,2.5,2.9,3.5,2.5,39,2.96,2.79,3.5,3.25,2.63,2.44,34,1.98,1.9,1.94,1.87,24,0,2.13,2.05,1.83,1.77
E3,19/09/15,Oxford,Portsmouth,1,1,D,1,0,H,I Williamson,13,4,6,1,10,9,5,4,3,1,0,1,2.5,3.4,3,2.35,3.2,2.75,2.4,3.1,2.5,2.4,3.25,2.88,2.54,3.39,2.96,2.5,3.2,2.9,2.5,3.4,2.9,35,2.54,2.42,3.4,3.24,3,2.83,31,2.12,2.03,1.84,1.75,22,-0.25,2.16,2.09,1.8,1.76
E3,19/09/15,Plymouth,Bristol Rvs,1,1,D,0,0,D,C Sarginson,18,15,7,7,10,8,7,6,5,1,0,0,2.4,3.4,3.2,2.25,3.2,2.95,2.1,3.1,3,2.4,3.2,2.9,2.49,3.36,3.06,2.4,3.1,3.1,2.45,3.4,3,39,2.49,2.34,3.4,3.19,3.3,2.98,34,2.23,2.11,1.76,1.69,22,-0.25,2.13,2.03,1.83,1.79
E3,19/09/15,York,Carlisle,2,2,D,0,2,A,N Kinseley,9,8,3,4,7,4,3,2,2,1,1,0,2.1,3.6,3.75,2,3.3,3.4,2,3.2,3.1,2,3.4,3.6,2.09,3.55,3.78,2.1,3.3,3.5,2.05,3.6,3.8,39,2.2,2.02,3.6,3.39,3.85,3.51,34,2.03,1.95,1.91,1.82,22,-0.25,1.82,1.75,2.17,2.1
E3,22/09/15,Notts County,Crawley Town,4,1,H,2,1,H,G Sutton,13,11,7,3,14,17,8,2,2,5,0,0,1.91,3.6,4.5,1.91,3.3,3.6,1.9,3.2,3.4,1.85,3.4,4,1.94,3.59,4.32,1.91,3.5,4,1.93,3.6,4.2,38,1.95,1.87,3.61,3.44,4.5,4.03,34,2.03,1.96,1.89,1.82,24,-0.5,1.9,1.86,2.03,1.96
E3,26/09/15,Barnet,Dag and Red,3,1,H,2,0,H,D Whitestone,10,8,5,3,10,14,2,6,1,3,0,0,2.1,3.7,3.6,2,3.3,3.4,2,3.2,3.1,2,3.5,3.4,2.13,3.65,3.56,2.1,3.3,3.5,2.15,3.7,3.5,37,2.15,2.04,3.7,3.41,3.75,3.42,35,1.97,1.87,1.96,1.89,24,-0.5,2.13,2.06,1.82,1.78
E3,26/09/15,Bristol Rvs,Portsmouth,1,2,A,0,1,A,J Simpson,4,10,2,7,12,7,2,7,3,2,0,0,2.7,3.4,2.75,2.6,3.25,2.45,2.5,3.1,2.4,2.62,3.1,2.7,2.78,3.3,2.76,2.7,3.1,2.7,2.7,3.4,2.75,38,2.8,2.63,3.5,3.14,2.78,2.65,29,2.38,2.28,1.63,1.57,23,0,1.95,1.89,1.99,1.92
E3,26/09/15,Cambridge,Stevenage,1,0,H,0,0,D,R Joyce,17,5,9,0,6,14,7,2,0,2,0,0,2.3,3.6,3.2,2.2,3.2,3,2.1,3.1,3,2.3,3.5,2.9,2.39,3.65,3.01,2.3,3.4,3,2.45,3.7,2.9,38,2.45,2.27,3.7,3.39,3.4,2.95,35,1.99,1.89,2,1.87,22,-0.25,2.09,1.99,1.9,1.83
E3,26/09/15,Carlisle,Newport County,0,1,A,0,0,D,K Wright,15,9,2,3,12,8,6,2,1,1,0,0,2.2,3.8,3.25,2,3.5,3.2,2.2,3.1,2.8,2.2,3.5,3,2.24,3.78,3.17,2.3,3.2,3.2,2.2,3.8,3.13,38,2.3,2.18,3.8,3.45,3.25,3.07,30,1.79,1.72,2.18,2.03,21,-0.5,2.28,2.2,1.73,1.68
E3,26/09/15,Crawley Town,Accrington,0,3,A,0,2,A,A Davies,3,15,1,9,12,16,3,3,1,2,1,0,3,3.4,2.5,2.75,3.3,2.3,2.45,3.1,2.45,3,3.25,2.3,3.21,3.41,2.38,3.1,3.1,2.4,3.1,3.4,2.45,38,3.21,2.98,3.41,3.2,2.5,2.34,29,2.28,2.18,1.68,1.63,19,0,2.25,2.16,1.75,1.7
E3,26/09/15,Exeter,Wycombe,0,2,A,0,0,D,S Martin,15,7,2,2,6,18,13,3,1,2,0,0,2.88,3.4,2.63,2.5,3.2,2.6,2.45,3.1,2.45,2.7,3.2,2.6,2.83,3.35,2.68,2.75,3.2,2.62,2.8,3.5,2.63,38,2.88,2.68,3.5,3.2,2.8,2.56,35,2.12,2.02,1.88,1.75,23,0,2.03,1.95,1.94,1.86
E3,26/09/15,Luton,AFC Wimbledon,2,0,H,0,0,D,B Malone,11,11,5,4,8,12,10,11,1,0,0,1,2.5,3.6,2.9,2.3,3.2,2.8,2.3,3.1,2.6,2.3,3.4,2.9,2.42,3.58,3.01,2.45,3.25,2.9,2.4,3.6,3,38,2.6,2.36,3.6,3.32,3.01,2.85,35,2.05,1.93,1.9,1.83,23,-0.25,2.11,2.03,1.85,1.79
E3,26/09/15,Mansfield,Plymouth,0,0,D,0,0,D,M Brown,15,14,2,5,10,11,3,5,1,2,0,0,2.88,3.4,2.63,2.6,3.1,2.55,2.5,3.1,2.4,2.75,3.2,2.5,3.01,3.34,2.54,2.75,3.2,2.62,2.9,3.4,2.6,38,3.01,2.77,3.4,3.15,2.63,2.5,30,2.38,2.23,1.66,1.61,23,0,2.08,1.99,1.88,1.82
E3,26/09/15,Northampton,Leyton Orient,1,1,D,0,0,D,M Bull,6,14,2,8,12,13,7,9,1,1,0,0,3,3.5,2.45,2.75,3.2,2.35,2.5,3.1,2.4,2.9,3.3,2.3,3.08,3.55,2.39,3,3.25,2.4,3,3.5,2.45,38,3.1,2.9,3.55,3.28,2.5,2.35,35,2.05,1.97,1.86,1.79,19,0,2.2,2.13,1.77,1.72
E3,26/09/15,Notts County,York,1,0,H,1,0,H,E Ilderton,22,10,4,2,11,10,9,2,1,5,0,0,2.25,3.6,3.3,2.15,3.1,3.25,2.1,3.1,3,2.15,3.4,3.1,2.22,3.64,3.32,2.25,3.3,3.2,2.2,3.6,3.4,38,2.25,2.15,3.64,3.35,3.4,3.18,35,2.05,1.96,1.88,1.79,23,-0.25,1.91,1.86,2.04,1.96
E3,26/09/15,Oxford,Morecambe,0,0,D,0,0,D,T Robinson,12,6,4,1,7,12,12,2,1,3,0,0,1.67,4,5.75,1.65,3.4,5,1.65,3.4,4.2,1.62,3.75,5.5,1.65,3.98,6,1.62,3.8,5.5,1.65,4.2,5.5,35,1.67,1.6,4.2,3.77,6,5.37,32,1.98,1.9,1.94,1.87,23,-0.75,1.85,1.8,2.08,2.02
E3,26/09/15,Yeovil,Hartlepool,1,2,A,1,1,D,F Graham,8,4,2,2,9,10,1,2,2,1,0,0,2.65,3.5,2.75,2.5,3.2,2.6,2.4,3.1,2.5,2.5,3.4,2.62,2.63,3.53,2.77,2.62,3.2,2.75,2.55,3.6,2.8,38,2.75,2.52,3.6,3.28,2.8,2.67,35,2.11,2.02,1.81,1.75,23,0,1.88,1.84,2.05,1.98
E3,29/09/15,Accrington,Yeovil,2,1,H,1,1,D,R Lewis,18,5,6,1,7,12,6,5,0,0,0,0,1.75,3.8,5.25,1.7,3.5,4.4,1.65,3.4,4.2,1.73,3.6,4.75,1.74,3.82,5.34,1.73,3.6,5,1.75,3.8,5.2,42,1.76,1.7,3.82,3.57,5.5,4.9,36,2.25,2.09,1.75,1.7,24,-0.75,1.98,1.93,1.95,1.89
E3,29/09/15,AFC Wimbledon,Northampton,1,1,D,1,1,D,A Haines,17,4,6,2,6,9,8,11,2,0,0,0,2.4,3.4,3.2,2.3,3.25,2.8,2.4,3.1,2.5,2.3,3.3,3,2.38,3.44,3.19,2.38,3.25,3,2.45,3.4,3,42,2.5,2.31,3.44,3.26,3.2,2.97,37,2.11,2.03,1.82,1.75,23,-0.25,2.11,2,1.89,1.83
E3,29/09/15,Dag and Red,Notts County,1,1,D,0,1,A,I Williamson,7,10,1,4,20,15,2,5,2,2,0,0,3.3,3.5,2.3,2.9,3.3,2.2,2.45,3.1,2.45,3.2,3.3,2.15,3.39,3.52,2.24,3.1,3.3,2.3,3.25,3.5,2.3,42,3.39,3.14,3.52,3.3,2.45,2.2,38,2.02,1.93,1.94,1.84,23,0.25,1.99,1.92,1.96,1.9
E3,29/09/15,Hartlepool,Bristol Rvs,0,3,A,0,1,A,D Handley,11,14,3,6,9,12,5,7,3,2,0,0,3.25,3.3,2.4,2.85,3.25,2.25,2.6,3.1,2.3,3.1,3.1,2.3,3.28,3.32,2.39,3.2,3.2,2.3,3.25,3.3,2.4,42,3.28,3.08,3.32,3.19,2.43,2.29,32,2.28,2.19,1.68,1.63,24,0.25,1.92,1.86,2.04,1.96
E3,29/09/15,Leyton Orient,Carlisle,1,2,A,0,0,D,C Breakspear,15,5,3,3,8,5,6,2,1,0,0,0,1.65,4.2,5.5,1.55,3.9,5,1.7,3.4,3.9,1.62,4,5,1.66,4.26,5.32,1.62,3.8,5.5,1.65,4.2,5.5,42,1.7,1.6,4.25,3.85,5.75,5.27,38,1.91,1.85,2.02,1.92,24,-0.75,1.86,1.79,2.12,2.05
E3,29/09/15,Morecambe,Luton,1,3,A,1,2,A,C Sarginson,12,13,5,6,7,9,5,3,0,1,0,0,2.9,3.4,2.6,2.6,3.3,2.45,2.5,3.1,2.4,2.8,3.3,2.4,2.89,3.53,2.52,2.9,3.2,2.5,2.88,3.5,2.55,42,3,2.78,3.53,3.27,2.6,2.45,36,2.2,2.07,1.77,1.71,24,0,2.08,2.01,1.86,1.81
E3,29/09/15,Newport County,Crawley Town,0,3,A,0,2,A,O Langford,6,12,3,6,11,12,3,5,2,2,0,0,2.1,3.5,3.8,2.05,3.3,3.2,2,3.2,3.1,2.05,3.3,3.6,2.09,3.51,3.83,2.05,3.4,3.6,2.1,3.6,3.75,42,2.14,2.04,3.6,3.33,3.83,3.52,37,2.21,2.1,1.77,1.7,24,-0.5,2.14,2.05,1.83,1.78
E3,29/09/15,Plymouth,Barnet,2,1,H,0,1,A,S Hooper,15,14,8,4,11,11,0,4,0,2,0,0,1.95,3.8,4,1.95,3.4,3.4,1.75,3.4,3.7,1.95,3.5,3.6,1.99,3.74,3.91,1.95,3.5,3.8,1.95,3.8,4,42,2,1.93,3.8,3.45,4.09,3.77,38,2.05,1.98,1.88,1.79,25,-0.5,2,1.94,1.94,1.88
E3,29/09/15,Portsmouth,Exeter,1,2,A,0,1,A,N Kinseley,14,5,5,4,10,7,9,3,2,0,0,0,1.75,3.9,5,1.7,3.6,4.25,1.7,3.4,3.9,1.7,3.6,4.75,1.7,4.02,5.27,1.75,3.5,5,1.75,4,4.8,42,1.8,1.7,4.02,3.64,5.27,4.73,38,1.96,1.88,1.95,1.88,24,-0.75,1.97,1.92,1.97,1.9
E3,29/09/15,Stevenage,Mansfield,0,2,A,0,0,D,L Swabey,6,11,2,6,15,17,2,7,3,5,0,0,2.6,3.3,3,2.35,3.2,2.75,2.4,3.1,2.5,2.5,3.1,2.8,2.56,3.32,3,2.62,3.1,2.8,2.55,3.4,3,42,2.62,2.45,3.4,3.17,3,2.84,32,2.28,2.19,1.68,1.63,25,0,1.83,1.76,2.16,2.06
E3,29/09/15,Wycombe,Cambridge,1,0,H,0,0,D,S Attwell,15,3,5,1,12,12,5,4,0,1,0,1,2.15,3.5,3.6,1.95,3.3,3.5,2.1,3.1,3,2.1,3.3,3.5,2.17,3.46,3.63,2.15,3.2,3.5,2.2,3.5,3.5,42,2.2,2.1,3.5,3.31,3.63,3.38,38,2.11,2.03,1.81,1.75,24,-0.25,1.88,1.83,2.06,2
E3,29/09/15,York,Oxford,1,2,A,1,1,D,D Webb,10,21,3,12,10,8,2,13,1,0,0,0,3.6,3.4,2.2,3.3,3.1,2.1,2.8,3.1,2.2,3.4,3.25,2.15,3.62,3.37,2.21,3.4,3.1,2.25,3.5,3.4,2.25,37,3.63,3.35,3.4,3.22,2.3,2.16,28,2.38,2.24,1.7,1.6,24,0.25,2.03,1.96,1.91,1.86
E3,03/10/15,Accrington,Oxford,1,3,A,0,1,A,M Haywood,11,11,6,8,11,7,4,4,1,2,0,0,3,3.4,2.5,2.85,3.2,2.3,2.8,3.1,2.2,2.8,3.25,2.4,3.03,3.44,2.47,2.88,3.2,2.5,2.9,3.5,2.45,36,3.03,2.87,3.5,3.25,2.5,2.39,31,2.14,2.03,1.85,1.75,22,0.25,1.83,1.77,2.16,2.07
E3,03/10/15,AFC Wimbledon,Barnet,2,0,H,1,0,H,G Ward,7,6,4,1,11,12,5,2,0,2,0,0,2.1,3.5,3.75,2.05,3.2,3.3,2,3.2,3.1,2.05,3.3,3.5,2.12,3.53,3.7,2.05,3.5,3.5,2.1,3.5,3.6,40,2.15,2.05,3.53,3.36,3.75,3.42,35,2.01,1.93,1.92,1.84,23,-0.25,1.85,1.79,2.14,2.04
E3,03/10/15,Dag and Red,Mansfield,3,4,A,3,2,H,B Malone,9,21,5,10,12,10,3,3,1,0,0,0,3.1,3.5,2.38,2.7,3.25,2.35,2.45,3.1,2.45,3,3.3,2.3,3.16,3.5,2.36,3.1,3.1,2.4,3,3.5,2.38,41,3.16,2.96,3.5,3.26,2.45,2.32,36,2.11,2.03,1.82,1.75,21,0.25,1.88,1.83,2.05,1.99
E3,03/10/15,Hartlepool,Luton,1,4,A,1,1,D,R Clark,17,8,7,6,3,8,8,3,1,0,0,0,3.1,3.5,2.38,2.75,3.4,2.25,2.6,3.1,2.3,3,3.25,2.3,3.29,3.53,2.28,3.1,3.1,2.38,3.13,3.5,2.3,40,3.29,3.01,3.53,3.3,2.4,2.26,35,2.07,1.99,1.85,1.78,20,0,2.29,2.19,1.73,1.68
E3,03/10/15,Leyton Orient,Notts County,3,1,H,1,0,H,D England,19,7,8,2,12,10,5,3,0,1,0,0,1.8,3.8,4.75,1.78,3.4,4.1,1.75,3.4,3.7,1.75,3.6,4.5,1.83,3.87,4.56,1.83,3.4,4.5,1.8,3.9,4.4,41,1.83,1.76,4,3.6,4.75,4.31,35,1.98,1.9,1.96,1.86,23,-0.75,2.08,2.02,1.87,1.81
E3,03/10/15,Morecambe,Bristol Rvs,3,4,A,1,1,D,A Madley,11,16,8,9,10,6,4,4,1,1,0,0,3.3,3.5,2.3,2.95,3.2,2.25,3,3.1,2.1,3.2,3.3,2.2,3.36,3.58,2.23,3.2,3.3,2.25,3.2,3.5,2.25,40,3.36,3.12,3.58,3.31,2.3,2.2,35,2.07,1.97,1.86,1.79,23,0.25,1.95,1.9,1.99,1.92
E3,03/10/15,Newport County,Exeter,1,1,D,0,0,D,D Whitestone,9,8,5,2,12,10,8,5,0,1,0,0,2.8,3.5,2.6,2.6,3.3,2.4,2.45,3.1,2.45,2.62,3.3,2.5,2.86,3.44,2.6,2.8,3.1,2.6,2.8,3.5,2.5,41,2.86,2.71,3.5,3.25,2.6,2.49,31,2.08,1.99,1.83,1.76,24,0,2.08,1.98,1.88,1.83
E3,03/10/15,Plymouth,Crawley Town,2,1,H,1,0,H,S Attwell,13,8,7,3,10,9,7,1,3,3,0,0,1.67,4,5.75,1.57,3.7,5.25,1.65,3.4,4.2,1.62,3.8,5.25,1.66,4.1,5.61,1.67,3.75,5,1.6,4.1,5.75,40,1.67,1.61,4.1,3.81,6,5.27,36,2.07,1.97,1.86,1.8,23,-0.75,1.83,1.78,2.14,2.06
E3,03/10/15,Portsmouth,Yeovil,0,0,D,0,0,D,D Deadman,13,4,2,0,6,6,7,2,0,1,0,0,1.45,4.75,8,1.4,4.2,6.75,1.45,3.8,5.4,1.44,4.33,7,1.47,4.65,7.83,1.44,4.2,7.5,1.44,4.8,7.5,40,1.47,1.42,5,4.4,8.5,7.07,31,1.83,1.75,2.1,2,18,-1,1.77,1.72,2.25,2.15
E3,03/10/15,Stevenage,Carlisle,0,1,A,0,0,D,A Davies,7,11,4,4,11,8,6,4,1,0,0,0,2.55,3.5,2.9,2.4,3.1,2.75,2.2,3.1,2.8,2.4,3.4,2.8,2.52,3.56,2.86,2.5,3.2,2.88,2.45,3.5,2.88,41,2.55,2.42,3.56,3.29,3,2.78,35,2.01,1.92,1.91,1.85,22,-0.25,2.19,2.09,1.8,1.75
E3,03/10/15,Wycombe,Northampton,2,3,A,1,1,D,K Hill,5,8,2,5,19,16,5,3,2,3,0,0,2.15,3.5,3.6,1.95,3.3,3.5,1.9,3.2,3.4,2.05,3.25,3.6,2.18,3.57,3.51,2.2,3.2,3.4,2.15,3.5,3.5,41,2.2,2.08,3.57,3.31,3.6,3.4,35,2.17,2.08,1.8,1.71,21,-0.5,2.19,2.09,1.81,1.75
E3,03/10/15,York,Cambridge,2,2,D,0,0,D,B Toner,9,16,5,6,6,8,7,9,1,1,0,0,2.4,3.5,3.1,2.35,3.3,2.7,2.4,3.1,2.5,2.38,3.2,3,2.42,3.45,3.1,2.4,3.1,3.1,2.38,3.5,3,41,2.5,2.35,3.5,3.24,3.2,2.93,36,2.17,2.08,1.77,1.71,22,0,1.75,1.7,2.25,2.15
E3,10/10/15,Barnet,Accrington,1,2,A,1,1,D,D Deadman,8,10,4,3,15,7,7,3,2,1,0,0,2.63,3.6,2.75,2.3,3.3,2.75,2.3,3.1,2.6,2.5,3.4,2.62,2.54,3.62,2.82,2.62,3.2,2.7,2.5,3.6,2.75,44,2.63,2.49,3.62,3.31,2.82,2.71,40,1.95,1.85,2.01,1.92,26,0,1.87,1.8,2.13,2.01
E3,10/10/15,Cambridge,Portsmouth,1,3,A,1,0,H,S Stockbridge,2,15,2,8,12,9,2,9,2,1,1,1,3.5,3.5,2.2,3.1,3.1,2.2,2.6,3.1,2.3,3.4,3.3,2.1,3.53,3.52,2.18,3.2,3.2,2.25,3.5,3.5,2.15,43,3.57,3.29,3.52,3.28,2.3,2.15,39,2.14,2.05,1.82,1.74,25,0.25,2.03,1.96,1.92,1.86
E3,10/10/15,Carlisle,Morecambe,2,3,A,1,1,D,P Bankes,5,8,3,5,6,7,9,9,2,1,0,0,2.25,3.6,3.3,2.15,3.2,3.1,2,3.2,3.1,2.15,3.5,3.1,2.25,3.71,3.23,2.25,3.3,3.2,2.2,3.7,3.13,43,2.26,2.17,3.71,3.4,3.35,3.14,34,1.84,1.76,2.07,1.99,25,-0.25,1.95,1.89,2.02,1.93
E3,10/10/15,Crawley Town,Leyton Orient,3,2,H,3,1,H,K Wright,8,11,6,5,12,14,5,6,2,0,0,1,5.5,4,1.7,4.6,3.6,1.65,3.9,3.4,1.7,5,3.8,1.65,5.59,3.94,1.69,5,3.5,1.73,5.25,4,1.67,43,5.59,5.05,4,3.69,1.75,1.66,34,1.91,1.79,2.01,1.95,23,0.75,2.06,1.99,1.9,1.83
E3,10/10/15,Luton,York,1,1,D,0,1,A,D Handley,10,7,4,1,13,10,5,6,0,1,0,0,2.05,3.8,3.6,1.9,3.4,3.6,1.9,3.2,3.4,1.95,3.6,3.5,2.02,3.85,3.69,2,3.4,3.8,2,3.75,3.7,43,2.05,1.95,3.85,3.5,4,3.63,39,1.98,1.89,1.96,1.87,26,-0.5,2.02,1.96,1.91,1.86
E3,10/10/15,Mansfield,Newport County,3,0,H,0,0,D,S Martin,14,5,8,3,10,11,4,4,0,1,0,0,1.85,3.75,4.5,1.8,3.4,4,1.85,3.2,3.5,1.85,3.5,4,1.91,3.7,4.35,1.91,3.3,4.33,1.87,3.75,4.2,43,1.93,1.85,3.75,3.44,4.5,4.13,39,2.14,2.04,1.82,1.74,22,-0.75,2.21,2.14,1.78,1.72
E3,10/10/15,Northampton,Hartlepool,2,1,H,2,1,H,K Johnson,11,7,3,3,12,9,9,4,1,3,0,0,1.85,3.9,4.33,1.8,3.3,4.1,1.7,3.4,3.9,1.83,3.6,4,1.85,3.86,4.4,1.73,3.5,4.4,1.85,3.8,4.2,43,1.92,1.82,3.9,3.51,4.6,4.17,39,2,1.91,1.95,1.85,26,-0.5,1.9,1.84,2.09,1.98
E3,10/10/15,Oxford,AFC Wimbledon,1,0,H,0,0,D,F Graham,7,12,2,4,6,14,9,7,2,2,0,0,1.91,3.7,4.33,1.75,3.3,4.4,1.75,3.4,3.7,1.85,3.5,4.2,1.91,3.62,4.43,1.91,3.3,4.33,1.87,3.7,4.3,38,1.91,1.85,3.7,3.41,4.5,4.21,35,2.14,2.03,1.81,1.75,26,-0.5,1.91,1.85,2.05,1.96
E3,10/10/15,Yeovil,Dag and Red,2,2,D,0,2,A,A Woolmer,10,6,5,4,7,5,5,3,1,0,0,0,2.63,3.6,2.75,2.45,3.25,2.6,2.3,3.1,2.6,2.5,3.4,2.62,2.64,3.61,2.7,2.5,3.2,2.9,2.5,3.6,2.75,44,2.64,2.5,3.61,3.29,2.9,2.71,39,2.05,1.93,1.91,1.83,18,-0.25,2.26,2.17,1.79,1.71
E3,11/10/15,Exeter,Stevenage,3,3,D,2,2,D,R East,10,12,5,6,12,9,4,5,1,0,0,0,2,3.6,4,2,3.25,3.4,2.1,3.1,3,1.95,3.4,3.8,1.98,3.62,4.1,2.05,3.5,3.5,2,3.6,3.8,41,2.1,1.97,3.62,3.4,4.1,3.69,37,2,1.93,1.91,1.83,23,-0.25,1.77,1.71,2.26,2.14
E3,11/10/15,Notts County,Plymouth,0,2,A,0,1,A,J Simpson,17,10,8,4,12,18,8,5,2,1,0,0,2.6,3.5,2.8,2.45,3.2,2.65,2.4,3.1,2.5,2.5,3.3,2.7,2.59,3.49,2.85,2.62,3.1,2.8,2.55,3.5,2.75,38,2.7,2.52,3.5,3.25,2.85,2.72,37,1.97,1.88,1.98,1.88,25,0,1.88,1.83,2.05,1.97
E3,17/10/15,AFC Wimbledon,Morecambe,2,5,A,1,3,A,T Kettle,10,7,5,5,16,7,10,1,3,4,0,0,2,3.6,4,1.8,3.4,4,1.8,3.3,3.6,1.85,3.5,4,1.92,3.77,4.2,1.91,3.5,4,1.95,3.7,3.9,44,2,1.88,3.77,3.5,4.2,3.9,40,2,1.9,1.96,1.86,25,-0.5,1.98,1.9,2,1.91
E3,17/10/15,Barnet,York,3,1,H,0,0,D,M Bull,12,6,6,4,13,19,4,2,1,2,0,0,2.05,3.6,3.8,2,3.3,3.4,2,3.2,3.1,2.05,3.4,3.4,2.15,3.65,3.49,2.1,3.3,3.5,2.1,3.6,3.5,44,2.15,2.05,3.65,3.39,3.8,3.43,39,2.02,1.93,1.91,1.83,24,-0.25,1.86,1.79,2.09,2.03
E3,17/10/15,Cambridge,Northampton,2,1,H,1,0,H,D England,13,11,8,6,9,13,6,9,1,1,0,1,3,3.6,2.4,2.65,3.2,2.45,2.5,3.1,2.4,2.9,3.4,2.3,2.96,3.58,2.45,2.9,3.2,2.5,2.9,3.6,2.4,44,3,2.83,3.6,3.3,2.5,2.39,39,1.97,1.88,1.96,1.88,22,0,2.15,2.07,1.79,1.75
E3,17/10/15,Carlisle,Exeter,1,0,H,0,0,D,T Harrington,14,13,6,5,8,10,8,8,1,3,0,0,2.55,3.6,2.8,2.35,3.4,2.65,2.3,3.1,2.6,2.5,3.4,2.62,2.5,3.65,2.85,2.5,3.3,2.8,2.55,3.6,2.7,44,2.56,2.43,3.65,3.38,2.88,2.72,34,1.8,1.72,2.13,2.03,21,0,1.89,1.82,2.1,1.99
E3,17/10/15,Crawley Town,Luton,2,1,H,0,1,A,G Ward,12,10,3,2,7,12,7,6,1,4,0,0,3.7,3.6,2.1,3.3,3.4,2,3.1,3.2,2,3.4,3.4,2.05,3.71,3.63,2.09,3.5,3.3,2.1,3.4,3.75,2.1,44,3.71,3.43,3.75,3.4,2.1,2.05,34,1.99,1.87,1.91,1.87,24,0.5,1.83,1.78,2.12,2.04
E3,17/10/15,Dag and Red,Hartlepool,0,1,A,0,1,A,L Swabey,9,6,4,3,4,7,7,4,0,0,0,0,2.38,3.75,3,2.2,3.25,3,2.2,3.1,2.8,2.25,3.4,3,2.29,3.69,3.16,2.4,3.3,2.9,2.3,3.6,3.1,44,2.4,2.27,3.75,3.37,3.16,2.96,39,2.07,1.96,1.87,1.8,24,-0.25,2.04,1.97,1.89,1.85
E3,17/10/15,Leyton Orient,Oxford,2,2,D,0,2,A,R Joyce,13,8,6,6,11,12,4,7,1,3,0,1,2.3,3.6,3.2,2.25,3.3,2.85,2.3,3.1,2.6,2.3,3.3,2.9,2.41,3.5,3.08,2.4,3.3,2.9,2.3,3.6,3.1,39,2.41,2.28,3.6,3.32,3.2,2.99,35,2.06,1.96,1.87,1.8,24,-0.25,2.06,1.97,1.9,1.84
E3,17/10/15,Mansfield,Bristol Rvs,1,2,A,0,1,A,M Haywood,12,8,3,3,9,11,3,5,2,2,2,1,2.7,3.5,2.7,2.4,3.25,2.65,2.5,3,2.5,2.6,3.3,2.62,2.66,3.47,2.77,2.7,3.1,2.7,2.6,3.5,2.7,44,2.7,2.58,3.5,3.24,2.77,2.64,39,2.19,2.07,1.8,1.72,25,0,1.93,1.87,2.03,1.92
E3,17/10/15,Newport County,Portsmouth,0,1,A,0,1,A,J Adcock,5,8,1,2,15,10,2,1,1,1,0,0,5.25,3.8,1.75,4.2,3.5,1.75,3.7,3.4,1.75,4.75,3.6,1.7,5.11,3.89,1.75,5,3.3,1.8,4.75,3.9,1.75,44,5.25,4.64,3.9,3.6,1.8,1.73,39,2.08,1.96,1.86,1.8,22,0.5,2.19,2.13,1.78,1.72
E3,17/10/15,Notts County,Yeovil,2,0,H,0,0,D,B Malone,19,6,4,1,12,14,4,3,1,1,0,0,1.67,4.2,5.25,1.57,3.8,5,1.6,3.5,4.5,1.62,3.8,5.25,1.63,4.2,5.79,1.67,3.6,5.5,1.67,4.2,5,44,1.67,1.61,4.2,3.85,5.79,5.16,34,1.91,1.81,2,1.94,24,-0.75,1.88,1.81,2.13,2.01
E3,17/10/15,Plymouth,Accrington,1,0,H,0,0,D,N Kinseley,10,18,4,7,14,10,5,9,2,4,0,0,2.1,3.6,3.75,1.95,3.3,3.5,1.8,3.3,3.6,2,3.5,3.5,2.1,3.69,3.53,2.1,3.3,3.5,2,3.7,3.7,44,2.1,2.01,3.7,3.41,4,3.55,39,2.05,1.97,1.86,1.79,21,-0.75,2.44,2.35,1.7,1.6
E3,17/10/15,Stevenage,Wycombe,2,1,H,1,0,H,B Toner,7,10,4,4,16,14,4,7,5,2,0,0,3.5,3.6,2.15,3.4,3.3,2,3,3.1,2.1,3.3,3.4,2.1,3.53,3.59,2.16,3.3,3.3,2.2,3.5,3.6,2.1,44,3.6,3.35,3.6,3.35,2.2,2.09,35,2.11,2.02,1.81,1.74,24,0.25,2.07,2,1.87,1.82
E3,20/10/15,Accrington,AFC Wimbledon,3,4,A,3,3,D,M Brown,8,12,7,6,7,19,5,5,1,1,0,0,2.63,3.4,2.88,2.4,3.3,2.6,2.4,3.1,2.5,2.5,3.3,2.62,2.61,3.47,2.83,2.6,3.2,2.75,2.63,3.4,2.75,46,2.63,2.52,3.47,3.26,2.88,2.71,42,2.02,1.93,1.9,1.84,27,0,1.92,1.85,2.03,1.95
E3,20/10/15,Bristol Rvs,Notts County,0,0,D,0,0,D,S Martin,14,6,3,0,9,13,12,5,0,2,0,0,2.25,3.6,3.3,2.05,3.25,3.25,1.9,3.2,3.4,2.2,3.4,3.2,2.27,3.54,3.31,2.25,3.2,3.3,2.2,3.6,3.25,46,2.28,2.17,3.6,3.36,3.4,3.18,42,1.98,1.9,1.95,1.87,26,-0.25,2,1.91,1.98,1.91
E3,20/10/15,Hartlepool,Barnet,1,1,D,1,0,H,K Wright,7,7,5,4,10,11,6,6,3,1,0,0,3,3.4,2.5,2.65,3.3,2.4,2.3,3.1,2.6,2.8,3.3,2.4,2.95,3.45,2.53,2.88,3.1,2.6,2.8,3.5,2.5,46,3,2.8,3.5,3.26,2.6,2.45,42,1.98,1.89,1.95,1.87,25,0,2.11,2.02,1.9,1.79
E3,20/10/15,Luton,Leyton Orient,1,1,D,1,0,H,T Robinson,11,10,3,5,11,10,3,5,1,0,0,0,3.2,3.6,2.3,2.85,3.2,2.3,2.8,3.1,2.2,2.9,3.4,2.3,3.06,3.59,2.38,3,3.25,2.4,2.9,3.6,2.4,46,3.2,2.96,3.6,3.35,2.4,2.29,42,1.88,1.81,2.06,1.95,24,0.25,1.85,1.81,2.08,2.01
E3,20/10/15,Morecambe,Crawley Town,3,1,H,1,0,H,D Handley,6,9,6,4,9,11,0,4,3,1,0,0,2.25,3.6,3.3,2.15,3.25,3.1,2.1,3.1,3,2.15,3.5,3.1,2.24,3.67,3.27,2.2,3.3,3.3,2.2,3.6,3.25,46,2.3,2.16,3.67,3.42,3.4,3.16,42,1.86,1.78,2.08,1.99,26,-0.25,1.95,1.87,2.02,1.94
E3,20/10/15,Northampton,Carlisle,3,2,H,1,1,D,G Horwood,15,14,7,4,9,13,6,1,1,2,0,0,2,3.7,4,1.91,3.4,3.5,1.9,3.2,3.4,1.95,3.6,3.6,2.01,3.8,3.81,2,3.4,3.8,2,3.8,3.6,46,2.01,1.95,3.8,3.52,4,3.66,42,1.86,1.79,2.1,1.97,27,-0.5,2.01,1.94,1.92,1.87
E3,20/10/15,Oxford,Plymouth,1,0,H,1,0,H,K Stroud,7,4,3,1,11,10,5,2,0,2,0,0,2,3.6,4,1.91,3.3,3.6,2,3.2,3.1,1.95,3.4,3.8,2,3.61,4.02,2,3.25,4,2.05,3.6,3.7,41,2.05,1.94,3.61,3.41,4.2,3.81,37,2.13,2.01,1.84,1.75,27,-0.5,2.05,1.95,1.93,1.86
E3,20/10/15,Portsmouth,Stevenage,1,1,D,0,0,D,A Woolmer,20,6,7,2,8,12,9,3,0,1,0,0,1.53,4.33,7,1.45,4.1,6,1.5,3.7,5,1.5,4,6.5,1.51,4.49,7.15,1.53,4,6.5,1.53,4.4,6.5,46,1.54,1.49,4.49,4.1,7.15,6.41,42,1.92,1.86,1.99,1.9,27,-1,1.9,1.84,2.05,1.98
E3,20/10/15,Wycombe,Newport County,0,2,A,0,0,D,F Graham,7,4,4,2,9,12,10,6,1,2,0,0,1.7,3.8,5.75,1.65,3.75,4.4,1.45,3.8,5.4,1.67,3.6,5,1.69,3.97,5.46,1.7,3.6,5,1.7,3.9,5.2,46,1.7,1.65,4.25,3.74,5.75,5.06,41,2.13,2.01,1.83,1.76,25,-0.75,1.94,1.86,2.03,1.95
E3,20/10/15,Yeovil,Mansfield,0,1,A,0,0,D,C Breakspear,5,7,0,3,17,15,4,3,1,4,0,0,4,3.5,2.05,3.5,3.4,1.91,3.4,3.2,1.9,3.6,3.4,2,3.83,3.54,2.08,3.75,3.3,2.05,3.7,3.6,2.05,46,4,3.66,3.6,3.37,2.09,2,41,2.17,2.02,1.85,1.75,27,0.5,1.88,1.82,2.08,1.99
E3,20/10/15,York,Dag and Red,2,2,D,1,1,D,C Sarginson,10,10,4,5,5,10,6,7,2,0,0,0,2.25,3.5,3.4,2.15,3.3,3,2,3.2,3.1,2.2,3.3,3.2,2.26,3.54,3.33,2.2,3.2,3.4,2.15,3.6,3.4,46,2.26,2.16,3.6,3.35,3.5,3.23,42,2.03,1.94,1.89,1.82,25,-0.25,1.97,1.9,2,1.92
E3,21/10/15,Exeter,Cambridge,1,0,H,1,0,H,J Linington,9,9,4,5,11,7,4,1,0,1,0,0,2.38,3.5,3.1,2.15,3.2,3.1,2.1,3.1,3,2.3,3.3,3,2.39,3.51,3.11,2.3,3.2,3.2,2.3,3.5,3.13,42,2.39,2.26,3.51,3.29,3.25,3.04,40,1.96,1.88,1.95,1.88,25,-0.25,2.04,1.96,1.91,1.85
E3,24/10/15,Accrington,Dag and Red,3,1,H,2,0,H,D Bond,18,2,10,1,6,9,10,2,1,1,0,0,1.83,3.8,4.6,1.8,3.5,3.9,1.85,3.2,3.5,1.8,3.6,4.33,1.87,3.82,4.37,1.91,3.2,4.33,1.8,3.75,4.6,43,1.91,1.81,3.85,3.58,4.6,4.18,38,1.91,1.84,2.02,1.92,23,-0.5,1.87,1.81,2.08,2.01
E3,24/10/15,Bristol Rvs,Newport County,1,4,A,1,1,D,N Kinseley,22,12,3,4,5,11,6,6,0,1,0,0,1.67,4.2,5.25,1.62,3.7,4.6,1.6,3.5,4.5,1.65,3.8,5,1.7,4.08,5.2,1.67,3.5,5.5,1.7,4,5,43,1.74,1.65,4.2,3.74,5.5,4.97,38,2.05,1.95,1.88,1.8,22,-0.75,1.94,1.88,1.99,1.93
E3,24/10/15,Exeter,Notts County,1,1,D,1,1,D,G Salisbury,8,17,3,7,9,7,4,6,3,0,0,0,2.7,3.5,2.7,2.4,3.3,2.65,2.4,3.1,2.5,2.5,3.4,2.62,2.68,3.58,2.68,2.7,3.1,2.7,2.6,3.5,2.7,43,2.7,2.58,3.58,3.31,2.88,2.63,38,1.97,1.88,1.96,1.88,21,0,1.96,1.88,1.98,1.91
E3,24/10/15,Hartlepool,Crawley Town,1,2,A,0,0,D,M Heywood,9,10,4,6,8,9,8,8,1,2,1,0,2.3,3.6,3.2,2.15,3.4,2.9,2.2,3.1,2.8,2.2,3.4,3,2.25,3.64,3.28,2.3,3.2,3.1,2.25,3.6,3.2,42,2.3,2.2,3.64,3.38,3.32,3.1,37,2.05,1.97,1.86,1.79,22,-0.25,1.96,1.91,1.97,1.91
E3,24/10/15,Luton,Plymouth,1,2,A,0,1,A,R Joyce,6,8,3,4,6,7,3,10,1,1,1,0,2.5,3.4,3,2.4,3.1,2.75,2.3,3.1,2.6,2.4,3.4,2.8,2.5,3.53,2.92,2.6,3.1,2.8,2.45,3.5,2.9,43,2.6,2.42,3.53,3.29,3,2.83,38,2.11,2,1.85,1.77,23,-0.25,2.14,2.07,1.83,1.76
E3,24/10/15,Morecambe,Leyton Orient,0,1,A,0,1,A,D Webb,10,8,4,2,3,15,8,1,0,2,0,0,4.2,3.8,1.91,4.2,3.5,1.75,3.6,3.3,1.8,3.8,3.75,1.85,4.22,3.85,1.89,4.2,3.2,1.95,3.8,4,1.9,43,4.22,3.9,4,3.63,1.95,1.86,33,1.76,1.68,2.17,2.08,24,0.5,2.03,1.95,1.92,1.87
E3,24/10/15,Northampton,Stevenage,2,1,H,0,1,A,G Eltringham,13,9,6,2,10,13,11,4,0,4,0,0,1.85,3.8,4.5,1.8,3.5,3.8,1.9,3.2,3.4,1.85,3.6,4,1.92,3.8,4.18,1.95,3.3,4,1.9,3.8,4,43,1.95,1.86,3.82,3.54,4.5,3.96,38,1.95,1.86,1.97,1.9,24,-0.5,1.92,1.87,2.02,1.95
E3,24/10/15,Oxford,Barnet,2,3,A,2,3,A,D Handley,17,8,7,5,12,11,4,5,3,2,0,0,1.7,4.2,5,1.65,3.6,4.6,1.7,3.4,3.9,1.73,3.8,4.5,1.72,4.06,4.98,1.73,3.5,4.33,1.7,4,5,38,1.75,1.69,4.2,3.77,5,4.71,34,2,1.91,1.92,1.85,22,-0.75,1.95,1.89,2,1.92
E3,24/10/15,Portsmouth,Mansfield,0,0,D,0,0,D,K Wright,13,3,2,0,12,14,11,5,0,2,0,0,1.8,3.75,5,1.65,3.5,4.75,1.8,3.3,3.6,1.75,3.6,4.5,1.75,3.86,5.12,1.83,3.5,4.33,1.8,3.5,5,43,1.83,1.74,4,3.58,5.12,4.63,38,2.11,2.01,1.82,1.75,22,-0.75,2.01,1.95,1.92,1.86
E3,24/10/15,Wycombe,Carlisle,1,1,D,0,0,D,R Lewis,13,5,3,2,16,16,7,5,2,2,0,1,1.91,3.8,4.2,1.91,3.4,3.5,1.9,3.2,3.4,1.85,3.5,3.8,1.93,3.73,4.18,1.95,3.2,4.2,1.87,3.8,4.1,43,2,1.89,3.8,3.48,4.2,3.93,38,1.91,1.81,2.02,1.94,22,-0.5,1.92,1.88,2,1.94
E3,24/10/15,Yeovil,Cambridge,2,3,A,1,3,A,C Sarginson,10,8,5,5,10,10,10,4,3,1,0,0,3.2,3.6,2.3,3,3.25,2.2,2.6,3.1,2.3,3.1,3.3,2.25,3.36,3.53,2.25,3.1,3.3,2.3,3.13,3.6,2.25,43,3.36,3.08,3.6,3.34,2.4,2.23,38,2.05,1.97,1.86,1.79,23,0.25,1.97,1.89,1.99,1.93
E3,24/10/15,York,AFC Wimbledon,1,3,A,0,1,A,N Miller,7,13,1,6,4,9,5,7,1,0,0,0,3.2,3.6,2.3,2.85,3.25,2.25,2.6,3.1,2.3,3,3.3,2.3,3.08,3.5,2.41,3,3.2,2.4,3.1,3.6,2.25,43,3.2,2.98,3.6,3.31,2.42,2.29,38,2.06,1.96,1.88,1.79,21,0,2.27,2.19,1.75,1.67
E3,30/10/15,Cambridge,Bristol Rvs,1,2,A,1,0,H,B Malone,8,13,3,7,9,12,5,7,0,1,0,0,3,3.5,2.45,2.65,3.25,2.4,2.45,3.1,2.45,3,3.3,2.3,3.16,3.53,2.35,2.88,3.25,2.3,3,3.5,2.38,47,3.16,2.94,3.53,3.31,2.64,2.33,41,2,1.92,1.92,1.85,26,0.25,1.9,1.82,2.08,2
E3,31/10/15,AFC Wimbledon,Hartlepool,2,0,H,2,0,H,L Collins,17,4,8,1,14,9,9,3,0,3,0,0,1.7,4,5.25,1.67,3.6,4.4,1.7,3.4,3.9,1.67,3.8,4.75,1.72,4.09,5.01,1.7,3.75,5,1.73,4,4.8,45,1.73,1.68,4.09,3.76,5.25,4.72,40,1.91,1.84,2,1.91,26,-0.75,1.96,1.89,1.98,1.92
E3,31/10/15,Barnet,Exeter,2,0,H,1,0,H,B Toner,9,6,5,3,13,8,10,15,2,2,0,0,2.15,3.75,3.4,2.05,3.4,3.1,2.1,3.1,3,2.1,3.6,3.2,2.2,3.77,3.26,2.2,3.3,3.3,2.2,3.75,3.1,45,2.23,2.13,3.77,3.48,3.5,3.15,35,1.81,1.73,2.1,2.03,27,-0.25,1.97,1.89,1.99,1.92
E3,31/10/15,Carlisle,Yeovil,3,2,H,1,2,A,D Webb,21,13,4,3,10,14,5,3,2,2,0,0,1.75,3.9,5,1.72,3.5,4.33,1.75,3.4,3.7,1.73,3.6,4.5,1.78,3.94,4.77,1.75,3.5,5,1.8,4,4.3,46,1.8,1.73,4,3.72,5,4.45,35,1.81,1.75,2.14,2.01,26,-0.75,2.07,1.97,1.89,1.84
E3,31/10/15,Crawley Town,York,1,0,H,0,0,D,C Breakspear,14,7,4,2,8,19,5,4,0,4,0,0,2.4,3.5,3.1,2.25,3.25,2.9,2.3,3.1,2.6,2.3,3.3,2.9,2.39,3.5,3.12,2.38,3.4,2.9,2.38,3.5,3,45,2.41,2.32,3.5,3.31,3.2,2.95,40,2.03,1.91,1.91,1.85,27,-0.25,2.11,2.01,1.87,1.81
E3,31/10/15,Leyton Orient,Accrington,0,1,A,0,1,A,G Horwood,8,13,2,5,11,10,9,2,2,3,0,0,1.91,3.8,4.2,1.87,3.5,3.6,1.7,3.4,3.9,1.83,3.8,3.8,1.86,4.04,4.18,1.91,3.5,4,1.85,4,4,45,1.91,1.83,4.04,3.66,4.4,3.97,40,1.86,1.79,2.07,1.97,23,-0.75,2.13,2.07,1.82,1.76
E3,31/10/15,Mansfield,Wycombe,0,2,A,0,1,A,S Stockbridge,13,6,7,2,11,9,7,5,0,3,0,0,2.6,3.4,2.9,2.3,3.2,2.85,2.3,3.1,2.6,2.5,3.2,2.75,2.59,3.39,2.9,2.6,3.1,2.8,2.6,3.4,2.8,45,2.6,2.5,3.4,3.22,3,2.75,35,2.18,2.1,1.76,1.68,24,-0.25,2.23,2.15,1.76,1.71
E3,31/10/15,Newport County,Northampton,2,2,D,2,2,D,D Deadman,8,6,5,2,8,10,3,3,2,0,0,0,3.4,3.8,2.15,2.9,3.3,2.2,2.8,3.1,2.2,3.25,3.4,2.15,3.47,3.61,2.17,3.3,3.3,2.2,3.25,3.75,2.15,45,3.47,3.25,3.8,3.39,2.2,2.12,40,1.97,1.88,1.97,1.88,27,0.25,2.03,1.95,1.92,1.86
E3,31/10/15,Notts County,Portsmouth,2,1,H,1,1,D,A Haines,9,13,4,5,6,10,7,7,0,1,0,0,3,3.6,2.4,2.8,3.25,2.3,2.6,3.1,2.3,2.9,3.3,2.38,3.02,3.5,2.45,3.1,3.1,2.4,2.9,3.6,2.38,46,3.1,2.9,3.6,3.29,2.45,2.35,40,2.09,2,1.84,1.77,27,0.25,1.84,1.78,2.12,2.04
E3,31/10/15,Plymouth,Morecambe,2,0,H,2,0,H,M Bull,18,9,4,3,12,7,9,1,2,1,0,0,1.91,3.9,4.1,1.83,3.4,3.9,1.65,3.4,4.2,1.85,3.6,3.8,1.93,3.88,4.04,1.85,3.6,4.2,1.9,3.9,3.9,45,1.93,1.85,4,3.6,4.33,3.95,35,1.83,1.77,2.07,1.98,23,-0.75,2.2,2.13,1.78,1.72
E3,31/10/15,Stevenage,Oxford,1,5,A,1,2,A,L Swabey,10,27,5,13,9,9,4,8,0,2,2,0,4.33,3.75,1.91,3.6,3.4,1.9,3.4,3.2,1.9,4.2,3.4,1.85,4.37,3.63,1.93,4.2,3.3,1.91,4.2,3.7,1.87,41,4.38,4.04,3.75,3.45,1.95,1.87,38,2.16,2.04,1.81,1.73,28,0.5,2.02,1.94,1.94,1.87
E3,01/11/15,Dag and Red,Luton,0,2,A,0,1,A,K Hill,9,10,1,5,13,11,4,3,4,1,0,0,3.5,3.6,2.15,3.25,3.3,2.05,3.1,3.2,2,3.3,3.5,2.05,3.49,3.72,2.13,3.3,3.3,2.2,3.4,3.7,2.1,43,3.6,3.29,3.72,3.41,2.2,2.09,36,1.86,1.8,2.09,1.98,26,0.25,2.09,1.99,1.88,1.83
E3,14/11/15,Accrington,Newport County,2,2,D,0,0,D,C Sarginson,16,12,7,4,11,10,3,2,3,2,0,0,1.75,3.8,5.25,1.72,3.4,4.4,1.7,3.5,4.4,1.73,3.6,5,1.78,3.73,5.15,1.75,3.5,5,1.75,4,4.8,44,1.78,1.71,4,3.57,5.5,4.76,39,2,1.92,1.94,1.84,20,-0.5,1.78,1.72,2.2,2.13
E3,14/11/15,Bristol Rvs,Carlisle,2,0,H,0,0,D,M Brown,15,5,6,1,8,12,4,4,4,0,0,0,1.91,3.8,4.2,1.83,3.4,3.9,1.85,3.4,3.8,1.85,3.6,3.8,1.91,3.9,4.08,1.91,3.5,4,1.93,3.9,4,44,1.93,1.86,3.9,3.58,4.33,3.87,39,1.94,1.87,1.97,1.89,25,-0.5,1.93,1.87,2,1.94
E3,14/11/15,Exeter,Crawley Town,2,2,D,2,1,H,J Adcock,9,14,5,5,16,7,4,7,1,1,0,0,2.2,3.75,3.3,2.1,3.4,3,2.1,3.3,3.1,2.15,3.6,3.1,2.24,3.75,3.2,2.25,3.5,3,2.2,3.75,3.25,44,2.3,2.17,3.75,3.43,3.3,3.09,39,1.99,1.87,1.98,1.89,22,-0.5,2.25,2.17,1.75,1.7
E3,14/11/15,Luton,Barnet,2,0,H,1,0,H,D England,13,3,6,1,14,5,7,6,2,0,0,0,2.3,3.6,3.2,2,3.4,3.25,2.1,3.3,3.1,2.2,3.5,3.1,2.29,3.66,3.19,2.3,3.2,3.2,2.25,3.6,3.25,44,2.3,2.19,3.66,3.38,3.3,3.1,39,1.95,1.86,1.98,1.9,20,-0.25,1.98,1.92,1.96,1.9
E3,14/11/15,Northampton,Mansfield,1,0,H,1,0,H,D Bond,7,11,4,1,8,13,4,7,1,2,0,0,2.3,3.5,3.3,2.15,3.25,3.1,2.2,3.2,3,2.2,3.4,3.1,2.29,3.6,3.22,2.3,3.2,3.2,2.3,3.6,3.2,44,2.38,2.24,3.6,3.29,3.3,3.08,39,2.11,2.02,1.85,1.75,24,-0.25,2.01,1.94,1.94,1.87
E3,14/11/15,Oxford,Cambridge,1,0,H,1,0,H,K Hill,9,6,4,2,9,15,7,6,2,4,0,0,1.57,4.33,6.5,1.55,3.7,5.5,1.6,3.6,5,1.57,3.8,6,1.6,4.16,6.13,1.62,3.6,6,1.6,4.33,6,39,1.62,1.56,4.33,3.95,6.5,5.66,36,1.97,1.87,1.97,1.89,23,-0.75,1.77,1.72,2.2,2.14
E3,14/11/15,Yeovil,Stevenage,2,2,D,0,0,D,P Gibbs,16,10,7,4,12,9,7,6,1,3,0,0,2.8,3.6,2.55,2.75,3.3,2.3,2.7,3.2,2.4,2.7,3.5,2.4,2.8,3.65,2.55,2.9,3.2,2.5,2.8,3.6,2.55,44,2.9,2.71,3.65,3.37,2.6,2.45,39,1.91,1.81,2.05,1.95,24,0,2.09,1.98,1.88,1.82
E3,14/11/15,York,Plymouth,1,2,A,0,2,A,R Clark,9,13,4,6,8,12,7,4,0,1,0,0,3.6,3.4,2.2,3.4,3.25,2,3.1,3.3,2.1,3.4,3.3,2.1,3.39,3.44,2.25,3.3,3.3,2.2,3.5,3.5,2.2,44,3.6,3.3,3.5,3.28,2.25,2.14,37,2.2,2.11,1.74,1.68,24,0.5,1.76,1.71,2.26,2.15
E3,15/11/15,Hartlepool,Leyton Orient,3,1,H,1,1,D,P Tierney,7,9,4,5,11,10,1,4,0,1,0,0,4.75,3.8,1.8,4.1,3.4,1.78,3.8,3.4,1.85,4.33,3.6,1.75,4.76,3.87,1.8,4.5,3.5,1.8,4.5,3.8,1.85,43,4.76,4.27,3.87,3.58,1.85,1.78,38,1.98,1.91,1.97,1.86,24,0.5,2.11,2.03,1.85,1.79
E3,15/11/15,Portsmouth,AFC Wimbledon,0,0,D,0,0,D,S Attwell,3,6,1,1,5,10,7,6,0,1,0,0,2,3.6,4,1.95,3.25,3.6,1.9,3.3,3.7,2,3.4,3.6,2.06,3.54,3.9,2.05,3.3,3.75,2.05,3.6,3.8,43,2.06,1.98,3.6,3.36,4,3.68,38,2.08,1.97,1.86,1.79,25,-0.5,2.05,1.97,1.89,1.84
E3,21/11/15,AFC Wimbledon,Wycombe,1,1,D,0,0,D,P Gibbs,8,9,2,4,17,11,4,2,2,2,0,0,2.1,3.5,3.8,2.05,3.2,3.3,2.1,3.3,3.1,2.05,3.3,3.5,2.13,3.49,3.69,2.15,3.3,3.4,2.1,3.5,3.6,43,2.2,2.07,3.5,3.34,3.8,3.46,37,2.2,2.08,1.78,1.71,24,-0.25,1.85,1.8,2.1,2.03
E3,21/11/15,Barnet,Morecambe,0,0,D,0,0,D,F Graham,8,3,2,2,7,7,6,2,1,1,0,0,2.1,3.6,3.75,1.95,3.3,3.5,2,3.3,3.3,2.1,3.5,3.3,2.12,3.68,3.54,2.1,3.3,3.5,2.05,3.6,3.6,44,2.2,2.05,3.68,3.44,3.75,3.44,38,1.83,1.77,2.11,2,25,-0.25,1.86,1.8,2.11,2.04
E3,21/11/15,Cambridge,Accrington,2,3,A,2,1,H,I Williamson,13,18,5,6,12,13,7,4,2,4,0,0,3.25,3.5,2.3,2.95,3.25,2.2,2.8,3.2,2.3,3.1,3.5,2.2,3.2,3.64,2.28,3.2,3.2,2.3,3.13,3.6,2.25,43,3.3,3.1,3.64,3.35,2.38,2.22,39,1.98,1.89,1.98,1.88,18,0,2.38,2.24,1.7,1.66
E3,21/11/15,Carlisle,Portsmouth,2,2,D,1,0,H,S Duncan,6,15,4,6,7,9,2,8,1,1,0,0,3.8,3.6,2.05,3.6,3.3,1.91,3.3,3.3,2,3.5,3.5,2,3.65,3.65,2.1,3.5,3.3,2.1,3.5,3.6,2.1,43,3.9,3.59,3.7,3.43,2.1,2,38,2,1.91,1.95,1.86,23,0.5,1.89,1.83,2.1,2
E3,21/11/15,Crawley Town,Bristol Rvs,2,1,H,2,0,H,T Kettle,11,13,2,4,10,11,5,11,2,2,0,0,4,3.5,2.05,3.4,3.25,2,3.1,3.3,2.1,3.4,3.4,2.1,3.64,3.57,2.12,3.5,3.3,2.1,3.7,3.5,2.05,43,4,3.53,3.57,3.36,2.12,2.05,38,2,1.92,1.94,1.85,23,0.25,2.13,2.06,1.83,1.78
E3,21/11/15,Dag and Red,Oxford,0,1,A,0,0,D,K Johnson,10,10,4,4,15,5,2,6,2,1,0,0,6,4.33,1.6,5,3.75,1.57,5,3.6,1.6,5.5,3.8,1.62,5.93,4.07,1.64,6.5,3.75,1.57,5.75,4.2,1.6,38,6.5,5.65,4.33,3.88,1.64,1.58,30,1.95,1.88,1.99,1.87,23,0.75,2.16,2.11,1.79,1.75
E3,21/11/15,Leyton Orient,York,3,2,H,2,1,H,L Collins,8,5,4,4,9,8,4,3,1,3,0,0,1.62,4.2,6,1.55,3.9,5,1.55,3.7,5.4,1.57,4,5.5,1.61,4.28,5.79,1.62,3.8,5.5,1.62,4.2,5.5,44,1.67,1.59,4.28,3.95,6,5.42,39,1.85,1.78,2.11,1.99,26,-1,2.12,2.04,1.85,1.8
E3,21/11/15,Mansfield,Hartlepool,3,1,H,1,1,D,D Coote,10,5,4,2,9,6,7,3,2,1,0,0,1.85,3.6,4.75,1.8,3.25,4.25,1.85,3.4,3.8,1.83,3.4,4.5,1.87,3.63,4.66,1.83,3.4,4.5,1.83,3.6,4.6,44,1.91,1.82,3.63,3.43,4.78,4.4,37,2.33,2.2,1.75,1.64,24,-0.5,1.87,1.82,2.07,2.01
E3,21/11/15,Newport County,Yeovil,0,0,D,0,0,D,M Heywood,15,8,7,1,12,10,6,3,0,0,0,0,2.1,3.5,3.75,2.15,3.2,3.1,2,3.3,3.3,2.05,3.4,3.5,2.08,3.57,3.75,2.1,3.3,3.5,2.1,3.5,3.6,44,2.2,2.07,3.57,3.36,3.75,3.45,38,2.08,1.98,1.9,1.8,25,-0.25,1.85,1.8,2.15,2.04
E3,21/11/15,Notts County,Northampton,1,2,A,0,1,A,A Davies,15,8,4,2,11,8,4,3,1,1,0,0,2.38,3.5,3.1,2.2,3.3,2.95,2.3,3.2,2.8,2.25,3.4,3,2.33,3.5,3.18,2.4,3.1,3.1,2.3,3.5,3.13,44,2.4,2.28,3.5,3.32,3.2,3.03,38,1.97,1.9,1.95,1.87,22,0,1.72,1.68,2.29,2.2
E3,21/11/15,Plymouth,Exeter,1,2,A,0,2,A,G Scott,16,10,6,3,10,11,7,8,2,0,0,0,1.8,3.8,4.75,1.7,3.4,4.5,1.75,3.4,4.3,1.8,3.6,4.33,1.84,3.81,4.56,1.83,3.4,4.5,1.8,3.8,4.5,43,1.84,1.78,3.81,3.59,4.75,4.38,39,1.97,1.89,1.95,1.87,22,-0.75,2.11,2.03,1.87,1.81
E3,21/11/15,Stevenage,Luton,0,0,D,0,0,D,R Lewis,7,9,2,5,9,15,3,1,2,1,0,1,3.75,3.6,2.1,3.4,3.3,2,3.1,3.3,2.1,3.4,3.5,2.1,3.56,3.69,2.11,3.4,3.3,2.1,3.5,3.6,2.1,44,3.75,3.44,3.69,3.43,2.12,2.06,33,1.92,1.84,2,1.91,23,0.25,2.08,2.02,1.86,1.81
E3,24/11/15,AFC Wimbledon,Dag and Red,0,1,A,0,0,D,S Hooper,12,6,6,2,13,17,6,3,0,0,0,0,1.62,4.2,6,1.55,3.7,5.5,1.55,3.7,5.4,1.6,4,5.5,1.62,4.29,5.77,1.62,3.8,5.5,1.6,4.2,5.75,52,1.63,1.58,4.29,3.91,6,5.54,47,1.9,1.82,2.06,1.94,31,-1,2.09,2.01,1.87,1.81
E3,24/11/15,Bristol Rvs,Stevenage,1,2,A,1,1,D,G Salisbury,16,12,3,4,10,12,5,4,0,2,0,0,1.67,4.1,5.5,1.67,3.3,5,1.7,3.5,4.4,1.62,3.8,5.25,1.65,4.17,5.61,1.65,4,5,1.65,4.1,5.25,52,1.7,1.63,4.17,3.82,5.61,5.2,47,1.89,1.8,2.06,1.95,29,-0.75,1.84,1.8,2.09,2.02
E3,24/11/15,Crawley Town,Northampton,1,2,A,0,2,A,S Martin,12,10,3,4,11,16,6,4,2,1,0,1,2.9,3.5,2.55,2.7,3.3,2.35,3,3.2,2.2,2.8,3.3,2.4,2.93,3.43,2.55,2.9,3.2,2.5,2.88,3.5,2.45,52,3,2.82,3.5,3.27,2.55,2.44,47,1.98,1.87,1.97,1.89,28,0,2.11,2.04,1.83,1.78
E3,24/11/15,Luton,Carlisle,3,4,A,1,1,D,L Swabey,9,17,5,10,10,14,5,3,1,2,0,0,1.95,3.8,4,1.95,3.4,3.4,1.85,3.4,3.8,1.91,3.6,3.8,1.96,3.81,3.96,2,3.4,3.8,1.93,3.8,3.9,52,2,1.91,3.81,3.54,4,3.77,46,1.8,1.72,2.18,2.06,30,-0.5,1.96,1.9,1.98,1.92
E3,24/11/15,Mansfield,Exeter,0,2,A,0,2,A,O Langford,17,5,3,4,13,6,12,3,1,1,0,0,1.95,3.6,4.2,1.95,3.3,3.5,2,3.3,3.3,1.95,3.4,3.8,1.96,3.66,4.14,1.95,3.4,4,1.95,3.6,4,52,2,1.92,3.66,3.43,4.2,3.85,46,2.05,1.97,1.86,1.79,29,-0.5,1.99,1.93,1.96,1.89
E3,24/11/15,Morecambe,Cambridge,2,4,A,1,3,A,B Toner,7,15,3,6,12,16,4,3,5,2,0,0,2.4,3.6,3,2.25,3.25,2.85,2.3,3.2,2.8,2.3,3.4,2.9,2.38,3.64,3.03,2.4,3.3,2.9,2.3,3.6,3,52,2.5,2.3,3.64,3.38,3.05,2.93,47,1.86,1.78,2.07,1.98,29,-0.25,2.07,2,1.87,1.82
E3,24/11/15,Notts County,Barnet,4,2,H,2,0,H,R Joyce,17,9,8,5,14,16,5,7,0,4,0,0,2,3.75,3.8,2.05,3.3,3.2,2,3.3,3.3,2.05,3.5,3.4,2.12,3.69,3.55,2.1,3.3,3.5,2.1,3.6,3.5,52,2.15,2.06,3.75,3.43,3.8,3.39,47,1.89,1.81,2.06,1.95,28,-0.25,1.84,1.79,2.13,2.05
E3,24/11/15,Oxford,Newport County,1,1,D,0,1,A,A Madley,15,5,7,2,8,12,9,3,1,3,0,0,1.5,4.6,7,1.4,4.33,6.5,1.4,4.1,7,1.44,4.33,7,1.47,4.72,7.42,1.44,4.33,7.5,1.45,4.6,7,47,1.5,1.44,4.72,4.29,8,7.06,44,1.89,1.83,2.04,1.93,29,-1,1.8,1.75,2.19,2.1
E3,24/11/15,Plymouth,Leyton Orient,1,1,D,0,1,A,A Woolmer,12,15,2,7,14,9,6,2,2,1,0,0,2.8,3.4,2.7,2.6,3.1,2.55,2.3,3.2,2.8,2.75,3.3,2.5,2.82,3.44,2.63,2.7,3.1,2.7,2.8,3.4,2.55,52,2.82,2.7,3.45,3.24,2.8,2.55,47,2.01,1.92,1.91,1.85,29,0,2.04,1.97,1.9,1.84
E3,24/11/15,Portsmouth,York,6,0,H,0,0,D,I Williamson,23,2,12,2,9,12,8,4,1,1,0,1,1.5,4.33,8,1.4,4.1,7,1.5,3.8,5.7,1.44,4.2,7.5,1.47,4.42,8.3,1.5,4,7,1.45,4.4,8,51,1.5,1.44,4.42,4.17,8.33,7.39,46,2.06,1.95,1.89,1.81,30,-1,1.81,1.75,2.18,2.09
E3,24/11/15,Yeovil,Wycombe,0,1,A,0,0,D,D Deadman,7,11,5,6,7,12,4,4,2,2,0,0,3.8,3.6,2.05,3.5,3.2,2,3.3,3.3,2,3.8,3.3,2,3.95,3.49,2.06,3.75,3.4,2,3.8,3.6,2,52,4,3.73,3.6,3.33,2.06,1.99,46,2.21,2.09,1.83,1.7,28,0.5,1.89,1.84,2.06,1.98
E3,28/11/15,Barnet,Mansfield,1,3,A,0,1,A,T Kettle,8,9,5,5,9,13,6,4,1,1,1,1,2.6,3.4,2.9,2.45,3.2,2.65,2.3,3.2,2.8,2.4,3.3,2.8,2.59,3.47,2.85,2.5,3.2,2.9,2.63,3.4,2.8,49,2.63,2.5,3.47,3.24,2.9,2.75,43,2.25,2.14,1.75,1.67,26,0,1.9,1.83,2.05,1.98
E3,28/11/15,Cambridge,Notts County,3,1,H,0,1,A,C Breakspear,13,14,5,4,14,9,7,4,1,4,0,0,3,3.4,2.5,2.7,3.25,2.35,2.7,3.2,2.4,2.8,3.3,2.4,2.86,3.54,2.55,2.9,3.2,2.5,2.9,3.5,2.5,49,3,2.8,3.54,3.3,2.55,2.43,43,1.98,1.9,1.95,1.86,25,0,2.1,2.02,1.87,1.8
E3,28/11/15,Carlisle,Crawley Town,3,1,H,2,1,H,G Salisbury,10,6,6,2,12,8,5,3,1,1,0,0,2.3,3.6,3.2,2.25,3.2,2.9,2.1,3.3,3.1,2.2,3.6,3,2.29,3.79,3.08,2.2,3.4,3.2,2.1,3.7,3.13,48,2.3,2.22,3.79,3.46,3.2,3,42,1.9,1.81,2.1,1.95,26,-0.25,2.03,1.93,1.98,1.9
E3,28/11/15,Dag and Red,Plymouth,1,1,D,0,0,D,D Deadman,11,9,4,4,8,9,6,2,1,3,0,0,4.33,3.6,1.95,4.1,3.2,1.85,4.4,3.5,1.7,3.75,3.5,1.95,3.88,3.6,2.04,4.2,3.3,1.91,3.9,3.6,1.85,49,4.4,3.88,3.6,3.4,2.04,1.93,43,2.13,2.01,1.84,1.76,24,0.5,1.91,1.87,2.04,1.94
E3,28/11/15,Exeter,Bristol Rvs,1,1,D,0,0,D,P Gibbs,12,13,6,7,6,15,4,9,1,2,0,0,3.2,3.6,2.3,3,3.2,2.2,3,3.2,2.2,3,3.5,2.25,3.08,3.66,2.34,3.1,3.1,2.4,3.13,3.6,2.3,49,3.2,3,3.66,3.37,2.4,2.26,43,1.98,1.89,1.95,1.87,21,0,2.31,2.21,1.72,1.68
E3,28/11/15,Hartlepool,Oxford,0,1,A,0,0,D,S Stockbridge,12,16,1,9,11,8,4,7,2,0,0,0,6,3.8,1.67,5,3.6,1.62,5,3.6,1.6,5,3.6,1.67,5.38,3.85,1.72,5.5,3.4,1.73,5.4,3.9,1.73,44,6,5.21,3.85,3.63,1.73,1.66,40,2.12,2.02,1.88,1.76,26,0.75,2.06,1.96,1.94,1.87
E3,28/11/15,Leyton Orient,AFC Wimbledon,1,1,D,1,0,H,D Handley,2,15,1,5,9,15,3,8,2,3,1,0,2.2,3.8,3.3,2.1,3.2,3.25,2.1,3.3,3.1,2.1,3.6,3.1,2.15,3.81,3.36,2.1,3.6,3.3,2.25,3.7,3.2,49,2.25,2.12,3.81,3.48,3.4,3.19,43,1.98,1.9,1.96,1.86,23,-0.5,2.21,2.14,1.79,1.73
E3,28/11/15,Newport County,Luton,3,0,H,0,0,D,D Coote,7,7,4,3,7,6,2,10,0,0,0,0,3.3,3.6,2.25,3.1,3.25,2.15,3,3.2,2.2,3.2,3.3,2.2,3.37,3.49,2.27,3.2,3.2,2.3,3.3,3.6,2.25,47,3.37,3.18,3.6,3.32,2.3,2.2,42,2.11,2.01,1.86,1.77,26,0.25,1.98,1.92,1.96,1.91
E3,28/11/15,Northampton,Yeovil,2,0,H,1,0,H,J Linington,5,7,4,1,10,5,6,9,1,1,0,0,1.67,3.9,6,1.6,3.5,5.25,1.65,3.5,4.6,1.65,3.6,5.5,1.68,3.89,5.84,1.62,3.6,6,1.62,3.9,5.25,49,1.67,1.62,3.9,3.7,6,5.39,43,2,1.9,1.94,1.86,22,-1,2.26,2.19,1.75,1.7
E3,28/11/15,Stevenage,Morecambe,4,3,H,2,1,H,L Collins,13,10,8,4,5,14,10,3,1,3,0,0,2.6,3.6,2.75,2.4,3.2,2.7,2.5,3.2,2.6,2.62,3.4,2.6,2.72,3.56,2.66,2.6,3.3,2.7,2.63,3.6,2.75,49,2.72,2.56,3.6,3.32,2.75,2.63,43,2,1.91,1.94,1.85,26,0,1.97,1.89,2,1.92
E3,28/11/15,Wycombe,Portsmouth,2,2,D,2,1,H,M Haywood,6,6,5,3,10,10,9,5,2,0,0,0,3.1,3.4,2.45,2.65,3.2,2.45,2.6,3.2,2.5,2.9,3.1,2.4,3.05,3.29,2.54,3.1,3.1,2.4,3,3.4,2.5,49,3.1,2.91,3.4,3.18,2.54,2.42,43,2.33,2.15,1.75,1.66,23,0,2.2,2.1,1.82,1.74
E3,28/11/15,York,Accrington,1,5,A,0,2,A,A Madley,6,21,1,11,10,7,3,11,2,3,0,0,4.33,3.75,1.91,3.6,3.3,1.91,3.7,3.3,1.9,4,3.6,1.85,4.29,3.85,1.88,4,3.5,1.91,4.2,3.8,1.91,49,4.33,4.04,3.85,3.54,2,1.86,43,1.98,1.89,1.98,1.87,22,0.25,2.41,2.33,1.67,1.62
E3,01/12/15,Bristol Rvs,Wycombe,3,0,H,0,0,D,B Malone,16,5,10,0,9,12,4,1,0,1,0,0,2.25,3.5,3.4,2.2,3.25,3,2.1,3.3,3.1,2.15,3.3,3.3,2.2,3.47,3.55,2.2,3.25,3.4,2.25,3.5,3.4,51,2.25,2.16,3.5,3.3,3.55,3.29,44,2.16,2.04,1.8,1.73,28,-0.25,1.93,1.87,2.03,1.94
E3,01/12/15,Morecambe,Dag and Red,1,0,H,1,0,H,K Wright,14,5,6,1,10,24,6,4,0,1,0,0,2.1,3.75,3.6,2,3.3,3.4,2,3.3,3.3,2,3.6,3.4,2.07,3.86,3.55,2.1,3.3,3.6,2.05,3.75,3.7,50,2.15,2.01,3.86,3.51,3.7,3.45,43,1.91,1.82,2.07,1.93,28,-0.5,2.05,1.99,1.89,1.83
E3,12/12/15,AFC Wimbledon,Stevenage,1,2,A,1,0,H,N Kinseley,5,15,3,7,11,3,5,8,1,0,0,0,1.7,4,5.25,1.62,3.7,4.75,1.7,3.5,4.4,1.7,3.8,4.5,1.77,3.99,4.77,1.7,3.75,5,1.73,4,4.6,47,1.77,1.69,4,3.76,5.5,4.69,42,1.91,1.84,2.01,1.92,24,-0.75,2,1.93,1.94,1.89
E3,12/12/15,Bristol Rvs,York,2,1,H,0,1,A,B Toner,15,6,9,2,15,12,5,1,1,3,0,0,1.5,4.5,7.5,1.45,4.2,5.75,1.5,3.8,5.7,1.5,4.2,6.5,1.52,4.51,6.95,1.53,3.8,7,1.53,4.5,6.25,47,1.53,1.48,4.51,4.22,7.5,6.28,42,1.77,1.7,2.21,2.08,26,-1,1.88,1.82,2.05,2
E3,12/12/15,Crawley Town,Dag and Red,3,2,H,2,0,H,B Malone,11,7,4,3,14,10,9,4,1,1,0,0,2.2,3.5,3.5,2.1,3.2,3.2,2.1,3.3,3.1,2.2,3.3,3.25,2.25,3.47,3.42,2.1,3.3,3.5,2.25,3.5,3.25,47,2.25,2.16,3.5,3.3,3.5,3.28,42,2.14,2.02,1.81,1.75,18,-0.5,2.26,2.17,1.75,1.7
E3,12/12/15,Luton,Northampton,3,4,A,1,3,A,M Jones,9,8,5,7,16,10,1,6,3,0,0,0,2.4,3.6,3,2.25,3.4,2.8,2.3,3.2,2.8,2.3,3.4,2.9,2.41,3.59,3.01,2.4,3.1,3.1,2.3,3.6,3,47,2.41,2.31,3.6,3.36,3.1,2.92,42,2.02,1.92,1.94,1.84,23,0,1.74,1.7,2.26,2.15
E3,12/12/15,Mansfield,Leyton Orient,1,1,D,1,1,D,D England,10,8,2,2,10,15,5,5,2,3,0,0,2.6,3.5,2.8,2.55,3.25,2.5,2.6,3.2,2.5,2.6,3.3,2.62,2.71,3.48,2.71,2.7,3.1,2.7,2.63,3.5,2.63,47,2.71,2.59,3.5,3.26,2.8,2.63,40,2.11,2.02,1.83,1.74,24,0,1.96,1.89,1.98,1.91
E3,12/12/15,Notts County,Newport County,4,3,H,2,2,D,D Handley,23,11,9,5,9,9,6,3,3,2,0,0,1.8,3.8,4.75,1.75,3.5,4.2,1.8,3.4,4,1.75,3.8,4.33,1.82,3.92,4.53,1.8,3.5,4.5,1.75,3.9,4.75,47,1.91,1.77,3.92,3.6,4.75,4.38,42,2.07,1.98,1.88,1.79,25,-0.5,1.81,1.76,2.16,2.09
E3,12/12/15,Oxford,Carlisle,1,1,D,1,1,D,M Haywood,14,15,7,3,6,8,6,8,0,1,0,0,1.67,4.2,5.25,1.62,3.7,4.6,1.65,3.5,4.6,1.67,4,4.75,1.7,4.18,5.06,1.7,3.75,5,1.67,4.2,5,42,1.73,1.65,4.2,3.9,5.35,4.86,39,1.8,1.73,2.2,2.05,24,-0.75,1.88,1.83,2.08,2
E3,12/12/15,Plymouth,Cambridge,1,2,A,0,1,A,T Robinson,11,10,3,4,9,12,3,4,1,2,0,0,2.15,3.6,3.6,1.95,3.3,3.5,,,,2.1,3.5,3.3,2.14,3.69,3.49,1.95,3.6,3.6,2.1,3.6,3.5,47,2.15,2.06,3.69,3.41,3.6,3.42,42,2.07,1.99,1.88,1.78,25,-0.5,2.15,2.08,1.82,1.76
E3,12/12/15,Portsmouth,Hartlepool,4,0,H,2,0,H,C Sarginson,11,5,5,3,12,16,7,4,0,2,0,0,1.44,4.75,8,1.4,4.25,6.75,1.4,4.1,7,1.44,4.5,7,1.44,4.83,7.94,1.44,4.2,8,1.44,4.75,7.5,47,1.45,1.42,4.83,4.39,8.03,7.24,42,1.88,1.8,2.07,1.96,25,-1,1.74,1.7,2.25,2.17
E3,12/12/15,Yeovil,Barnet,2,2,D,0,2,A,G Salisbury,11,6,6,3,12,11,5,2,1,3,0,0,2.9,3.5,2.5,2.75,3.25,2.35,2.6,3.2,2.5,3,3.3,2.3,3.12,3.53,2.37,2.9,3.2,2.5,3,3.5,2.38,47,3.12,2.88,3.53,3.3,2.62,2.37,42,2.05,1.95,1.9,1.81,24,0.25,1.88,1.81,2.08,2.02
E3,15/12/15,Wycombe,Notts County,2,2,D,1,1,D,N Kinseley,12,7,4,4,17,9,9,2,0,1,0,1,2.3,3.5,3.3,2.25,3.2,2.95,2.1,3.3,3.1,2.25,3.3,3.1,2.28,3.48,3.35,2.25,3.2,3,2.3,3.5,3.13,48,2.3,2.22,3.5,3.29,3.35,3.14,43,2.03,1.95,1.92,1.81,25,-0.25,2.01,1.93,1.96,1.89
E3,19/12/15,Barnet,Crawley Town,4,2,H,1,0,H,I Williamson,11,4,7,3,13,14,6,5,1,3,0,0,2.25,3.5,3.4,1.95,3.4,3.4,2,3.3,3.3,2.15,3.4,3.2,2.2,3.61,3.42,2.2,3.3,3.3,2.25,3.6,3.25,49,2.25,2.14,3.61,3.39,3.5,3.24,44,1.92,1.83,2.02,1.93,25,-0.5,2.23,2.15,1.76,1.72
E3,19/12/15,Cambridge,Mansfield,1,1,D,1,1,D,R Joyce,11,9,3,4,14,12,4,4,1,2,0,0,2.8,3.4,2.7,2.45,3.1,2.7,2.5,3.2,2.6,2.7,3.3,2.5,2.8,3.46,2.64,2.62,3.2,2.7,2.75,3.4,2.7,49,2.8,2.65,3.46,3.24,2.8,2.6,44,2.04,1.96,1.87,1.8,25,0,2.02,1.93,1.96,1.89
E3,19/12/15,Carlisle,Notts County,3,0,H,2,0,H,D Bond,11,11,6,4,13,9,5,2,1,3,0,0,2.7,3.75,2.6,2.55,3.25,2.5,2.6,3.2,2.5,2.62,3.5,2.5,2.76,3.76,2.52,2.7,3.3,2.6,2.63,3.75,2.63,49,2.76,2.61,3.76,3.46,2.63,2.51,43,1.73,1.67,2.32,2.15,26,0,2.02,1.93,1.94,1.87
E3,19/12/15,Dag and Red,Bristol Rvs,0,3,A,0,1,A,C Breakspear,7,10,3,4,10,13,5,4,1,1,0,0,4.5,3.8,1.85,4.25,3.4,1.75,4,3.4,1.8,4.33,3.6,1.8,4.61,3.87,1.81,4.2,3.5,1.85,4.5,3.8,1.85,47,4.61,4.27,3.87,3.59,1.85,1.8,42,2,1.91,1.92,1.84,25,0.5,2.1,2.03,1.84,1.8
E3,19/12/15,Exeter,Luton,2,3,A,0,2,A,B Malone,19,11,11,5,11,8,18,3,1,1,0,0,2.9,3.5,2.55,2.65,3.25,2.4,2.6,3.2,2.5,2.8,3.3,2.4,2.95,3.57,2.46,2.8,3.3,2.5,2.9,3.5,2.5,49,2.95,2.81,3.57,3.31,2.6,2.42,44,2.02,1.93,1.91,1.83,24,0,2.13,2.06,1.81,1.77
E3,19/12/15,Hartlepool,Plymouth,1,2,A,0,0,D,G Salisbury,10,15,3,5,12,11,3,4,1,1,0,0,3.25,3.4,2.38,3,3.1,2.25,2.8,3.2,2.3,3.1,3.25,2.3,3.13,3.53,2.37,3.1,3.2,2.38,3.1,3.5,2.4,49,3.25,3.02,3.53,3.27,2.4,2.31,44,2.11,2.01,1.85,1.76,26,0.25,1.88,1.83,2.07,2
E3,19/12/15,Leyton Orient,Yeovil,1,1,D,0,1,A,L Swabey,11,10,2,4,12,10,4,2,1,2,0,0,1.55,4.33,6.5,1.45,4,6.25,1.5,3.8,5.7,1.55,4,6,1.54,4.33,6.85,1.53,4,6.5,1.55,4.33,6.25,49,1.56,1.51,4.33,4.01,7,6.23,44,1.93,1.84,2,1.92,20,-1.25,2.32,2.22,1.71,1.67
E3,19/12/15,Newport County,AFC Wimbledon,2,2,D,2,0,H,K Johnson,11,10,1,4,5,9,11,5,0,1,0,0,3.5,3.6,2.15,3.2,3.1,2.15,3.3,3.3,2,3.5,3.4,2.05,3.41,3.64,2.19,3.3,3.3,2.2,3.5,3.6,2.15,49,3.6,3.34,3.64,3.38,2.25,2.1,38,2.04,1.94,1.87,1.8,26,0.25,2.05,2,1.9,1.83
E3,19/12/15,Northampton,Portsmouth,1,2,A,1,1,D,F Graham,7,10,4,7,9,2,10,3,3,2,0,0,3.5,3.5,2.2,3.6,3.2,1.95,3.1,3.3,2.1,3.5,3.3,2.1,3.71,3.49,2.13,3.4,3.3,2.15,3.6,3.5,2.15,43,3.75,3.45,3.5,3.31,2.25,2.08,44,2.07,1.98,1.85,1.79,24,0.25,2.09,2.03,1.85,1.8
E3,19/12/15,Stevenage,Accrington,1,1,D,1,0,H,D England,8,11,6,4,11,13,9,4,0,2,0,0,3.6,3.75,2.1,3.25,3.4,2,3.1,3.3,2.1,3.4,3.6,2.05,3.46,3.81,2.11,3.5,3.4,2.1,3.5,3.8,2.1,49,3.6,3.37,3.81,3.54,2.11,2.04,44,1.82,1.74,2.13,2.03,24,0.25,2.12,2.05,1.84,1.79
E3,19/12/15,Wycombe,Oxford,2,1,H,0,0,D,N Swarbrick,8,8,3,4,11,8,9,8,2,1,0,0,3.8,3.4,2.15,3.4,3.1,2.05,3.3,3.3,2,3.5,3.3,2.1,3.83,3.46,2.11,3.3,3.3,2.2,3.8,3.5,2.1,44,3.83,3.6,3.5,3.29,2.2,2.05,39,2.25,2.08,1.8,1.71,24,0.25,2.16,2.07,1.82,1.77
E3,19/12/15,York,Morecambe,2,1,H,1,0,H,C Boyeson,11,10,6,2,10,13,3,9,2,2,0,0,3.1,3.5,2.38,2.7,3.4,2.3,2.8,3.2,2.3,3,3.5,2.25,3.16,3.65,2.3,3.1,3.3,2.3,3,3.6,2.3,49,3.16,2.98,3.65,3.4,2.4,2.27,44,1.8,1.72,2.2,2.07,23,0.25,1.92,1.86,2.02,1.97
E3,26/12/15,AFC Wimbledon,Bristol Rvs,0,0,D,0,0,D,K Hill,6,10,0,4,14,11,6,6,2,1,1,0,2.6,3.3,2.63,2.55,3.2,2.55,2.5,3.1,2.7,2.5,3.4,2.62,2.71,3.56,2.66,2.62,3.1,2.8,2.63,3.5,2.7,49,2.72,2.58,3.56,3.27,2.8,2.64,43,1.97,1.89,1.97,1.87,27,0,1.96,1.89,1.98,1.92
E3,26/12/15,Barnet,Newport County,2,0,H,0,0,D,T Robinson,9,17,6,5,10,11,7,5,1,1,0,1,2.2,3.5,3.1,2.05,3.3,3.2,2.1,3.3,3.1,2.2,3.5,3.1,2.22,3.74,3.28,2.2,3.3,3.3,2.25,3.7,3.2,49,2.26,2.18,3.74,3.42,3.3,3.13,44,1.9,1.81,2.05,1.95,23,-0.25,1.98,1.91,1.96,1.9
E3,26/12/15,Crawley Town,Stevenage,2,1,H,0,0,D,M Bull,15,7,4,2,13,12,5,7,3,0,0,0,2.75,3.3,2.5,2.5,3.2,2.55,2.4,3.2,2.7,2.7,3.4,2.5,2.82,3.53,2.57,2.6,3.3,2.62,2.7,3.5,2.6,49,2.82,2.65,3.53,3.34,2.7,2.54,44,1.81,1.72,2.19,2.06,24,0,2.04,1.94,1.93,1.86
E3,26/12/15,Dag and Red,Cambridge,0,3,A,0,0,D,L Collins,8,11,2,3,15,8,4,6,5,2,0,0,3.1,3.4,2.25,2.9,3.25,2.25,3,3.2,2.2,3.1,3.4,2.2,3.29,3.71,2.22,3.2,3.2,2.3,3.3,3.6,2.25,48,3.3,3.15,3.71,3.38,2.3,2.19,43,1.97,1.89,1.96,1.88,27,0.25,1.99,1.92,1.97,1.91
E3,26/12/15,Leyton Orient,Portsmouth,3,2,H,2,1,H,G Horwood,9,10,6,8,8,14,2,9,4,1,1,1,3.1,3.4,2.25,3,3.1,2.25,2.9,3.3,2.2,3.2,3.3,2.2,3.36,3.53,2.25,3,3.2,2.4,3.25,3.5,2.3,49,3.36,3.11,3.53,3.29,2.4,2.25,44,2.11,1.99,1.86,1.78,25,0.25,1.95,1.88,1.99,1.93
E3,26/12/15,Luton,Wycombe,0,2,A,0,0,D,D Whitestone,9,12,0,4,12,11,4,6,1,0,0,0,2.6,3.4,2.6,2.45,3.2,2.65,2.5,3.2,2.6,2.62,3.3,2.62,2.76,3.47,2.66,2.6,3.25,2.75,2.7,3.4,2.7,49,2.76,2.6,3.5,3.28,2.75,2.63,44,1.97,1.89,1.96,1.87,27,0,1.98,1.9,1.97,1.91
E3,26/12/15,Oxford,Exeter,3,0,H,0,0,D,G Salisbury,16,11,7,3,7,9,2,4,3,4,0,0,1.62,3.6,6,1.6,3.5,5.25,1.6,3.6,5,1.62,4,5.5,1.59,4.28,6.13,1.62,3.8,5.5,1.62,4.2,5.75,45,1.63,1.57,4.28,3.91,6.13,5.69,42,1.87,1.8,2.07,1.97,26,-0.75,1.78,1.73,2.21,2.13
E3,26/12/15,Plymouth,Yeovil,1,0,H,0,0,D,C Breakspear,15,6,9,0,10,15,4,1,2,3,0,0,1.85,3.6,4,1.8,3.4,4,1.75,3.4,4.3,1.85,3.5,4,1.86,3.8,4.36,1.83,3.4,4.5,1.91,3.8,4.2,49,1.91,1.83,3.8,3.52,4.55,4.18,44,2.05,1.97,1.88,1.8,24,-0.75,2.2,2.13,1.78,1.73
E3,28/12/15,Bristol Rvs,Leyton Orient,2,1,H,1,1,D,K Johnson,13,12,5,5,13,13,4,3,3,1,0,0,2.05,3.5,4,2.1,3.25,3.2,2,3.3,3.3,2,3.3,3.6,2.07,3.65,3.73,2.2,3.4,3.2,2.05,3.6,3.6,46,2.2,2.04,3.65,3.43,4,3.47,43,2.17,2.04,1.81,1.74,27,-0.25,1.81,1.77,2.14,2.08
E3,28/12/15,Cambridge,Barnet,2,1,H,0,0,D,D Webb,7,15,3,4,11,8,6,7,0,2,0,0,2.1,3.75,3.5,2.05,3.25,3.25,2,3.3,3.3,2.1,3.5,3.3,2.18,3.71,3.37,2.05,3.6,3.4,2.1,3.8,3.3,48,2.18,2.08,3.8,3.5,3.5,3.3,37,1.85,1.78,2.1,1.98,26,-0.5,2.18,2.09,1.82,1.76
E3,28/12/15,Exeter,AFC Wimbledon,0,2,A,0,2,A,L Swabey,16,10,4,5,11,13,7,1,2,1,0,0,2.9,3.6,2.5,2.65,3.1,2.5,2.65,3.2,2.45,2.75,3.3,2.5,2.87,3.47,2.58,2.8,3.3,2.5,2.7,3.6,2.55,48,2.9,2.73,3.6,3.28,2.6,2.5,43,2.05,1.95,1.91,1.82,27,0,2.05,1.97,1.91,1.84
E3,28/12/15,Mansfield,York,1,1,D,1,1,D,D Handley,17,8,7,2,17,13,7,1,2,1,0,0,1.73,3.8,5.5,1.67,3.6,4.5,1.65,3.5,4.6,1.67,3.6,5.25,1.69,3.9,5.6,1.75,3.6,4.75,1.7,3.9,5.2,48,1.75,1.67,3.9,3.66,5.6,5.06,43,2.05,1.95,1.91,1.83,26,-0.75,1.92,1.87,2.01,1.95
E3,28/12/15,Newport County,Plymouth,1,2,A,1,0,H,F Graham,12,14,8,8,6,7,4,8,0,4,0,0,3,3.4,2.5,3,3.2,2.2,2.6,3.2,2.5,2.8,3.2,2.5,2.98,3.39,2.54,2.9,3.4,2.38,2.8,3.4,2.55,48,3,2.83,3.4,3.25,2.62,2.45,43,2.17,2.07,1.8,1.73,27,0.25,1.77,1.71,2.25,2.16
E3,28/12/15,Northampton,Accrington,1,0,H,0,0,D,N Kinseley,5,18,1,4,13,8,3,9,2,3,0,0,2.55,3.6,2.8,2.25,3.3,2.8,2.4,3.2,2.7,2.5,3.4,2.62,2.58,3.63,2.76,2.38,3.4,2.9,2.55,3.6,2.7,48,2.6,2.45,3.63,3.42,2.9,2.71,43,1.88,1.81,2.1,1.96,25,-0.25,2.22,2.15,1.75,1.72
E3,28/12/15,Notts County,Morecambe,2,2,D,1,2,A,R Lewis,14,14,8,6,11,4,7,5,0,2,0,0,1.95,3.8,4,1.95,3.5,3.3,1.9,3.3,3.7,1.95,3.6,3.75,1.98,3.83,3.87,2,3.6,3.5,2,3.8,3.6,48,2.02,1.95,3.83,3.58,4,3.61,37,1.76,1.69,2.2,2.09,28,-0.5,2.01,1.95,1.94,1.87
E3,28/12/15,Portsmouth,Luton,0,0,D,0,0,D,G Ward,17,4,6,1,6,17,13,0,1,3,0,0,1.73,4,5,1.72,3.4,4.4,1.6,3.6,5,1.7,3.6,4.75,1.7,3.97,5.42,1.75,3.75,4.5,1.67,4,5.25,48,1.75,1.68,4,3.68,5.42,4.93,43,1.98,1.9,1.95,1.87,26,-0.5,1.72,1.68,2.3,2.2
E3,28/12/15,Stevenage,Dag and Red,1,3,A,1,3,A,O Langford,9,12,3,6,10,8,10,1,0,1,0,0,1.91,3.8,4.2,1.85,3.4,3.75,1.85,3.4,3.8,1.91,3.5,4,1.87,3.8,4.4,1.91,3.5,4,1.87,3.8,4.1,48,1.91,1.86,3.8,3.55,4.4,3.99,43,1.91,1.84,2.02,1.92,28,-0.5,1.91,1.86,2.05,1.97
E3,28/12/15,Wycombe,Crawley Town,2,0,H,1,0,H,D Drysdale,3,5,3,0,12,6,4,4,1,0,0,0,1.75,4,4.8,1.75,3.4,4.2,1.7,3.5,4.4,1.7,3.75,4.75,1.74,4.04,4.97,1.73,3.75,4.5,1.75,4,4.6,48,1.8,1.72,4.04,3.69,4.97,4.62,43,1.95,1.86,2,1.9,28,-0.5,1.77,1.72,2.23,2.15
E3,28/12/15,Yeovil,Oxford,0,0,D,0,0,D,S Martin,9,21,2,6,10,9,4,9,0,0,0,0,5,4,1.73,4.75,3.5,1.65,5,3.6,1.6,5.25,3.75,1.67,5.69,3.87,1.69,4.6,3.75,1.73,5.25,4,1.67,43,5.8,5.18,4,3.7,1.73,1.66,40,2.15,2,1.91,1.77,26,0.75,2.04,1.97,1.91,1.86
E3,02/01/16,Bristol Rvs,Luton,2,0,H,0,0,D,L Swabey,15,4,6,0,5,14,6,6,1,4,0,0,1.85,3.75,4.5,1.85,3.4,3.75,1.9,3.3,3.7,1.8,3.6,4.33,1.85,3.86,4.43,1.83,3.6,4.2,1.83,3.8,4.33,48,1.9,1.81,3.86,3.58,4.6,4.22,41,1.97,1.87,1.98,1.88,26,-0.5,1.85,1.81,2.08,2.01
E3,02/01/16,Cambridge,AFC Wimbledon,1,4,A,1,1,D,T Harrington,8,9,2,7,10,22,1,7,1,1,0,0,2.7,3.5,2.7,2.45,3.25,2.6,2.4,3.2,2.7,2.62,3.3,2.6,2.79,3.54,2.6,2.7,3.1,2.7,2.63,3.5,2.63,48,2.79,2.62,3.54,3.31,2.75,2.59,41,1.99,1.91,1.92,1.85,27,0,1.97,1.9,1.96,1.91
E3,02/01/16,Carlisle,Plymouth,0,2,A,0,1,A,S Stockbridge,10,10,4,5,12,11,4,1,2,1,0,0,2.8,3.5,2.63,2.55,3.25,2.5,2.7,3.2,2.4,2.62,3.4,2.62,2.74,3.56,2.64,2.8,3.3,2.5,2.7,3.5,2.6,48,2.8,2.66,3.56,3.32,2.64,2.55,43,1.93,1.86,1.99,1.91,27,0,1.99,1.94,1.93,1.87
E3,02/01/16,Exeter,Dag and Red,1,2,A,1,1,D,G Horwood,16,7,7,4,9,12,11,4,1,1,0,0,1.95,3.75,4,1.9,3.5,3.5,1.9,3.3,3.7,1.85,3.6,4,1.89,3.86,4.2,1.91,3.2,4.33,1.9,3.8,4,48,1.95,1.88,3.86,3.56,4.33,3.89,39,1.86,1.78,2.08,1.97,28,-0.5,1.92,1.87,2.03,1.96
E3,02/01/16,Mansfield,Accrington,2,3,A,1,1,D,S Duncan,12,12,5,8,12,12,4,4,3,4,0,0,2.88,3.4,2.6,2.55,3.2,2.55,2.5,3.2,2.6,2.7,3.25,2.6,2.7,3.35,2.7,2.62,3.2,2.7,2.8,3.4,2.55,48,2.88,2.71,3.4,3.22,2.7,2.56,43,2.19,2.08,1.79,1.71,27,0,2.05,1.97,1.92,1.84
E3,02/01/16,Northampton,Barnet,3,0,H,1,0,H,R Joyce,20,7,9,1,9,11,7,5,0,5,0,0,2.05,3.8,3.6,1.95,3.3,3.5,1.8,3.4,4,2,3.5,3.6,2.05,3.79,3.65,1.91,3.6,3.8,2,3.8,3.6,48,2.05,1.98,3.8,3.52,4,3.57,37,1.87,1.8,2.04,1.95,28,-0.5,2.04,1.97,1.91,1.86
E3,02/01/16,Notts County,Oxford,2,4,A,0,1,A,C Boyeson,10,31,4,14,9,14,2,14,3,0,0,0,3.8,3.6,2.05,3.4,3.3,2,3.3,3.3,2,3.5,3.5,2,3.68,3.64,2.09,3.6,3.4,2.05,3.6,3.6,2.05,44,3.9,3.54,3.64,3.44,2.09,2.01,41,1.95,1.88,1.97,1.89,28,0.5,1.87,1.82,2.09,2.01
E3,02/01/16,Portsmouth,Crawley Town,3,0,H,2,0,H,D Whitestone,13,6,6,3,5,8,7,1,1,1,0,0,1.5,4.5,7.5,1.45,4,6.25,1.45,3.9,6.5,1.44,4.2,7.5,1.45,4.64,8.25,1.5,4,7,1.45,4.6,7.5,48,1.5,1.44,4.64,4.28,8.25,7.12,37,1.86,1.79,2.05,1.96,28,-1,1.77,1.73,2.23,2.14
E3,02/01/16,Stevenage,Leyton Orient,2,2,D,0,0,D,D Deadman,11,10,5,6,5,8,8,3,1,1,0,0,3.2,3.6,2.3,2.85,3.25,2.25,2.7,3.2,2.4,3,3.4,2.25,3.24,3.66,2.26,3.1,3.3,2.3,3.1,3.6,2.3,48,3.24,3.03,3.66,3.39,2.4,2.25,43,1.91,1.81,2.06,1.95,25,0,2.35,2.21,1.75,1.67
E3,02/01/16,Wycombe,Morecambe,0,2,A,0,0,D,A Davies,1,4,0,3,14,11,4,4,1,2,1,0,1.83,4,4.33,1.78,3.5,4,1.8,3.4,4,1.8,3.6,4.33,1.82,3.97,4.48,1.8,3.6,4.33,1.83,3.9,4.2,48,1.84,1.79,4,3.67,4.48,4.19,35,1.89,1.81,2.01,1.95,28,-0.5,1.85,1.81,2.11,2.02
E3,02/01/16,Yeovil,York,1,0,H,1,0,H,J Linington,8,8,3,2,8,9,7,5,1,3,0,0,2.25,3.5,3.4,2.1,3.25,3.2,2.3,3.2,2.8,2.2,3.4,3.2,2.22,3.58,3.4,2.25,3.3,3.2,2.2,3.5,3.3,48,2.3,2.17,3.58,3.35,3.4,3.21,43,2.02,1.93,1.92,1.83,27,-0.25,1.93,1.88,2.01,1.95
E3,09/01/16,Barnet,Bristol Rvs,1,0,H,1,0,H,M Bull,3,18,2,5,14,13,2,3,0,1,1,0,3.75,3.5,2.1,3.6,3.25,1.95,3.1,3.3,2.1,3.8,3.5,1.95,3.86,3.66,2.03,3.4,3.4,2.1,3.6,3.6,2.05,45,3.86,3.57,3.66,3.45,2.1,2,41,2.02,1.91,1.92,1.85,24,0.25,2.14,2.08,1.82,1.76
E3,09/01/16,Crawley Town,Cambridge,1,0,H,1,0,H,L Swabey,10,7,4,1,10,13,6,1,1,2,0,0,3.25,3.4,2.38,2.7,3.2,2.4,2.6,3.2,2.5,3,3.3,2.38,3.06,3.43,2.45,2.9,3.4,2.38,3.1,3.4,2.38,45,3.25,2.93,3.43,3.28,2.5,2.36,41,2,1.91,1.95,1.86,22,0,2.23,2.17,1.76,1.7
E3,09/01/16,Mansfield,Stevenage,2,1,H,1,0,H,D Webb,15,17,10,6,12,10,7,4,1,0,0,0,1.95,3.75,4,1.87,3.4,3.75,2,3.3,3.3,1.91,3.5,4,1.96,3.74,4.07,1.95,3.3,4,1.95,3.7,3.9,45,2,1.91,3.75,3.48,4.07,3.85,41,2.08,2,1.86,1.77,26,-0.5,2,1.93,1.95,1.89
E3,12/01/16,Morecambe,Exeter,1,1,D,0,0,D,A Haines,7,9,4,5,12,13,7,5,1,0,0,0,2.55,3.6,2.8,2.3,3.25,2.8,2.2,3.2,3,2.4,3.4,2.7,2.56,3.62,2.79,2.5,3.4,2.75,2.5,3.75,2.7,48,2.56,2.45,3.75,3.41,3,2.72,42,1.76,1.7,2.2,2.09,24,0,1.9,1.83,2.04,1.99
E3,12/01/16,Plymouth,Northampton,1,2,A,0,1,A,K Stroud,10,8,2,4,9,19,9,5,2,5,0,0,2.38,3.4,3.2,2.3,3.25,2.8,2.4,3.2,2.7,2.3,3.3,3.1,2.34,3.54,3.17,2.38,3.3,3,2.38,3.5,3,48,2.4,2.32,3.54,3.31,3.2,2.97,43,2.08,2,1.85,1.77,27,-0.25,2.07,2,1.9,1.83
E3,16/01/16,AFC Wimbledon,Mansfield,3,1,H,0,1,A,F Graham,18,7,7,1,9,8,6,3,3,0,0,0,2.25,3.6,3.3,2.15,3.1,3.2,2.1,3.3,3.1,2.15,3.3,3.3,2.24,3.63,3.29,2.3,3.1,3.25,2.15,3.6,3.4,43,2.3,2.17,3.63,3.34,3.4,3.23,41,2.17,2.08,1.78,1.71,26,-0.25,1.92,1.86,2.03,1.96
E3,16/01/16,Barnet,Carlisle,0,0,D,0,0,D,S Martin,6,13,1,5,8,9,4,2,3,1,0,0,2.63,3.6,2.7,2.4,3.1,2.75,2.4,3.2,2.7,2.5,3.3,2.7,2.61,3.48,2.82,2.6,3.2,2.75,2.55,3.6,2.7,43,2.63,2.51,3.6,3.31,2.82,2.71,41,1.96,1.89,1.95,1.88,24,-0.25,2.22,2.16,1.75,1.7
E3,16/01/16,Crawley Town,Notts County,0,1,A,0,0,D,K Stroud,19,10,5,1,13,9,7,2,1,2,0,0,3.25,3.5,2.3,2.75,3.2,2.35,2.8,3.2,2.3,3.1,3.5,2.2,3.22,3.61,2.28,3,3.4,2.3,3.13,3.6,2.25,43,3.25,3.07,3.61,3.36,2.38,2.23,41,1.86,1.8,2.07,1.97,23,0.25,1.96,1.91,1.98,1.92
E3,16/01/16,Dag and Red,Northampton,1,2,A,0,0,D,I Williamson,9,7,3,4,15,11,6,9,1,1,0,0,4.2,3.75,1.91,3.8,3.4,1.85,3.3,3.3,2,4,3.5,1.85,4.12,3.74,1.94,4,3.4,1.91,4.1,3.75,1.9,43,4.33,3.97,3.75,3.51,2,1.88,41,2.02,1.94,1.9,1.83,26,0.5,2.01,1.95,1.92,1.87
E3,16/01/16,Hartlepool,Wycombe,1,0,H,1,0,H,M Brown,5,17,4,7,9,20,4,8,1,2,0,0,4,3.5,2.05,3.6,3.25,1.95,3.3,3.3,2,3.75,3.3,2.05,3.89,3.42,2.1,3.75,3.1,2.1,3.8,3.5,2.05,43,4,3.72,3.5,3.27,2.1,2.02,41,2.26,2.14,1.75,1.67,22,0.25,2.16,2.08,1.82,1.76
E3,16/01/16,Leyton Orient,Exeter,1,3,A,1,3,A,K Hill,19,9,6,6,7,13,2,3,2,3,0,0,1.91,3.75,4.33,1.78,3.5,4,1.75,3.4,4.3,1.85,3.6,4.2,1.87,3.83,4.36,1.8,3.5,4.5,1.87,3.8,4.1,43,1.91,1.84,3.83,3.51,4.5,4.14,41,1.95,1.89,1.96,1.88,26,-0.5,1.91,1.86,2.05,1.97
E3,16/01/16,Luton,Cambridge,0,0,D,0,0,D,A Madley,9,8,2,1,12,8,7,6,5,1,0,0,2.7,3.4,2.75,2.4,3.1,2.75,2.4,3.2,2.7,2.4,3.3,2.8,2.52,3.52,2.91,2.5,3.1,2.9,2.5,3.5,2.8,43,2.7,2.47,3.52,3.28,2.91,2.77,41,2.01,1.94,1.94,1.82,20,-0.25,2.18,2.11,1.78,1.73
E3,16/01/16,Morecambe,Yeovil,2,1,H,0,0,D,S Duncan,20,16,7,6,7,13,6,12,3,2,0,0,2.1,3.5,3.75,1.95,3.3,3.5,2,3.3,3.3,2.05,3.3,3.6,2.11,3.51,3.77,2,3.3,3.75,2.1,3.5,3.6,42,2.12,2.04,3.51,3.34,3.77,3.54,40,2.12,2.02,1.83,1.75,25,-0.5,2.13,2.06,1.83,1.78
E3,16/01/16,Plymouth,Stevenage,3,2,H,3,1,H,J Linington,19,10,10,4,9,11,8,6,0,2,0,0,1.85,3.75,4.5,1.75,3.4,4.25,1.85,3.4,3.8,1.85,3.5,4.2,1.87,3.8,4.39,1.85,3.3,4.5,1.87,3.8,4.1,43,1.9,1.83,3.8,3.52,4.6,4.18,41,2.02,1.96,1.94,1.81,23,-0.75,2.2,2.13,1.79,1.72
E3,16/01/16,York,Newport County,0,1,A,0,1,A,D England,13,8,3,3,9,13,9,1,0,2,0,0,3,3.4,2.5,2.45,3.25,2.6,2.5,3.2,2.6,2.75,3.3,2.5,2.87,3.49,2.56,2.62,3.25,2.62,2.8,3.4,2.55,43,3,2.73,3.49,3.26,2.65,2.51,41,2.09,2,1.85,1.77,25,0,2.08,2,1.87,1.81
E3,17/01/16,Oxford,Bristol Rvs,1,2,A,0,0,D,N Kinseley,16,9,4,4,6,11,14,3,2,1,0,0,2.3,3.3,3.5,2.2,3.2,3,,,,2.15,3.25,3.4,,,,2.2,3.2,3.4,2.25,3.4,3.3,29,2.3,2.16,3.4,3.28,3.5,3.33,21,2.25,2.15,1.73,1.65,9,-0.25,1.94,1.86,2.02,1.96
E3,19/01/16,Accrington,Hartlepool,3,1,H,2,0,H,D Drysdale,19,7,7,3,9,12,8,4,0,2,0,0,1.65,4.2,5.5,1.62,3.6,5,1.6,3.6,5,1.6,4,5.5,1.61,4.28,5.9,1.67,4,5,1.62,4.2,5.5,47,1.67,1.6,4.28,3.94,5.9,5.33,43,1.83,1.77,2.11,2,27,-1,2.15,2.04,1.85,1.78
E3,23/01/16,Bristol Rvs,Plymouth,1,1,D,0,0,D,O Langford,11,14,6,2,4,11,8,11,1,1,0,0,2.1,3.5,3.8,2.05,3,3.6,2,3.3,3.3,2,3.3,3.8,2.06,3.55,3.87,2.1,3.3,3.6,2.05,3.5,3.75,45,2.1,2.01,3.55,3.3,3.87,3.67,35,2.25,2.13,1.73,1.67,25,-0.25,1.8,1.74,2.19,2.11
E3,23/01/16,Cambridge,Hartlepool,1,1,D,0,0,D,K Hill,12,7,6,5,10,10,5,7,1,2,0,0,1.8,3.75,5,1.78,3.4,4.1,1.75,3.4,4.3,1.8,3.6,4.33,1.83,3.88,4.53,1.83,3.4,4.5,1.83,3.8,4.3,45,1.83,1.79,3.88,3.55,5,4.34,39,2.05,1.97,1.89,1.79,24,-0.5,1.85,1.79,2.11,2.05
E3,23/01/16,Carlisle,York,1,1,D,1,0,H,A Haines,17,6,4,2,8,12,3,5,1,3,0,0,1.65,4.2,5.5,1.57,3.8,5,1.55,3.7,5.4,1.67,3.8,5,1.68,4.19,5.29,1.67,3.8,5,1.73,4,4.8,45,1.73,1.63,4.2,3.86,5.5,5.05,39,1.91,1.83,2.03,1.93,23,-0.75,1.86,1.82,2.07,2.01
E3,23/01/16,Exeter,Accrington,2,1,H,1,1,D,L Collins,12,13,6,3,12,7,4,5,3,3,0,0,3.4,3.6,2.2,3,3.2,2.2,2.8,3.2,2.3,2.7,3.5,2.3,3.3,3.74,2.2,3.2,3.2,2.3,3.2,3.7,2.2,45,3.4,3.09,3.74,3.39,2.38,2.21,39,1.97,1.9,1.96,1.87,21,0,2.39,2.28,1.7,1.63
E3,23/01/16,Mansfield,Luton,0,2,A,0,1,A,B Toner,12,7,4,5,8,10,1,5,1,2,0,0,2.1,3.6,3.75,2.05,3.25,3.3,2.1,3.3,3.1,2,3.4,3.6,2.13,3.59,3.61,2.15,3.3,3.4,2.05,3.6,3.6,45,2.15,2.05,3.6,3.38,3.75,3.47,39,2.11,2.02,1.83,1.75,24,-0.25,1.85,1.78,2.13,2.07
E3,23/01/16,Newport County,Dag and Red,2,2,D,0,2,A,D Deadman,18,7,8,3,7,11,15,1,1,1,0,0,2.05,3.5,4,1.87,3.4,3.7,1.9,3.3,3.7,1.95,3.4,3.75,2,3.71,3.9,2.05,3.3,3.75,2.05,3.4,3.8,45,2.05,1.97,3.71,3.42,4,3.68,39,2.05,1.96,1.92,1.81,24,-0.5,2.04,1.98,1.92,1.85
E3,23/01/16,Northampton,Morecambe,3,1,H,2,0,H,G Ward,13,9,7,4,6,15,7,2,2,4,0,0,1.8,4,4.5,1.7,3.6,4.25,1.7,3.5,4.4,1.75,3.75,4.33,1.83,3.95,4.45,1.8,3.6,4.5,1.8,4,4.4,45,1.83,1.76,4,3.68,4.6,4.34,33,1.83,1.77,2.07,1.98,20,-0.75,2.07,2,1.9,1.83
E3,23/01/16,Notts County,AFC Wimbledon,0,2,A,0,1,A,S Stockbridge,11,18,2,11,7,13,3,11,1,1,0,0,2.63,3.6,2.7,2.45,3.2,2.65,2.6,3,2.6,2.6,3.4,2.62,2.76,3.57,2.62,2.5,3.5,2.7,2.63,3.6,2.63,45,2.76,2.6,3.6,3.32,2.75,2.6,39,1.92,1.86,1.99,1.91,23,0,1.99,1.92,1.95,1.89
E3,23/01/16,Portsmouth,Oxford,0,1,A,0,0,D,N Swarbrick,6,9,2,3,16,10,7,4,0,1,0,0,2.3,3.6,3.2,2.2,3.2,3,2.1,3.3,3.1,2.15,3.3,3.4,2.21,3.57,3.4,2.25,3.3,3.2,2.2,3.5,3.3,40,2.3,2.17,3.6,3.33,3.4,3.21,32,2.16,2.08,1.77,1.7,24,-0.25,1.95,1.9,2.01,1.93
E3,23/01/16,Stevenage,Barnet,0,0,D,0,0,D,I Williamson,6,2,2,1,12,21,5,1,3,2,0,0,2.4,3.6,3,2.4,3.2,2.7,2.5,3.2,2.6,2.38,3.5,2.88,2.49,3.74,2.81,2.5,3.2,2.9,2.38,3.7,2.88,45,2.6,2.4,3.74,3.39,3,2.79,39,1.91,1.78,2.11,1.98,23,0,1.8,1.76,2.15,2.08
E3,23/01/16,Wycombe,Leyton Orient,0,2,A,0,0,D,D Bond,6,6,0,2,12,11,2,3,1,1,0,0,2.63,3.5,2.75,2.4,3.1,2.75,2.5,3.2,2.6,2.5,3.3,2.75,2.68,3.5,2.73,2.5,3.2,2.9,2.55,3.5,2.75,45,2.68,2.51,3.5,3.28,3,2.71,39,2.05,1.96,1.9,1.8,22,-0.25,2.31,2.19,1.74,1.69
E3,23/01/16,Yeovil,Crawley Town,2,1,H,0,0,D,S Attwell,7,5,5,3,8,14,8,3,2,3,0,0,2.63,3.5,2.8,2.4,3.1,2.75,2.3,3.2,2.8,2.5,3.3,2.75,2.59,3.51,2.82,2.5,3.2,2.9,2.5,3.5,2.8,45,2.63,2.48,3.51,3.27,2.9,2.75,39,2.17,2.04,1.81,1.74,21,0,1.84,1.79,2.1,2.01
E3,26/01/16,Leyton Orient,Newport County,1,0,H,0,0,D,A Davies,7,7,2,1,8,14,3,2,3,3,0,0,1.8,3.9,4.75,1.75,3.5,4.2,1.7,3.5,4.4,1.73,3.8,4.75,1.77,4.02,4.74,1.75,3.75,4.5,1.8,3.75,4.75,48,1.8,1.75,4.02,3.67,4.8,4.49,41,1.9,1.82,2.05,1.94,25,-0.5,1.8,1.73,2.21,2.13
E3,26/01/16,Morecambe,Mansfield,1,2,A,0,0,D,N Miller,6,9,4,4,3,7,1,7,0,0,0,0,3,3.5,2.45,2.75,3.25,2.35,2.6,3.2,2.5,2.9,3.3,2.3,3.04,3.51,2.44,3,3.2,2.4,2.9,3.5,2.45,48,3.05,2.92,3.51,3.31,2.5,2.36,41,2,1.91,1.95,1.86,25,0,2.23,2.13,1.8,1.71
E3,30/01/16,Accrington,Bristol Rvs,1,0,H,0,0,D,M Haywood,17,6,7,2,8,6,5,4,0,0,0,0,2.7,3.4,2.75,2.4,3.4,2.55,2.7,3.2,2.4,2.5,3.3,2.75,2.57,3.6,2.79,2.7,3.1,2.7,2.5,3.6,2.75,47,2.7,2.54,3.6,3.3,2.83,2.67,39,2.05,1.93,1.95,1.83,26,0,1.93,1.84,2.07,1.97
E3,30/01/16,AFC Wimbledon,Yeovil,2,3,A,2,2,D,D England,13,5,3,5,18,4,5,4,2,0,0,0,1.7,4,5.25,1.6,3.6,5,1.65,3.5,4.6,1.62,3.75,5.5,1.65,4.02,5.83,1.67,3.6,5.5,1.65,4,5.4,47,1.7,1.63,4.02,3.7,6,5.33,40,2.09,2.01,1.83,1.76,24,-0.75,1.91,1.83,2.08,2
E3,30/01/16,Crawley Town,Mansfield,0,1,A,0,0,D,G Horwood,10,12,3,9,12,12,9,13,1,0,0,1,3.1,3.4,2.45,2.75,3.3,2.3,2.8,3.2,2.3,3,3.25,2.4,3.11,3.37,2.45,2.9,3.2,2.5,2.9,3.4,2.5,47,3.11,2.93,3.5,3.23,2.5,2.38,40,2.18,2.08,1.77,1.71,22,0,2.2,2.11,1.8,1.72
E3,30/01/16,Hartlepool,Exeter,0,2,A,0,1,A,D Handley,10,9,3,3,5,5,11,4,1,0,0,0,3.4,3.5,2.25,2.95,3.3,2.2,2.8,3.2,2.3,3.25,3.4,2.15,3.29,3.55,2.27,3.2,3.3,2.25,3.3,3.5,2.2,47,3.4,3.18,3.55,3.34,2.3,2.19,39,2,1.92,1.91,1.84,22,0.25,1.99,1.93,1.97,1.89
E3,30/01/16,Leyton Orient,Cambridge,1,3,A,0,1,A,M Bull,9,10,2,4,15,8,8,5,1,2,0,0,2.1,3.75,3.5,1.91,3.5,3.4,1.9,3.3,3.7,2.05,3.4,3.4,2.07,3.76,3.6,2,3.5,3.6,2.05,3.75,3.5,47,2.1,2.03,3.76,3.49,3.7,3.43,33,1.89,1.81,2.01,1.93,24,-0.25,1.83,1.78,2.13,2.06
E3,30/01/16,Luton,Notts County,0,2,A,0,0,D,K Hill,14,9,6,5,10,11,8,3,2,1,0,0,2.4,3.6,3,2.3,3.3,2.75,2.3,3.2,2.8,2.3,3.5,2.9,2.38,3.7,2.99,2.3,3.2,3.2,2.38,3.7,2.88,47,2.4,2.32,3.7,3.42,3.2,2.87,33,1.83,1.74,2.13,2,24,-0.25,2.08,2.02,1.86,1.81
E3,30/01/16,Morecambe,Newport County,1,2,A,0,1,A,M Brown,13,10,4,5,13,13,2,4,2,1,0,0,2.7,3.4,2.75,2.55,3.3,2.45,2.3,3.2,2.8,2.6,3.3,2.62,2.65,3.54,2.73,2.5,3.3,2.8,2.6,3.5,2.7,47,2.7,2.55,3.54,3.32,2.8,2.64,37,1.99,1.88,1.96,1.87,23,0,1.94,1.87,2.02,1.94
E3,30/01/16,Plymouth,Wycombe,0,1,A,0,1,A,P Gibbs,12,8,6,4,11,16,8,1,2,2,0,0,2.25,3.5,3.4,2.1,3.4,3,2.2,3.2,3,2.15,3.25,3.4,2.25,3.45,3.44,2.2,3.3,3.3,2.2,3.5,3.3,47,2.28,2.18,3.5,3.3,3.44,3.23,38,2.23,2.11,1.76,1.69,20,-0.5,2.28,2.19,1.73,1.68
E3,30/01/16,York,Stevenage,2,1,H,1,0,H,J Simpson,5,7,4,4,12,9,2,7,0,1,0,0,2.88,3.5,2.55,2.65,3.25,2.4,2.7,3.2,2.4,2.88,3.25,2.4,2.95,3.39,2.55,3,3.2,2.4,2.88,3.6,2.4,47,3,2.82,3.6,3.29,2.6,2.42,33,2.02,1.87,2,1.87,26,0,2.17,2.06,1.85,1.77
E3,02/02/16,Luton,Yeovil,1,1,D,0,0,D,N Miller,16,6,3,5,15,9,6,1,1,1,0,0,2.05,3.5,4,1.85,3.3,3.9,1.8,3.4,4,2,3.4,3.6,2.01,3.58,3.91,1.95,3.4,4,2,3.5,3.9,47,2.07,1.97,3.58,3.36,4,3.8,40,2.11,1.99,1.86,1.77,26,-0.5,2.03,1.97,1.92,1.86
E3,02/02/16,Morecambe,Portsmouth,1,1,D,0,1,A,R Clark,11,8,5,2,8,11,1,7,2,1,0,0,5.25,3.8,1.75,4.75,3.4,1.67,4,3.4,1.8,5,3.6,1.7,5.26,3.91,1.72,5,3.3,1.8,4.8,3.9,1.7,47,5.26,4.83,3.91,3.6,1.8,1.71,42,2.04,1.94,1.9,1.83,26,0.75,1.98,1.91,1.98,1.92
E3,06/02/16,Cambridge,Dag and Red,1,0,H,0,0,D,C Boyeson,11,5,3,0,11,14,8,3,0,1,0,0,1.91,3.75,4.33,1.75,3.5,4.1,1.85,3.4,3.8,1.85,3.6,4,1.88,3.8,4.33,1.83,3.6,4.2,1.85,3.8,4.2,45,1.91,1.83,3.8,3.56,4.5,4.11,38,1.92,1.86,1.99,1.89,23,-0.5,1.87,1.83,2.07,2.01
E3,06/02/16,Carlisle,Accrington,2,0,H,2,0,H,G Eltringham,8,9,5,2,17,14,2,4,1,2,0,0,3,3.6,2.4,2.8,3.2,2.35,2.7,3.2,2.4,2.9,3.4,2.3,3.2,3.57,2.31,3.1,3.1,2.4,3.1,3.6,2.3,45,3.2,2.97,3.6,3.37,2.4,2.29,38,1.88,1.81,2.06,1.95,23,0,2.32,2.19,1.75,1.68
E3,06/02/16,Mansfield,Morecambe,2,1,H,2,1,H,M Heywood,8,6,4,4,13,7,4,6,1,1,0,0,1.85,3.8,4.5,1.75,3.5,4.1,1.8,3.4,4,1.83,3.6,4.2,1.88,3.79,4.35,1.83,3.6,4.2,1.87,3.8,4.1,45,1.91,1.83,3.8,3.55,4.5,4.11,38,1.97,1.89,1.98,1.86,23,-0.5,1.91,1.86,2.04,1.97
E3,06/02/16,Northampton,York,2,0,H,1,0,H,B Malone,10,14,2,1,10,10,8,7,2,2,0,1,1.53,4.33,7,1.4,4.2,7,1.5,3.8,5.7,1.48,4.2,6.5,1.52,4.55,6.8,1.5,4,7,1.5,4.5,6.5,45,1.53,1.48,4.55,4.19,7.07,6.44,35,1.91,1.82,2.05,1.92,26,-1,1.85,1.8,2.11,2.02
E3,06/02/16,Portsmouth,Leyton Orient,0,1,A,0,0,D,G Salisbury,10,9,3,2,8,9,6,4,1,1,0,0,1.95,3.6,4.33,1.9,3.4,3.6,1.9,3.3,3.7,1.85,3.4,4,1.92,3.7,4.3,1.91,3.5,4,1.91,3.7,4.1,45,2,1.89,3.7,3.46,4.33,3.98,37,2.06,1.95,1.88,1.8,23,-0.5,1.93,1.89,2.01,1.94
E3,06/02/16,Stevenage,Crawley Town,0,1,A,0,1,A,G Ward,11,4,3,2,14,18,16,1,2,1,0,0,2.2,3.6,3.4,2.15,3.2,3.1,2,3.3,3.3,2.15,3.4,3.3,2.22,3.66,3.3,2.25,3.2,3.3,2.15,3.6,3.3,45,2.25,2.15,3.66,3.39,3.4,3.24,38,1.98,1.9,1.95,1.86,23,-0.25,1.94,1.86,2.02,1.96
E3,06/02/16,Wycombe,Luton,0,1,A,0,1,A,S Stockbridge,6,7,1,4,18,11,3,6,2,4,0,0,2.15,3.5,3.6,2,3.2,3.5,2,3.3,3.3,2.15,3.3,3.4,2.19,3.51,3.53,2.1,3.4,3.4,2.15,3.3,3.6,45,2.19,2.1,3.51,3.3,3.6,3.44,37,2.23,2.13,1.73,1.67,23,-0.25,1.89,1.83,2.06,2.01
E3,09/02/16,Dag and Red,Wycombe,1,2,A,0,1,A,K Stroud,10,7,5,2,15,17,7,4,2,1,1,1,4,3.5,2.05,3.6,3.1,2,3.7,3.3,1.9,3.8,3.3,2,4.06,3.45,2.04,4,3.25,2,3.9,3.5,2,46,4.06,3.83,3.5,3.29,2.07,1.99,37,2.31,2.19,1.73,1.63,26,0.5,1.9,1.85,2.04,1.98
E3,09/02/16,Hartlepool,Stevenage,1,2,A,0,1,A,B Toner,7,9,3,7,7,15,5,3,2,4,0,0,2.4,3.5,3.1,2.4,3.1,2.75,2.4,3.2,2.7,2.4,3.3,2.9,2.39,3.47,3.13,2.5,3.3,2.8,2.4,3.5,3,46,2.5,2.38,3.5,3.29,3.13,2.89,39,2.02,1.92,1.91,1.84,26,0,1.77,1.73,2.23,2.11
E3,09/02/16,Oxford,Mansfield,2,2,D,1,1,D,J Linington,11,10,3,4,9,13,4,7,0,2,0,0,1.55,4,7,1.55,3.5,5.75,1.65,3.5,4.6,1.6,3.8,6,1.6,3.97,6.65,1.55,3.8,6.5,1.6,4,6.25,42,1.63,1.56,4,3.75,7,6.13,37,2.22,2.08,1.77,1.71,29,-1,2.07,2.01,1.87,1.81
E3,13/02/16,Accrington,Crawley Town,4,1,H,0,1,A,A Haines,20,4,11,2,11,6,6,4,2,1,1,1,1.6,4.2,6,1.57,3.6,5.5,1.55,3.7,5.4,1.55,4,6,1.61,4.24,5.98,1.62,3.75,5.5,1.57,4.2,6,43,1.62,1.56,4.24,3.92,6.3,5.8,36,1.92,1.85,2.02,1.91,26,-0.75,1.76,1.71,2.25,2.16
E3,13/02/16,AFC Wimbledon,Luton,4,1,H,2,0,H,C Sarginson,16,15,7,6,10,4,12,3,0,2,0,0,2.05,3.6,3.8,1.95,3.2,3.6,1.9,3.3,3.7,2,3.4,3.6,2.08,3.63,3.72,2.1,3.2,3.75,2.05,3.6,3.6,43,2.1,2.02,3.63,3.39,3.9,3.61,38,2.06,1.97,1.92,1.8,26,-0.5,2.07,2.01,1.87,1.82
E3,13/02/16,Dag and Red,Barnet,0,2,A,0,1,A,S Attwell,17,17,4,7,11,15,4,4,2,1,0,0,3,3.3,2.55,2.6,3.1,2.55,2.7,3.2,2.4,2.8,3.3,2.4,2.9,3.45,2.56,2.9,3.2,2.5,2.9,3.4,2.5,44,3,2.82,3.45,3.25,2.6,2.46,37,2.05,1.97,1.86,1.81,26,0,2.12,2.05,1.83,1.78
E3,13/02/16,Hartlepool,Yeovil,2,1,H,0,0,D,K Wright,10,12,5,2,7,15,5,4,2,2,0,1,2.75,3.4,2.7,2.35,3.2,2.8,2.5,3.2,2.6,2.5,3.25,2.75,2.76,3.33,2.76,2.7,3.1,2.7,2.7,3.4,2.7,43,2.8,2.65,3.4,3.21,2.8,2.64,37,2.28,2.12,1.75,1.69,23,0,1.96,1.91,1.96,1.9
E3,13/02/16,Leyton Orient,Northampton,0,4,A,0,0,D,P Tierney,4,7,2,4,7,10,3,2,1,1,0,0,2.5,3.4,3,2.25,3.2,2.9,2.3,3.2,2.8,2.4,3.3,2.9,2.47,3.47,3.02,2.5,3.2,2.9,2.4,3.4,3,43,2.5,2.37,3.47,3.26,3.1,2.94,37,2.13,2,1.84,1.77,26,-0.25,2.11,2.04,1.84,1.8
E3,13/02/16,Morecambe,Oxford,2,4,A,1,1,D,P Bankes,11,19,7,9,10,15,3,7,2,2,1,0,4.75,3.8,1.8,4.2,3.4,1.75,4,3.4,1.8,4.5,3.6,1.75,4.95,3.91,1.76,4.5,3.5,1.8,4.4,3.9,1.8,39,4.95,4.54,3.91,3.63,1.83,1.75,35,2.01,1.92,1.95,1.84,24,0.5,2.19,2.08,1.83,1.78
E3,13/02/16,Newport County,Carlisle,1,0,H,0,0,D,L Collins,10,7,4,1,10,14,10,1,3,1,0,1,2.7,3.4,2.75,2.45,3.1,2.7,2.5,3.2,2.6,2.6,3.4,2.62,2.67,3.55,2.72,2.62,3.2,2.75,2.6,3.5,2.7,44,2.7,2.57,3.55,3.31,2.75,2.66,37,1.95,1.87,2,1.89,26,0,1.95,1.87,2.02,1.94
E3,13/02/16,Plymouth,Mansfield,3,0,H,2,0,H,B Malone,23,9,12,0,11,12,9,5,2,1,0,0,2.2,3.4,3.6,2,3.1,3.6,2.1,3.3,3.1,2.15,3.25,3.5,2.2,3.38,3.63,2.2,3.3,3.3,2.15,3.4,3.5,44,2.21,2.13,3.4,3.25,3.67,3.45,35,2.31,2.2,1.7,1.64,24,-0.5,2.21,2.14,1.79,1.73
E3,13/02/16,Portsmouth,Bristol Rvs,3,1,H,2,0,H,T Kettle,19,6,12,2,9,13,9,0,0,4,0,0,2.05,3.5,4,2,3.4,3.25,2,3.3,3.3,2,3.3,3.75,2.07,3.5,3.91,2.05,3.3,3.75,2,3.5,3.9,44,2.1,2.01,3.5,3.32,4,3.73,37,2.2,2.12,1.76,1.68,26,-0.5,2.07,1.99,1.9,1.84
E3,13/02/16,Stevenage,Cambridge,2,0,H,1,0,H,C Kavanagh,12,6,6,3,16,10,9,2,5,2,0,0,2.8,3.5,2.6,2.5,3.2,2.55,2.6,3.2,2.5,2.75,3.3,2.5,2.83,3.59,2.55,2.75,3.2,2.6,2.8,3.5,2.5,44,2.83,2.73,3.59,3.3,2.6,2.5,37,2,1.92,1.94,1.85,26,0,2.07,1.99,1.88,1.83
E3,13/02/16,Wycombe,Exeter,1,0,H,0,0,D,D Webb,7,7,4,3,13,10,6,9,0,1,0,0,2.38,3.3,3.3,2.05,3.25,3.25,2.3,3.2,2.8,2.3,3.3,3.1,2.3,3.45,3.32,2.3,3.2,3.2,2.3,3.4,3.2,44,2.4,2.26,3.45,3.25,3.32,3.14,38,2.13,2.04,1.8,1.74,26,-0.25,2.02,1.96,1.94,1.87
E3,13/02/16,York,Notts County,2,1,H,2,0,H,M Heywood,9,16,4,4,9,17,2,18,1,3,0,0,3.4,3.6,2.2,3.2,3.2,2.1,3,3.2,2.2,3.25,3.4,2.15,3.36,3.63,2.21,3.3,3.3,2.2,3.25,3.6,2.2,44,3.4,3.22,3.63,3.4,2.25,2.16,37,1.92,1.85,2,1.92,26,0.25,2,1.94,1.95,1.89
E3,16/02/16,Accrington,Carlisle,1,1,D,0,1,A,J Simpson,11,6,5,4,13,9,4,1,2,2,1,1,1.95,3.75,4,1.83,3.4,3.8,1.85,3.4,3.8,1.95,3.6,3.6,2.02,3.76,3.79,2,3.5,3.6,2,3.75,3.7,46,2.03,1.94,3.76,3.54,4,3.73,39,1.82,1.75,2.13,2.03,27,-0.5,2.02,1.96,1.94,1.87
E3,16/02/16,Hartlepool,Notts County,2,3,A,0,2,A,D Webb,12,11,4,4,3,6,7,3,0,0,0,0,3.1,3.5,2.4,2.75,3.3,2.3,2.7,3.2,2.4,3,3.4,2.3,3.07,3.6,2.37,3,3.3,2.38,3.1,3.6,2.3,46,3.1,2.98,3.6,3.37,2.4,2.3,40,1.91,1.83,2.02,1.93,27,0.25,1.91,1.85,2.05,1.98
E3,16/02/16,Oxford,Northampton,0,1,A,0,0,D,K Hill,7,11,1,4,16,12,7,7,3,4,0,0,2.38,3.4,3.2,2.1,3.4,3,2.1,3.3,3.1,2.4,3.1,3.1,2.41,3.35,3.21,2.3,3.3,3.1,2.38,3.4,3.1,42,2.41,2.3,3.43,3.26,3.25,3.07,37,2.09,1.99,1.85,1.78,26,-0.25,2.08,2.01,1.86,1.83
E3,16/02/16,York,Exeter,2,0,H,1,0,H,M Brown,7,10,3,4,8,13,4,4,0,0,0,0,3.5,3.5,2.2,2.95,3.25,2.2,3,3.2,2.2,3.25,3.4,2.15,3.42,3.57,2.21,3.4,3.25,2.2,3.4,3.5,2.15,46,3.5,3.28,3.57,3.34,2.24,2.16,39,2.01,1.93,1.91,1.84,27,0.25,2.05,1.97,1.95,1.87
E3,20/02/16,Barnet,AFC Wimbledon,1,2,A,0,0,D,L Collins,14,14,7,8,3,8,2,8,0,1,0,0,3.6,3.6,2.15,3.1,3.4,2.05,2.8,3.2,2.3,3.5,3.4,2.05,3.58,3.67,2.11,3.5,3.25,2.15,3.4,3.6,2.15,44,3.6,3.39,3.67,3.44,2.3,2.08,37,2.07,1.98,1.91,1.79,28,0.25,2.06,2,1.89,1.84
E3,20/02/16,Bristol Rvs,Morecambe,2,1,H,0,1,A,D England,9,4,3,4,7,12,8,5,1,0,0,1,1.7,4,5.5,1.6,3.7,5,1.6,3.6,5,1.67,3.8,5,1.73,4.1,4.91,1.7,3.6,5,1.67,4.1,5.2,44,1.74,1.67,4.1,3.84,5.5,4.86,37,1.95,1.87,2,1.9,28,-0.75,1.95,1.88,2.03,1.96
E3,20/02/16,Cambridge,York,3,1,H,2,1,H,N Kinseley,16,4,7,2,8,9,9,3,0,1,0,0,1.8,3.75,5,1.7,3.5,4.5,1.75,3.4,4.3,1.75,3.6,4.5,1.85,3.82,4.46,1.8,3.5,4.5,1.8,3.8,4.5,44,1.86,1.77,3.82,3.6,5,4.45,37,2.03,1.94,1.91,1.83,28,-0.75,2.09,2.01,1.88,1.83
E3,20/02/16,Carlisle,Stevenage,1,0,H,0,0,D,E Ilderton,9,13,2,2,6,10,5,5,1,1,0,0,2.2,3.6,3.4,2.1,3.25,3.2,2,3.3,3.3,2.1,3.5,3.3,2.11,3.85,3.44,2.1,3.4,3.4,2.1,3.8,3.3,44,2.2,2.09,3.85,3.53,3.44,3.26,31,1.84,1.76,2.1,1.99,26,-0.25,1.88,1.83,2.09,2.01
E3,20/02/16,Crawley Town,Plymouth,1,1,D,0,0,D,P Bankes,5,15,2,6,10,10,5,7,1,1,0,0,4.5,3.6,1.91,3.9,3.4,1.83,3.7,3.3,1.9,4.33,3.5,1.85,4.53,3.64,1.89,4.5,3.5,1.8,4.4,3.6,1.87,44,4.53,4.25,3.64,3.47,1.92,1.84,38,2.14,2.05,1.81,1.74,28,0.5,2.04,1.99,1.89,1.85
E3,20/02/16,Exeter,Newport County,1,1,D,0,0,D,M Heywood,10,14,2,4,9,9,4,4,1,2,0,0,2.25,3.5,3.4,1.95,3.4,3.4,2.1,3.3,3.1,2.15,3.4,3.3,2.25,3.58,3.32,2.15,3.2,3.2,2.2,3.5,3.3,44,2.25,2.16,3.58,3.37,3.4,3.23,37,2.07,1.98,1.9,1.79,26,-0.5,2.23,2.17,1.76,1.72
E3,20/02/16,Luton,Hartlepool,2,1,H,0,0,D,A Davies,9,8,3,4,11,11,5,5,2,2,0,0,1.8,3.75,5,1.72,3.4,4.5,1.75,3.4,4.3,1.75,3.6,4.75,1.79,3.83,4.89,1.8,3.5,4.5,1.75,3.8,4.75,44,1.81,1.75,3.83,3.58,5,4.62,37,2.04,1.93,1.91,1.84,28,-0.75,2.04,1.98,1.91,1.86
E3,20/02/16,Mansfield,Dag and Red,3,2,H,0,1,A,S Stockbridge,19,8,9,5,8,9,10,3,1,0,1,0,1.85,3.75,4.6,1.67,3.5,4.6,1.75,3.4,4.3,1.8,3.5,4.33,1.88,3.72,4.42,1.73,3.8,4.5,1.85,3.75,4.33,44,1.88,1.8,3.8,3.56,4.75,4.35,37,2.11,2.01,1.85,1.76,25,-0.75,2.16,2.09,1.81,1.76
E3,20/02/16,Northampton,Wycombe,1,0,H,0,0,D,G Salisbury,14,6,6,1,7,9,7,5,3,1,0,0,2.15,3.5,3.6,1.95,3.25,3.6,1.9,3.3,3.7,2.05,3.3,3.6,2.16,3.51,3.59,2.1,3.3,3.5,2.15,3.5,3.5,44,2.18,2.1,3.51,3.3,3.76,3.47,31,2.31,2.24,1.66,1.61,23,-0.25,1.87,1.83,2.06,2
E3,20/02/16,Notts County,Leyton Orient,0,1,A,0,0,D,A Woolmer,6,9,1,4,13,8,3,6,0,1,0,0,3.1,3.5,2.38,2.75,3.3,2.3,2.8,3.2,2.3,3,3.3,2.3,3.13,3.48,2.39,3.1,3.1,2.4,3.13,3.5,2.3,44,3.13,3,3.53,3.34,2.42,2.3,36,1.97,1.89,1.99,1.88,24,0,2.31,2.22,1.72,1.67
E3,20/02/16,Oxford,Accrington,1,2,A,1,0,H,L Swabey,5,11,2,8,12,9,6,3,1,0,0,1,2,3.75,3.8,1.9,3.25,3.75,1.9,3.3,3.7,1.95,3.4,3.8,2.04,3.73,3.74,2,3.2,4,1.95,3.7,3.8,38,2.05,1.96,3.75,3.5,4,3.69,34,2.06,1.97,1.88,1.8,27,-0.5,2.04,1.96,1.95,1.88
E3,20/02/16,Yeovil,Portsmouth,1,1,D,0,0,D,M Haywood,7,9,3,2,7,10,3,8,1,0,0,1,6,4,1.65,5,3.4,1.65,4.4,3.5,1.7,5.5,3.6,1.67,5.41,3.76,1.74,5.5,3.5,1.7,5,3.8,1.73,44,6,5.16,4,3.58,1.74,1.68,33,2.3,2.18,1.73,1.65,20,0.5,2.28,2.21,1.75,1.69
